paper_id,title,year,venue,source,query,doi,url,authors,abstract,topic,score_abstraction,score_physical,score_planning,score_world_model,hidden_assumptions,fixed_variables,failure_modes
doi:10.5821/dissertation-2117-449695,Learning methods in planning and control for autonomous vehicles and robotic manipulation,,,crossref,robotic manipulation planning latent dynamics,10.5821/dissertation-2117-449695,https://doi.org/10.5821/dissertation-2117-449695,Mohammad Sheikhsamad,"(English) This thesis deals with the application of machine learning (ML) and deep learning (DL) techniques to enhance planning and control tasks across different fields, particularly on autonomous vehicles and robotic hands. Specifically, it addresses the learning-based development of a robust trajectory-tracking controller for autonomous vehicles, an adaptive path planner for robotic hands enabling dexterous manipulation, and a human-in-the-loop controller for myoelectric robotic hands to ensure precise grasp force regulation. In the field of autonomous vehicles, the thesis develops a Takagi-Sugeno (TS) controller using the Adaptive Neuro-Fuzzy Inference System (ANFIS) as a learning-based approach to infer a control strategy from input-output data of an existing controller. The closed-loop stability of the system is analyzed using Lyapunov theory and Linear Matrix Inequalities (LMIs). The proposed controller eliminates the need for online optimization, significantly reduces computational cost, and enhances real-time performance. Its effectiveness is validated through simulations on a small-scale autonomous vehicle. In the field of robotic dexterous manipulation, the thesis introduces three learning-based path planners using ANFIS and Deep Neural Networks (DNNs) to learn heuristics from an analytical planner and self-tune their parameters based on prior experience. This approach enables robots to manipulate objects of varying shapes, sizes, and material properties. The proposed planners are validated through real-world experiments using an Allegro robotic hand, demonstrating robustness against sensor noise and environmental disturbances. In the field of robotic grasping, the thesis presents a myocontrolled human-in-the-loop (HITL) system for precise grasp strength regulation. The system integrates both DNN-based and fuzzy-based force controllers. The fuzzy-based controller leverages fuzzy logic, with parameter optimization guided by user preferences collected through a graphical user interface (GUI) using Global Learning of Input-Output Strategies from Pairwise Preferences (GLISp). These controllers are compared against heuristic model-based controllers, and the system is validated through real-world experiments using the AR10 robotic hand, showing enhanced adaptability and fine-grained force regulation capabilities. The findings of this research contribute to the advancement of intelligent planning and control systems across multiple application areas, paving the way for more efficient, adaptive, and stable automation in real-world scenarios. (Catal) Aquesta tesi tracta sobre l'aplicaci de tcniques d'aprenentatge automtic (ML) i aprenentatge profund (DL) per millorar les tasques de planificaci i control en diferents mbits, en vehicles autnoms i mans robtiques. En concret, aborda el desenvolupament, basat en aprenentatge, d'un controlador robust de seguiment de trajectries per a vehicles autnoms, un planificador de trajectries adaptatiu per a mans robtiques que permet la manipulaci destra, i un controlador amb l'hum en el llop per a mans robtiques mioelctriques que garanteix una regulaci precisa de la fora de prensi. En l'mbit dels vehicles autnoms, la tesi desenvolupa un controlador Takagi-Sugeno (TS) utilitzant el Sistema d'Inferncia Neuro-Difs Adaptatiu (ANFIS) com a enfocament basat en aprenentatge per inferir una estratgia de control a partir de les dades d'entrada-sortida d'un controlador ja existent. L'estabilitat en llac tancat del sistema s'analitza mitjanant la teoria de Lyapunov i les Desigualtats Matricials Lineals (LMIs). El controlador proposat elimina la necessitat d'optimitzaci en lnia, redueix significativament el cost computacional i millora el rendiment en temps real. La seva efectivitat es valida mitjanant simulacions l'un vehicle autnom a petita escala. En l'mbit de la manipulaci robtica destra, la tesi introdueix tres planificadors de trajectries basats en aprenentatge que utilitzen ANFIS i Xarxes Neuronals Profundes (DNNs) per aprendre heurstiques d'un planificador analtic i autoajustar els seus parmetres en funci de l'experincia prvia permet als robots manipular objectes de diferents formes, mides i propietats materials. Els planificadors proposats es validen mitjanant experiments en el mn real utilitzant una m robtica Allegro, demostrant robustesa davant del soroll dels sensors i les pertorbacions de l'entorn. En l'mbit de la prensi robtica, la tesi presenta un sistema mio-controlat amb l'hum en el llop (HITL) per a la regulaci precisa de la fora de pressi. El sistema integra tant controladors de fora basats en DNN com controladors basats en lgica difusa. El controlador difs utilitza lgica difusa, amb una optimitzaci de parmetres guiada per les preferncies de l'usuari recopilades a travs d'una interfcie grfica (GUI) mitjanant el mtode d'Aprenentatge Global d'Estratgies Entrada-Sortida a partir de Preferncies per Parelles (GLISp). Aquests controladors es comparen amb controladors heurstics basats en models, i el sistema es valida mitjanant experiments reals amb la m robtica AR10, mostrant una major adaptabilitat i capacitats de regulaci fine de la fora. Els resultats d'aquesta recerca contribueixen a l'aven dels sistemes intelligents de planificaci i control en mltiples rees d'aplicaci, obrint el cam cap a una automatitzaci ms eficient, adaptativa i estable en escenaris del mn real. (Espaol) Este trabajo de tesis trata sobre la aplicacin de tcnicas de aprendizaje automtico (ML) y aprendizaje profundo (DL) para mejorar las tareas de planificacin y control en distintos mbitos, particularmente en vehculos autnomos y manos robticas. En particular, aborda el desarrollo, basado en aprendizaje, de un controlador robusto de seguimiento de trayectorias para vehculos autnomos, un planificador de trayectorias adaptativo para manos robticas que permite manipulacin diestra, y un controlador con el humano en el bucle para manos robticas mioelctricas que garantiza una regulacin precisa de la fuerza de prensin. En el mbito de los vehculos autnomos, la tesis desarrolla un controlador Takagi-Sugeno (TS) utilizando el Sistema de Inferencia Neuro-Difuso Adaptativo (ANFIS) como un enfoque basado en aprendizaje para inferir una estrategia de control a partir de los datos de entrada-salida de un controlador ya existente. La estabilidad en lazo cerrado del sistema se analiza mediante la teora de Lyapunov y Desigualdades Matriciales Lineales (LMIs). El controlador propuesto elimina la necesidad de optimizacin en lnea, reduce significativamente el coste computacional y mejora el rendimiento en tiempo real. Su efectividad se valida a travs de simulaciones de un vehculo autnomo a pequea escala. En el mbito de la manipulacin robtica diestra, la tesis introduce tres planificadores de trayectorias basados en aprendizaje que emplean ANFIS y Redes Neuronales Profundas (DNNs) para aprender heursticas de un planificador analtico y autoajustar sus parmetros en funcin de la experiencia previa. Este enfoque permiten a los robots manipular objetos de distintas formas, tamaos y propiedades materiales. Los planificadores propuestos se validan mediante experimentos en el mundo real utilizando una mano robtica Allegro, demostrando robustez frente al ruido de sensores y perturbaciones del entorno. En el mbito de la prensin robtica, la tesis presenta un sistema mio-controlado con el humano en el bucle (HITL) para la regulacin precisa de la fuerza de prensin. El sistema integra tanto controladores de fuerza basados en DNN como controladores basados en lgica difusa. El controlador difuso emplea lgica difusa, con una optimizacin de parmetros guiada por las preferencias del usuario recopiladas a travs de una interfaz grfica (GUI) mediante el mtodo de Aprendizaje Global de Estrategias Entrada-Salida a partir de Preferencias por Pares (GLISp). Estos controladores se comparan con controladores heursticos basados en modelos, y el sistema se valida mediante experimentos reales con la mano robtica AR10, mostrando una mayor adaptabilidad y capacidades de regulacin fina de fuerza. Los resultados de esta investigacin contribuyen al avance de los sistemas inteligentes de planificacin y control en mltiples reas de aplicacin, allanando el camino hacia una automatizacin ms eficiente, adaptativa y estable en escenarios del mundo real.",planning,0,51,74,1,contact geometry; control actionability,not explicit,contact discontinuities; long-horizon compounding error
doi:10.5821/dissertation-2117-449629,Learning latent structures for robotic assistance in daily manipulation tasks,,,crossref,robotic manipulation planning latent dynamics,10.5821/dissertation-2117-449629,https://doi.org/10.5821/dissertation-2117-449629,Juan Antonio Delgado Guerrero,"(English) Robotic domestic assistance presents significant challenges due to the complexity of modeling everyday manipulation tasks, especially those involving deformable objects like cloth. Traditional approaches often struggle with high-dimensional state representations, dynamic uncertainties, and the need for safe human-robot interaction. This thesis addresses these challenges by developing novel machine learning methods based on latent variable models to enable efficient, adaptive, and safe robotic manipulation. First, we propose a Gaussian Process Latent Variable Model (GPLVM) framework combined with Bayesian Optimization (BO) to learn high-dimensional robot motion policies with minimal data. This approach reduces the parameter space dimensionality while preserving task-relevant features, achieving faster convergence than other existing model-free alternatives. Next, we extend this framework to contextual learning using Covariate GPLVM (c-GPLVM), allowing robots to adapt to environmental changes (e.g., user preferences, object positions) without retraining. Experiments in feeding and shoe-fitting tasks demonstrate improved generalization with fewer samples compared to state-of-the-art contextual policy search methods. For dynamic cloth manipulation, we introduce the Controlled Gaussian Process Dynamical Model (CGPDM), which embeds control actions into a low-dimensional latent space to predict cloth motion under robot manipulation. Evaluations in simulated and real-world bimanual cloth handling show that CGPDM accurately generalizes to unseen actions, even with limited training data. Finally, we address safety in human-robot interaction by proposing Cartesian control enhancements for redundant manipulators, including error saturation, singularity avoidance, and impedance tuning. These measures mitigate risks during physical interaction, ensuring stable and compliant robot behavior. Together, these contributions advance robotic cloth manipulation by combining data-efficient learning, context-aware adaptation, and safe control, paving the way for practical deployment in assistive and household robotics. (Catal) L'assistncia robtica en entorns domstics presenta reptes significatius a causa de la complexitat de modelar tasques de manipulaci quotidianes, especialment aquelles que impliquen objectes deformables com ara la roba. Els enfocaments tradicionals sovint tenen dificultats amb les representacions d'estat d'alta dimensionalitat, les incerteses dinmiques i la necessitat d'una interacci segura entre humans i robots. Aquesta tesi doctoral aborda aquests reptes mitjanant el desenvolupament de nous mtodes d'aprenentatge automtic basats en models de variables latents per permetre una manipulaci robtica eficient, adaptable i segura. En primer lloc, proposem un marc basat en Models de Variables Latents amb Processos Gaussians (GPLVM) combinat amb Optimitzaci Bayesiana (BO) per aprendre poltiques de moviment robtic d'alta dimensi amb la menor quantitat de dades possible. Aquest enfocament redueix la dimensionalitat de l'espai de parmetres preservant les caracterstiques rellevants per a la tasca, aconseguint una convergncia ms rpida que altres alternatives existents sense model. A continuaci, estenem aquest marc a l'aprenentatge contextual utilitzant GPLVM amb covariables (c-GPLVM), permetent als robots adaptar-se a canvis ambientals (com preferncies d'usuari o posicions d'objectes) sense necessitat de reentrenament. Els experiments en tasques d'alimentaci i calat demostren una millora en la generalitzaci amb menys mostres en comparaci amb els mtodes de referncia en cerca de poltiques contextuals. Per a la manipulaci dinmica de roba, introdum el Model Dinmic de Processos Gaussians Controlat (CGPDM), que incorpora accions de control en un espai latent de baixa dimensi per predir el moviment dels teixits sota la manipulaci robtica. Les avaluacions en simulaci i en entorns reals amb manipulaci bimanual mostren que el CGPDM generalitza amb precisi davant d'accions no vistes prviament, fins i tot amb dades d'entrenament limitades. Finalment, abordem la seguretat en la interacci hum-robot mitjanant millores en el control cartesi per a manipuladors redundants, incloent-hi la saturaci d'errors, l'evasi de singularitats i l'ajust d'impedncies. Aquestes mesures minimitzen el risc durant la interacci fsica, garantint un comportament robtic estable i flexible. En conjunt, aquestes contribucions impulsen l'aven en la manipulaci de roba mitjanant la combinaci d'aprenentatge eficient en termes de dades, adaptaci contextual i control segur, obrint el cam per a la seva implementaci prctica en robtica assistencial i domstica. (Espaol) La asistencia robtica en entornos domsticos presenta desafos significativos debido a la complejidad de modelar tareas de manipulacin cotidianas, especialmente aquellas que implican objetos deformables como la ropa. Los enfoques tradicionales suelen tener dificultades con las representaciones de estado de alta dimensionalidad, las incertidumbres dinmicas y la necesidad de una interaccin segura entre humanos y robots. Esta tesis doctoral aborda estos desafos mediante el desarrollo de nuevos mtodos de aprendizaje automtico basados en modelos de variables latentes para permitir una manipulacin robtica eficiente, adaptable y segura. En primer lugar, proponemos un marco basado en Modelos de Variables Latentes con Procesos Gaussianos (GPLVM) combinado con Optimizacin Bayesiana (BO) para aprender polticas de movimiento robtico de alta dimensin con la menor cantidad de datos posible. Este enfoque reduce la dimensionalidad del espacio de parmetros preservando las caractersticas relevantes para la tarea, logrando una convergencia ms rpida que otras alternativas existentes sin modelo. A continuacin, extendemos este marco al aprendizaje contextual utilizando GPLVM con covariables (c-GPLVM), permitiendo que los robots se adapten a cambios ambientales (como preferencias de usuario o posiciones de objetos) sin necesidad de reentrenamiento. Los experimentos en tareas de alimentacin y calzado demuestran una mejora en la generalizacin con menos muestras en comparacin con los mtodos de referencia de bsqueda de polticas contextuales. Para la manipulacin dinmica de ropa, introducimos el Modelo Dinmico de Procesos Gaussianos Controlado (CGPDM), que incorpora acciones de control en el espacio latente de baja dimensin para predecir el movimiento de los tejidos bajo la manipulacin robtica. Las evaluaciones en simulacin y en entornos reales con manipulacin bimanual muestran que el CGPDM generaliza con precisin ante acciones no vistas previamente, incluso con datos de entrenamiento limitados. Finalmente, abordamos la seguridad en la interaccin humano-robot mediante mejoras en el control cartesiano para manipuladores redundantes, incluyendo medidas como la saturacin de errores, la evasin de singularidades y el ajuste de impedancias. Estas medidas minimizan el riesgo durante la interaccin fsica, garantizando un comportamiento robtico estable y flexible. En su conjunto, estas contribuciones impulsan el avance en la manipulacin robtica de ropa mediante la combinacin de aprendizaje eficiente en trminos de datos, adaptacin contextual y control seguro, allanando el camino para su implementacin prctica en robtica asistencial y domstica.",physical,13,19,13,11,state variables; contact geometry; control actionability; dynamics fidelity,not explicit,contact discontinuities; aliasing / observability limits
doi:10.3389/frobt.2025.1737238,LG-H-PPO: offline hierarchical PPO for robot path planning on a latent graph,2026,Frontiers in Robotics and AI,crossref,latent state robot policy planning,10.3389/frobt.2025.1737238,https://doi.org/10.3389/frobt.2025.1737238,Xiang Han,"The path planning capability of autonomous robots in complex environments is crucial for their widespread application in the real world. However, long-term decision-making and sparse reward signals pose significant challenges to traditional reinforcement learning (RL) algorithms. Offline hierarchical reinforcement learning offers an effective approach by decomposing tasks into two stages: high-level subgoal generation and low-level subgoal attainment. Advanced Offline HRL methods, such as Guider and HIQL, typically introduce latent spaces in high-level policies to represent subgoals, thereby handling high-dimensional states and enhancing generalization. However, these approaches require the high-level policy to search and generate sub-objectives within a continuous latent space. This remains a complex and sample-inefficient challenge for policy optimization algorithms-particularly policy gradient-based PPO-often leading to unstable training and slow convergence. To address this core limitation, this paper proposes a novel offline hierarchical PPO framework-LG-H-PPO (Latent Graph-based Hierarchical PPO). The core innovation of LG-H-PPO lies in discretizing the continuous latent space into a structured ""latent graph."" By transforming high-level planning from challenging ""continuous creation"" to simple ""discrete selection,"" LG-H-PPO substantially reduces the learning difficulty for the high-level policy. Preliminary experiments on standard D4RL offline navigation benchmarks demonstrate that LG-H-PPO achieves significant advantages over advanced baselines like Guider and HIQL in both convergence speed and final task success rates. The main contribution of this paper is introducing graph structures into latent variable HRL planning. This effectively simplifies the action space for high-level policies, enhancing the training efficiency and stability of offline HRL algorithms for long-sequence navigation tasks. It lays the foundation for future offline HRL research combining latent variable representations with explicit graph planning.",planning,14,2,15,8,state variables; contact geometry; control actionability,dataset support; task decomposition,aliasing / observability limits; long-horizon compounding error
doi:10.3390/machines9040077,Research on Motion Planning Based on Flocking Control and Reinforcement Learning for Multi-Robot Systems,2021,Machines,crossref,offline robot learning planning control,10.3390/machines9040077,https://doi.org/10.3390/machines9040077,Minghui Wang; Bi Zeng; Qiujie Wang,"Robots have poor adaptive ability in terms of formation control and obstacle avoidance control in unknown complex environments. To address this problem, in this paper, we propose a new motion planning method based on flocking control and reinforcement learning. It uses flocking control to implement a multi-robot orderly motion. To avoid the trap of potential fields faced during flocking control, the flocking control is optimized, and the strategy of wall-following behavior control is designed. In this paper, reinforcement learning is adopted to implement the robotic behavioral decision and to enhance the analytical and predictive abilities of the robot during motion planning in an unknown environment. A visual simulation platform is developed in this paper, on which researchers can test algorithms for multi-robot motion control, such as obstacle avoidance control, formation control, path planning and reinforcement learning strategy. As shown by the simulation experiments, the motion planning method presented in this paper can enhance the abilities of multi-robot systems to self-learn and self-adapt under a fully unknown environment with complex obstacles.",planning,0,15,22,1,contact geometry; control actionability; dynamics fidelity,not explicit,long-horizon compounding error
doi:10.3390/robotics9040076,Kinematic-Model-Free Orientation Control for Robot Manipulation Using Locally Weighted Dual Quaternions,2020,Robotics,crossref,robot world model planning control manipulation,10.3390/robotics9040076,https://doi.org/10.3390/robotics9040076,Ahmad AlAttar; Petar Kormushev,"Conventional control of robotic manipulators requires prior knowledge of their kinematic structure. Model-learning controllers have the advantage of being able to control robots without requiring a complete kinematic model and work well in less structured environments. Our recently proposed Encoderless controller has shown promising ability to control a manipulator without requiring any prior kinematic model whatsoever. However, this controller is only limited to position control, leaving orientation control unsolved. The research presented in this paper extends the state-of-the-art kinematic-model-free controller to handle orientation control to manipulate a robotic arm without requiring any prior model of the robot or any joint angle information during control. This paper presents a novel method to simultaneously control the position and orientation of a robot's end effector using locally weighted dual quaternions. The proposed novel controller is also scaled up to control three-degrees-of-freedom robots.",planning,1,16,20,0,contact geometry; control actionability,not explicit,contact discontinuities
doi:10.3390/app11114746,Kinematic-Model-Free Redundancy Resolution Using Multi-Point Tracking and Control for Robot Manipulation,2021,Applied Sciences,crossref,robot world model planning control manipulation,10.3390/app11114746,https://doi.org/10.3390/app11114746,Ahmad AlAttar; Francesco Cursi; Petar Kormushev,"Robots have been predominantly controlled using conventional control methods that require prior knowledge of the robots' kinematic and dynamic models. These controllers can be challenging to tune and cannot directly adapt to changes in kinematic structure or dynamic properties. On the other hand, model-learning controllers can overcome such challenges. Our recently proposed model-learning orientation controller has shown promising ability to simultaneously control a three-degrees-of-freedom robot manipulator's end-effector pose. However, this controller does not perform optimally with robots of higher degrees-of-freedom nor does it resolve redundancies. The research presented in this paper extends the state-of-the-art kinematic-model-free controller to perform pose control of hyper-redundant robot manipulators and resolve redundancies by tracking and controlling multiple points along the robot's serial chain. The results show that with more control points, the controller is able to reach desired poses in fewer steps, yielding an improvement of up to 66%, and capable of achieving complex configurations. The algorithm was validated by running the simulation 100 times, and it was found that, in 82% of the times, the robot successfully reached the desired target pose within 150 steps.",planning,1,14,19,0,contact geometry; control actionability,not explicit,contact discontinuities
doi:10.1108/ria-02-2023-0018,Implicit contact-rich manipulation planning for a manipulator with insufficient payload,2023,Robotic Intelligence and Automation,crossref,robotic manipulation planning latent dynamics,10.1108/ria-02-2023-0018,https://doi.org/10.1108/ria-02-2023-0018,Kento Nakatsuru; Weiwei Wan; Kensuke Harada,"Purpose This paper aims to study using a mobile manipulator with a collaborative robotic arm component to manipulate objects beyond the robot's maximum payload. Design/methodology/approach This paper proposes a single-short probabilistic roadmap-based method to plan and optimize manipulation motion with environment support. The method uses an expanded object mesh model to examine contact and randomly explores object motion while keeping contact and securing affordable grasping force. It generates robotic motion trajectories after obtaining object motion using an optimization-based algorithm. With the proposed method's help, the authors plan contact-rich manipulation without particularly analyzing an object's contact modes and their transitions. The planner and optimizer determine them automatically. Findings The authors conducted experiments and analyses using simulations and real-world executions to examine the method's performance. The method successfully found manipulation motion that met contact, force and kinematic constraints. It allowed a mobile manipulator to move heavy objects while leveraging supporting forces from environmental obstacles. Originality/value This paper presents an automatic approach for solving contact-rich heavy object manipulation problems. Unlike previous methods, the new approach does not need to explicitly analyze contact states and build contact transition graphs, thus providing a new view for robotic grasp-less manipulation, nonprehensile manipulation, manipulation with contact, etc.",physical,1,23,5,0,contact geometry; control actionability,not explicit,contact discontinuities; long-horizon compounding error
doi:10.1108/ir-06-2017-0107,Real-time control of triglide robot using sliding mode control method,2018,Industrial Robot: An International Journal,crossref,sim-to-real robot control abstraction,10.1108/ir-06-2017-0107,https://doi.org/10.1108/ir-06-2017-0107,Muhammet Aydin; Oguz Yakut,"Purpose The purpose of the study is to design a three-dimensional (3D) triglide parallel robot with a different approach and to control the manufactured robot via sliding mode control method that has not been applied to the robot before. Design/methodology/approach The x, y and z coordinates of the end effector of the robot have been given as a reference. The x, y and z reference values are transformed as new reference values of the vertical movement of the robot on the endless screw by using the inverse kinematic equations of the robot. The control of the robot over these reference values is provided by a sliding mode control. The MATLAB/real-time toolbox has been used for creating the interface. The real-time control of the triglide robot has been carried out with a sliding mode controller in the Simulink environment. Findings When the results of the sliding mode control are examined, it is seen that the desired reference values are provided in about 0.6 s. The velocity of the sliding limbs in each arm of the robot is approximately 50 mm/s. The reference values have been reached using the sliding mode control method, with an average error of 0.01 mm. In addition, the problem of chattering in the system caused by using the sign function has been relatively eliminated by using the saturation function instead of the sign function. Thus, the sliding mode control method with saturation function is more feasible. Originality/value In this study, the triglide parallel robot was manufactured using a 3D model after taking into consideration the dimensions of the 3D model. After production, the necessary hardware connections were provided, and a real-time sliding mode control method was implemented to the robot by using the interface program in MATLAB/Simulink environment. The literature contribution of the paper is the real-time control of the triglide robot with the sliding mode control method.",planning,0,14,15,0,control actionability,not explicit,not explicit
doi:10.2139/ssrn.6433711,Experimental evaluation of offline reinforcement learning for HVAC control in buildings,2026,,crossref,offline robot learning planning control,10.2139/ssrn.6433711,https://doi.org/10.2139/ssrn.6433711,Jun Wang; Linyan Li; Yu Yang,"Reinforcement learning has shown significant potential for dynamic Heating, Ventilation, and Air Conditioning control in buildings. However, existing research predominantly focuses on online or off-policy methods that require active environment interactions, leaving the practical utility of purely offline historical data largely unexplored. This research gap hinders the real-world deployment of reinforcement-learning-based controllers despite the abundance of data in Building Management Systems. To address this, this paper provides a comprehensive evaluation of state-of-the-art offline reinforcement learning algorithms, analyzed through the dual lenses of architectural design and dataset characteristics. We propose an end-to-end framework that integrates sequential observation modeling to resolve the partially observable Markov decision process inherent in building dynamics. Crucially, we investigate the quantitative impact of dataset quality-measured by a novel Regret Ratio (_)-and quantity on control efficacy. Our findings reveal a counter-intuitive yet vital insight: datasets with a certain level of sub-optimality and diversity are more effective for training robust controllers than expert-only data, as they provide essential transitions for ""trajectory stitching."" Experimental results demonstrate that the proposed offline controller can reduce indoor temperature violation ratios by up to 28.5% and achieve energy savings of 12.1% compared to baseline methods. Furthermore, the framework exhibits superior data efficiency, requiring an order of magnitude less data than traditional off-policy approaches. This study establishes both a technical framework and a theoretical benchmark for deploying data-driven Heating, Ventilation, and Air Conditioning control in real-world buildings.",planning,1,11,14,1,contact geometry; control actionability; dynamics fidelity,dataset support,not explicit
doi:10.70675/f273f52az0906z443cza443z172023a62cf5,Automatic Symbolic Goal Abstraction via Reachability Analysis in Hierarchical Reinforcement Learning,,,crossref,robot abstraction learning,10.70675/f273f52az0906z443cza443z172023a62cf5,https://doi.org/10.70675/f273f52az0906z443cza443z172023a62cf5,Mehdi Zadem,"Abstraction Symbolique et Automatique d'Objectifs en Apprentissage par Renforcement Hirarchique via Analyse d'Atteignabilit L'Apprentissage par Renforcement Hirarchique (HRL) est un paradigme qui peut tre exploit pour apprendre automatiquement des stratgies pour des tches  long terme, qui impliquent gnralement plusieurs tapes  franchir avant que le problme ne soit rsolu. L'ide principale de l'Apprentissage par Renforcement Hirarchique est de diviser la tche difficile en sous-tches plus restreintes, qui peuvent tre abordes plus facilement dans un aspect plus contraint.Un dfi majeur dans le HRL est d'identifier une dcomposition idale de la tche  long terme sous forme d'objectifs qu'un agent apprenant essaiera d'atteindre. Les environnements de haute dimension et les dynamiques complexes rendent particulirement difficile pour l'agent de comprendre quels objectifs sont critiques pour la tche.Cette thse explore le concept d'apprentissage de reprsentations symboliques d'objectifs dans le cadre du HRL, inspir des abstractions tudies dans le domaine des Mthodes Formelles. Nous dveloppons une mthode d'abstraction spatiale  partir de relations d'atteignabilit dans l'espace observable de l'environnement et fournissons des garanties sur la sous-optimalit de la politique apprise par l'agent. Nous prouvons galement que l'abstraction des objectifs peut tre calcule par un processus de raffinement. De plus, nous implmentons l'abstraction des objectifs tenant compte de l'atteignabilit dans un cadre d'Apprentissage par Renforcement Hirarchique appel GARA, crant un agent capable d'apprendre simultanment l'abstraction des objectifs et la politique. Nous montrons l'impact de l'abstraction des objectifs sur l'efficacit de l'apprentissage de l'agent, sa transfrabilit et son interprtabilit sur un ensemble de tches de navigation en basse dimension. Dans les tches de haute dimension, les objectifs abstraits peuvent tre initialement trop difficiles  atteindre avant le raffinement. Pour remdier  ce problme, nous proposons un nouvel algorithme STAR qui exploite l'abstraction spatiale tenant compte de l'atteignabilit ainsi qu'un mcanisme d'abstraction temporelle permettant plus de flexibilit sur la difficult des objectifs choisis. Nous dmontrons empiriquement que STAR surpasse l'tat de l'art sur un ensemble de tches de contrle continu difficiles.",abstraction,22,5,0,0,state variables; contact geometry,variables discarded by abstraction; task decomposition,not explicit
doi:10.5821/dissertation-2117-348903,Object manipulation based on tactile information,,,crossref,tactile perception robot manipulation,10.5821/dissertation-2117-348903,https://doi.org/10.5821/dissertation-2117-348903,Andrs Felipe Montao Sarria,"In-hand dexterous manipulation of an object is the ability to change the configuration (position and/or orientation) of an object held in the hand. This is an ability that has allowed humans to use tools and interact with the environment effectively. For the past decades, robotics researchers have worked to provide dexterous manipulation skills to the robots by designing robotic hands that mimic the human hand and by developing applications that allow performing autonomous manipulation or teleoperation in harsh environments. Despite the progress made, managing the uncertainties that exist in the real world is one of the problems that still need to be worked on. Many existing manipulation methods for controlling robotic hands require a priori information about the object and high-fidelity sensors that are typically limited only to laboratory settings. The main objective of this thesis is to develop strategies for the dexterous manipulation of unknown objects, using the tactile information generated during the grasp of the object and the manipulation process itself. In manipulation applications based on tactile information, the robotic hand has access only to tactile and proprioceptive data, in addition, no a priori information is known about the manipulated object. This reflects real-world applications, where there is uncertainty in the models of the objects that are commonly manipulated in daily activities, as well as in the sensorial measurements. In this dissertation, novel manipulation strategies based on heuristic and gradient optimization methods are proposed. Three quality indexes are selected to measure the goodness of the grasp during the manipulation, related to the configuration of the hand, the quality of the grasp, and the configuration of the object. Starting from a given initial grasp, the manipulation strategies are able to improve one quality index or a combination of them. The manipulation strategies are validated with real experimentation using robotic hands equipped with tactile sensors, allowing the execution of practical applications, such as object recognition, force optimization, and telemanipulation. La manipulacin diestra es la capacidad de cambiar la configuracin (posicin y/u orientacin) de un objeto mientras es sostenido en la mano. Esta es una habilidad que ha permitido a los humanos usar herramientas e interactuar con el medio ambiente de forma efectiva. En las ltimas dcadas, los investigadores en robtica han trabajado para proporcionar la capacidad de ejercer manipulacin diestra a los robots mediante el diseo de manos robticas que imitan a la mano humana y mediante el desarrollo de aplicaciones que permiten realizar manipulacin autnoma o teleoperacin en entornos hostiles. A pesar de los avances logrados, gestionar las incertidumbres que existen en el mundo real es uno de los problemas en los que an hay que seguir trabajando. Muchos enfoques existentes para controlar las manos robticas, requieren informacin a priori sobre el objeto manipulado y sensores de alta fidelidad que normalmente se encuentran solo en laboratorios. El principal objetivo de esta tesis es desarrollar estrategias para la manipulacin diestra de objetos desconocidos, utilizando la informacin tctil generada durante la prensin del objeto y el propio proceso de manipulacin. En aplicaciones de manipulacin basadas en informacin tctil, la mano robtica tiene acceso solo a datos tctiles y propioceptivos, adems, no se conoce informacin a priori sobre el objeto manipulado. Esto va acorde con el mundo real, donde hay incertidumbre en los modelos de los objetos que se manipulan, as como en las mediciones de los sensores. En esta tesis se proponen nuevas estrategias de manipulacin basadas en mtodos heursticos y de optimizacin del gradiente. Se eligieron tres ndices para medir la calidad de la prensin durante la manipulacin, los cuales estn relacionados con la configuracin de la mano, la calidad de la prensin y la configuracin del objeto. A partir de una prensin inicial dada, las estrategias de manipulacin pueden mejorar un ndice de calidad o una combinacin de ellos. Las estrategias de manipulacin han sido validadas en experimentacin real utilizando manos robticas equipadas con sensores tctiles, permitiendo la ejecucin de aplicaciones prcticas, como el reconocimiento de objetos, la optimizacin de fuerzas y la telemanipulacin.",physical,0,25,2,0,contact geometry,not explicit,contact discontinuities
doi:10.31763/ijrcs.v5i6.2125,Design of A Terminal Sliding Mode Controller Based on Extended State Observer for Vehicle Control,2026,International Journal of Robotics and Control Systems,crossref,state abstraction robotics control,10.31763/ijrcs.v5i6.2125,https://doi.org/10.31763/ijrcs.v5i6.2125,Ali Aniss Ebrahim,"This paper aims to present a robust approach for controlling autonomous vehicles with nonlinear dynamics, addressing the key challenges of navigating in unknown environments and performing tasks under uncertain dynamics. Traditional approaches often exhibit limitations in handling uncertainty and convergence speed. To overcome these issues, this paper presents work on integrating a Terminal Sliding Mode Control (TSMC) with an Extended State Observer (ESO) to ensure finite-time convergence and active disturbance rejection. The proposed framework synergistically combines the TSMC controller and the ESO to achieve accurate trajectory tracking and robust disturbance rejection. The method is validated through MATLAB/Simulink simulations across multiple scenarios, confirming its effectiveness in navigating unknown environments under dynamic uncertainty. The proposed methodology demonstrates superior performance compared to traditional PID control. Key results indicate a nearly 60% reduction in settling time (to 1.3 seconds) and the complete elimination of overshoot in linear velocity tracking. Furthermore, the controller achieves approximately 78% higher tracking accuracy (RMSE 0.04 rad/s) while suppressing control vibrations by more than 75%. Meanwhile, ESO provides high-precision state estimation, converging in less than 0.6 seconds with an estimation error of less than 2.5%, and reconstructing system uncertainties with 70% higher accuracy than conventional methods. These results demonstrate that the proposed method is a superior and robust solution for high-performance autonomous vehicle applications operating under dynamic uncertainties and stringent real-time constraints.",planning,3,8,12,2,control actionability; dynamics fidelity,not explicit,not explicit
doi:10.33140/amlai.05.03.02,Reinforcement Learning DDPG Algorithm Based Wheeled Mobility Aid Robot Control Methods,2024,Advances in Machine Learning &amp; Artificial Intelligence,crossref,robot representation learning control,10.33140/amlai.05.03.02,https://doi.org/10.33140/amlai.05.03.02,,"When using wheeled walker robots to help individuals with limited walking ability improve their mobility, the stability of the robot's motion control and trajectory tracking accuracy are critical. In this paper, a new trajectory tracking method for wheeled walking robots is proposed by combining the Deep Deterministic Policy Gradient (DDPG) algorithm in reinforcement learning with a Proportional Integral Differential (PID) controller. The article first analyzes the kinematic model of the chassis of the wheeled walking robot, and then introduces the design principle and structure of the adaptive PID controller that combines the DDPG algorithm and the PID controller. Finally, the effectiveness of the research scheme and control strategy is verified by joint simulation experiments, and the results show that this DDPG-based PID controller can automatically adjust the parameters when tracking the trajectory to ensure the accuracy of the trajectory, and it has a strong anti-interference capability",planning,0,9,16,0,contact geometry; control actionability,not explicit,not explicit
doi:10.3389/frobt.2022.1067502,Sim-to-real via latent prediction: Transferring visual non-prehensile manipulation policies,2023,Frontiers in Robotics and AI,crossref,sim-to-real robot control abstraction,10.3389/frobt.2022.1067502,https://doi.org/10.3389/frobt.2022.1067502,Carlo Rizzardo; Fei Chen; Darwin Caldwell,"Reinforcement Learning has been shown to have a great potential for robotics. It demonstrated the capability to solve complex manipulation and locomotion tasks, even by learning end-to-end policies that operate directly on visual input, removing the need for custom perception systems. However, for practical robotics applications, its scarce sample efficiency, the need for huge amounts of resources, data, and computation time can be an insurmountable obstacle. One potential solution to this sample efficiency issue is the use of simulated environments. However, the discrepancy in visual and physical characteristics between reality and simulation, namely the sim-to-real gap, often significantly reduces the real-world performance of policies trained within a simulator. In this work we propose a sim-to-real technique that trains a Soft-Actor Critic agent together with a decoupled feature extractor and a latent-space dynamics model. The decoupled nature of the method allows to independently perform the sim-to-real transfer of feature extractor and control policy, and the presence of the dynamics model acts as a constraint on the latent representation when finetuning the feature extractor on real-world data. We show how this architecture can allow the transfer of a trained agent from simulation to reality without retraining or finetuning the control policy, but using real-world data only for adapting the feature extractor. By avoiding training the control policy in the real domain we overcome the need to apply Reinforcement Learning on real-world data, instead, we only focus on the unsupervised training of the feature extractor, considerably reducing real-world experience collection requirements. We evaluate the method on sim-to-sim and sim-to-real transfer of a policy for table-top robotic object pushing. We demonstrate how the method is capable of adapting to considerable variations in the task observations, such as changes in point-of-view, colors, and lighting, all while substantially reducing the training time with respect to policies trained directly in the real.",physical,4,8,7,6,state variables; contact geometry; control actionability; domain shift; dynamics fidelity,not explicit,contact discontinuities; distribution shift; aliasing / observability limits
doi:10.1068/c130273,The State of Metropolitan Planning: Decline or Restructuring?,1995,Environment and Planning C: Government and Policy,crossref,latent state robot policy planning,10.1068/c130273,https://doi.org/10.1068/c130273,O Yiftachel; I Alexander,"In this paper the dynamic relations between the state, society, and metropolitan planning are explored. The changing role and function of the state in the context of rapid restructuring of economic and social relations in Australia during the past decade are discussed, along with the impact of processes such as globalisation, cyclic recessions, and the growing assertion of local communities on the state. The influence of these processes on metropolitan planning, as an arm of the state which mediates between development interests and local communities, is then assessed from a theoretical perspective. Given the identified processes and changes, it is argued that metropolitan planning has become increasingly constrained in its ability to influence the nature and location of urban development in 1990s Australia. The validity of this argument is examined against the case of metropolitan planning in Perth during the past decade. Three key aspects of the changing nature of planning in Perth are studied in detail: A 1987 proposal for a new metropolitan strategy; a 1990 adopted metropolitan plan which derived from the 1987 proposal; and several redevelopment initiatives currently under consideration. It is concluded that the Western Australian state-and subsequently metropolitan planning-have experienced significant challenges to their ability to influence urban change. The constraints imposed on metropolitan planning are simultaneously due to economic pressures from above' and community pressures from below'. Finally, it is observed that this process possesses a regresive potential, and that metropolitan planning should restructure in order to respond effectively and equitably to recent economic and social changes.",planning,6,0,19,0,control actionability,not explicit,long-horizon compounding error
doi:10.1145/3763070,Abstraction Refinement-Guided Program Synthesis for Robot Learning from Demonstrations,2025,Proceedings of the ACM on Programming Languages,crossref,robot abstraction learning,10.1145/3763070,https://doi.org/10.1145/3763070,Guofeng Cui; Yuning Wang; Wensen Mao; Yuanlin Duan; He Zhu,"Over the past decade, deep reinforcement learning (RL) techniques have significantly advanced robotic systems. However, due to the complex architectures of neural network models, ensuring their trustworthiness is a considerable challenge. Programmatic reinforcement learning has surfaced as a promising approach. Nonetheless, synthesizing robot-control programs remains challenging. Existing methods rely on domain-specific languages (DSLs) populated with user-defined state abstraction predicates and a library of low-level controllers as abstract actions to boot synthesis, which is impractical in unknown environments that lack such predefined components. To address this limitation, we introduce RoboScribe, a novel abstraction refinement-guided program synthesis framework that automatically derives robot state and action abstractions from raw, unsegmented task demonstrations in high-dimensional, continuous spaces. It iteratively enriches and refines an initially coarse abstraction until it generates a task-solving program over the abstracted robot environment. RoboScribe is effective in synthesizing iterative programs by inferring recurring subroutines directly from the robot's raw, continuous state and action spaces, without needing predefined abstractions. Experimental results show that RoboScribe programs inductively generalize to long-horizon robot tasks involving arbitrary numbers of objects, outperforming baseline methods in terms of both interpretability and efficiency.",abstraction,17,4,3,0,state variables; contact geometry; control actionability,variables discarded by abstraction,not explicit
doi:10.1007/s44336-025-00020-1,Embodied intelligence for robot manipulation: development and challenges,2025,Vicinagearth,crossref,embodied intelligence physical reasoning robot,10.1007/s44336-025-00020-1,https://doi.org/10.1007/s44336-025-00020-1,Honghao Song; Liang Wang; Xiaozhen Qiao; Yifan Chen; Da Sun; Zhe Sun,"Abstract Embodied intelligence is regarded as a key pathway to achieving artificial general intelligence (AGI) due to its ability to enable direct interaction between digital information and the physical environment. With the development of artificial intelligence (AI) technology, embodied intelligence has demonstrated strong capabilities in perception, reasoning, and generalization within real-world environments, driving the transformation of AI systems from data-driven to embodiment-based and reshaping the paradigm of robotic manipulation. Currently, research on embodied manipulation is advancing rapidly, and there is an urgent need for a systematic review focusing on embodied manipulation: to construct the core concepts of embodied manipulation, summarize previous literature, break through the limitations of unstructured organization, propose solutions to existing dilemmas, and provide systematic support for the practical implementation of intelligence. This paper focuses on the field of robot manipulation driven by embodied intelligence and conducts a systematic review: it analyzes the conceptual connotation of embodied manipulation and clarifies its definition as taking embodied cognition as the engine and physical robots as the carrier, sorts out its core characteristics and challenges, and reviews the supporting research outcomes in this field; the core part centers on the dual paradigms of data-driven and model-driven approaches, conducts an in-depth analysis of the diverse research status in the field of embodied manipulation, and clarifies the core value of data and models in this context; finally, it specifically analyzes the current research dilemmas and proposes future research directions based on solutions to these dilemmas. This paper aims to clarify the core link of embodied manipulation, provide systematic insights for researchers in the field, and support the development of the embodied intelligence community.",physical,1,23,0,0,contact geometry,variables discarded by abstraction,contact discontinuities
doi:10.3390/robotics15040067,H Control for Walking Robots Robust to the Bounded Uncertainties in the State and the Model,2026,Robotics,crossref,state abstraction robotics control,10.3390/robotics15040067,https://doi.org/10.3390/robotics15040067,Ahmad Aldaher; Sergei Savin,"In recent years, we have seen a constant increase in the capabilities of walking robots, leading to early cases of their practical use, and a much broader application is expected in the near future. However, creating a robust control design (in the presence of disturbances and model uncertainties) for walking robots still remains a challenge. One challenging source of uncertainty is the combination of the contact constraints and the lack of full state information, which can potentially lead to an offset (a steady-state error) in the robot's position, interfering with tasks requiring high accuracy and deteriorating the overall performance of the robot. This is further exacerbated by the presence of multiplicative model uncertainties, common to mobile robots. In this work, we introduce an H control formulation designed to attenuate this type of disturbance. The proposed method can handle norm-bounded multiplicative uncertainties in the state, control, and disturbance matrices using a full-state static feedback control. The resulting control design procedure is a single semidefinite program which provides a large computational advantage over the alternative dynamic feedback controller methods. We demonstrate the effectiveness of the method in comparison with the alternative formulations in simulation. We demonstrate that the method can be effectively tuned using a regularization term in the cost function. We show that the upper bounds on the H gain of the closed-loop system can be effectively tightened post control design.",physical,5,9,9,0,contact geometry; control actionability,not explicit,contact discontinuities
doi:10.1126/scirobotics.adg5014,Versatile multicontact planning and control for legged loco-manipulation,2023,Science Robotics,crossref,robot world model planning control manipulation,10.1126/scirobotics.adg5014,https://doi.org/10.1126/scirobotics.adg5014,Jean-Pierre Sleiman; Farbod Farshidian; Marco Hutter,"Loco-manipulation planning skills are pivotal for expanding the utility of robots in everyday environments. These skills can be assessed on the basis of a system's ability to coordinate complex holistic movements and multiple contact interactions when solving different tasks. However, existing approaches have been merely able to shape such behaviors with hand-crafted state machines, densely engineered rewards, or prerecorded expert demonstrations. Here, we propose a minimally guided framework that automatically discovers whole-body trajectories jointly with contact schedules for solving general loco-manipulation tasks in premodeled environments. The key insight is that multimodal problems of this nature can be formulated and treated within the context of integrated task and motion planning (TAMP). An effective bilevel search strategy was achieved by incorporating domain-specific rules and adequately combining the strengths of different planning techniques: trajectory optimization and informed graph search coupled with sampling-based planning. We showcase emergent behaviors for a quadrupedal mobile manipulator exploiting both prehensile and nonprehensile interactions to perform real-world tasks such as opening/closing heavy dishwashers and traversing spring-loaded doors. These behaviors were also deployed on the real system using a two-layer whole-body tracking controller.",planning,1,8,14,0,contact geometry; control actionability,not explicit,contact discontinuities; long-horizon compounding error
doi:10.1613/jair.1.11244,"Cooperative, Dynamics-based, and Abstraction-Guided Multi-robot Motion Planning",2018,Journal of Artificial Intelligence Research,crossref,robot abstraction learning,10.1613/jair.1.11244,https://doi.org/10.1613/jair.1.11244,Duong Le; Erion Plaku,"This paper presents an effective, cooperative, and probabilistically-complete multi-robot motion planner that enables each robot to move to a desired location while avoiding collisions with obstacles and other robots. The approach takes into account not only the geometric constraints arising from collision avoidance, but also the differential constraints imposed by the motion dynamics of each robot. This makes it possible to generate collision-free and dynamically-feasible trajectories that can be executed in the physical world.The salient aspect of the approach is the coupling of sampling-based motion planning to handle the complexity arising from the obstacles and robot dynamics with multi-agent search to find solutions over a suitable discrete abstraction. The discrete abstraction is obtained by constructing roadmaps to solve a relaxed problem that accounts for the obstacles but not the dynamics. Sampling-based motion planning expands a motion tree in the composite state space of all the robots by adding collision-free and dynamically-feasible trajectories as branches. Efficiency is obtained by using multi-agent search to find non-conflicting routes over the discrete abstraction which serve as heuristics to guide the motion-tree expansion. When little or no progress is made, the routes are penalized and the multi-agent search is invoked again to find alternative routes. This synergistic coupling makes it possible to effectively plan collision-free and dynamically-feasible motions that enable each robot to reach its goal. Experiments using vehicle models with nonlinear dynamics operating in complex environments, where cooperation among robots is required, show significant speedups over related work.",abstraction,9,1,8,5,control actionability; dynamics fidelity,variables discarded by abstraction,long-horizon compounding error
doi:10.7554/elife.32548,Offline replay supports planning in human reinforcement learning,2018,eLife,crossref,offline robot learning planning control,10.7554/elife.32548,https://doi.org/10.7554/elife.32548,Ida Momennejad; A Ross Otto; Nathaniel D Daw; Kenneth A Norman,"Making decisions in sequentially structured tasks requires integrating distally acquired information. The extensive computational cost of such integration challenges planning methods that integrate online, at decision time. Furthermore, it remains unclear whether offline' integration during replay supports planning, and if so which memories should be replayed. Inspired by machine learning, we propose that (a) offline replay of trajectories facilitates integrating representations that guide decisions, and (b) unsigned prediction errors (uncertainty) trigger such integrative replay. We designed a 2-step revaluation task for fMRI, whereby participants needed to integrate changes in rewards with past knowledge to optimally replan decisions. As predicted, we found that (a) multi-voxel pattern evidence for off-task replay predicts subsequent replanning; (b) neural sensitivity to uncertainty predicts subsequent replay and replanning; (c) off-task hippocampus and anterior cingulate activity increase when revaluation is required. These findings elucidate how the brain leverages offline mechanisms in planning and goal-directed behavior under uncertainty.",planning,1,1,17,4,state variables; contact geometry; control actionability; dynamics fidelity,dataset support,aliasing / observability limits; long-horizon compounding error
doi:10.1108/01439910510573318,Tactile sensing in intelligent robotic manipulation - a review,2005,Industrial Robot: An International Journal,crossref,tactile perception robot manipulation,10.1108/01439910510573318,https://doi.org/10.1108/01439910510573318,Johan Tegin; Jan Wikander,"Purpose When designing hardware and algorithms for robotic manipulation and grasping, sensory information is typically needed to control the grasping process. This paper presents an overview of the major grasping and manipulation approaches and the more common hardware used to obtain the necessary sensory information. Design/methodology/approach This paper presents an overview of tactile sensing in intelligent robotic manipulation. The history, the common issues, and applications are reviewed. Sensor performance is briefly discussed and compared to the human tactile sense. Advantages and disadvantages of the most common sensor approaches are discussed. Some examples are given of sensors that are widely available as of today. Eventually, some examples of the stateoftheart in tactile sensing application are presented. Findings Although many sensor technologies and strong theoretical models have been developed, there is still much left to be done in intelligent grasping and manipulation. This is partly due to the youth of the field and the complex nature of safe control in uncertain environments. Even though there are impressive results when it comes to specific examples of advanced manipulation, there seems to be room for great improvements of hardware and especially algorithms when it comes to more generic everyday domestic tasks. Originality/value This paper presents a review of sensor hardware while also giving a glimpse of the major topics in grasping and manipulation. While better hardware of course is desirable, the major challenges seem to lie in the development and application of grasping and manipulation algorithms.",physical,1,20,2,0,contact geometry,not explicit,contact discontinuities
doi:10.1115/imece1998-0330,A Model for Controlled Planning of Object Manipulation Using Multiple Agents: An Overview,1998,Dynamic Systems and Control,crossref,robot world model planning control manipulation,10.1115/imece1998-0330,https://doi.org/10.1115/imece1998-0330,Shahram Payandeh,"Abstract In implementation of intelligent mechanisms such as dexterous mechanical hands, reconfigurable fixtures or part feeders, it is always required to plan to manipulate object in order to gain its proper configuration within the work-space of the manipulating agents. Most of the proposed planners for coordinated control have been based on ad-hoc approaches using search strategies embedded within various search trees. What has been lacking in these algorithms is a formal framework for analysis, synthesis and evaluation of their performances. This paper presents an overview of application of such possible controlled planner architecture for manipulating objects using multiple agents. The controller is based on discrete-event control theory. The paper extends the application of such theory to the case of multiple agents manipulating a common object. Here for example, a set of events for lifting and rotating an object is described as labeled alphabets. Then it is shown how the manipulation of object can be described as finite-state automaton. The set of uncontrollable events is constructed. The supervisor (planner) can then be constructed by first defining the details of its legal behaviors.",planning,2,8,13,0,contact geometry; control actionability,variables discarded by abstraction,contact discontinuities; long-horizon compounding error
doi:10.1609/aaai.v40i22.38900,PhyPlan: Learning to Plan Tasks with Generalizable and Rapid Physical Reasoning for Embodied Manipulation,2026,Proceedings of the AAAI Conference on Artificial Intelligence,crossref,embodied intelligence physical reasoning robot,10.1609/aaai.v40i22.38900,https://doi.org/10.1609/aaai.v40i22.38900,Ankit Kanwar; Hartej Soin; Abhinav Barnawal; Mudit Chopra; Harshil Vagadia; Tamajit Banerjee; Shreshth Tuli; Rohan Paul,"Given the task of landing a ball in a goal region beyond direct reach, humans can often throw, slide, or rebound objects against the wall to attain the goal. Enabling robots to replicate such reasoning is non-trivial as it requires multi-step planning and involves a mixture of discrete and continuous action spaces, a sparse and sensitive reward structure, computationally expensive simulations, and an incomplete understanding of the environment's physics. We present PhyPlan, a physics-informed and adaptable planning framework for efficient multi-step physical reasoning. At its core, PhyPlan comprises of Generative Flow Networks (GFlowNets) and Monte Carlo Tree Search (MCTS) to explore and evaluate sequences of object interactions. GFlowNets sample discrete action sequences in proportion to their associated reward, enabling broad and reward-driven exploration of the discrete planning space. MCTS complements this by adaptively balancing the use of a fast but approximate pre-trained physics-informed dynamics predictor and costly but accurate environment rollouts, ensuring both speed and precision in planning. The known and actual physics discrepancy is captured using Gaussian Process Regression. Experiments on benchmark simulated tasks requiring composition of collisions, slides, and rebounds demonstrate that PhyPlan achieves a 45\% higher success rate and up to 3 efficiency gains over state-of-the-art model-based reinforcement learning approaches.",planning,1,5,13,3,contact geometry; control actionability; dynamics fidelity,not explicit,contact discontinuities; long-horizon compounding error
doi:10.20944/preprints202511.0040.v1,Model-Based Reinforcement Learning Control for Non-Linear Dynamics,2025,,crossref,model-based reinforcement learning robot control,10.20944/preprints202511.0040.v1,https://doi.org/10.20944/preprints202511.0040.v1,Nusrat Farheen; Golam Gause Jaman; Marco P. Schoen,"Safe and sample-conscious controller synthesis for nonlinear dynamics benefits from reinforcement learning that exploits a model of the plant. A nonlinear mass-spring-damper with hardening effects and hard stops is considered. Two data-driven models are employed to enable off-plant training: a piecewise linear model assembled from operating-region linear descriptions and blended by triangular memberships, and a global nonlinear autoregressive model with exogenous input constructed from past inputs and outputs. Q-learning is performed with the model in the loop using an error-indexed discrete state space, a finite force alphabet, and a reward that balances absolute tracking error with its short-horizon decrease. When the trained agents are deployed on the true plant for reference tracking, the piecewise linear model tends to yield tighter regulation near the setpoint and reduced steady-state bias, while the nonlinear autoregressive route requires less prior structural knowledge and a simpler data-collection campaign, at the cost of larger residual error in the tested scenario. These findings indicate that model-based Q-learning with data-driven models enables off-plant policy learning while containing experimental risk. Observed performance reflects a trade-off between fidelity obtained from localized linearization and generality afforded by global nonlinear regression, as well as design choices in state discretization and reward shaping. Prospective improvements include adaptive membership shaping, richer regressors, and limited on-plant refinement to reduce model-plant mismatch.",planning,3,5,10,4,contact geometry; control actionability; dynamics fidelity,not explicit,not explicit
doi:10.1017/s0263574700017793,State Matrix Representation of Assembly and Robot Planning,1995,Robotica,crossref,latent state robot policy planning,10.1017/s0263574700017793,https://doi.org/10.1017/s0263574700017793,S. M. Noorhosseini; A. S. Malowany,"Summary A new approach to represent assembly called state matrix representation and an algorithm for automatic robot assembly planning based on this representation is proposed. The state matrix representation of assembly is configured by considering the inter-relationships of parts and objects involved in the initial and the goal structures. Thanks to this new representation, the planning lgorithm is straightforward and can be easily and efficiently implemented with simple matrix manipulation. Unlike other planning methods, the actions involved in the assembly process are not defined in advance but are generated at planning time. The syntax of actions are designed so that while directly reflecting the semantics of actions, they can be easily manipulated by the planner. Two examples of how to plan an assembly based on this representation are given in the paper.",planning,9,1,12,0,state variables; contact geometry; control actionability,not explicit,contact discontinuities; aliasing / observability limits; long-horizon compounding error
doi:10.2139/ssrn.6533889,Forecasting Financial Fragility for Macroprudential Policy: A Continuous Latent-State Approach with  Ambiguity Bands,2026,,crossref,latent state robot policy planning,10.2139/ssrn.6533889,https://doi.org/10.2139/ssrn.6533889,Ali Chebbi,"Macroprudential policymakers require forward-looking tools to anticipate financial crises, yet existing approaches rely on binary signals or point estimates that discard information near crisis thresholds. This paper develops an operational forecasting framework that models financial fragility as a continuous latent state, yielding full predictive densities with explicit uncertainty quantification. The latent index is structurally identified from banks&apos; learning under ambiguity, with dynamics disciplined by leverage, credit spreads, and global conditions. A key contribution-the -Ambiguity Band-applies highest-density intervals to a structurally identified latent state, yielding a real-time measure of classification uncertainty. Interpreted relative to policy thresholds, it generates a graduated traffic-light rule-Clear Expansion, Ambiguous Zone, or Clear Crisis-that formalizes ambiguity-averse decision-making. In pseudorealtime U.S. application (1990-2020), the framework issues its first sustained warning for the 2007-09 crisis in 2007:Q2-3.5 quarters ahead of the NBER peak-with AUC = 0.88, outperforming Markov-Switching, logit, and machine-learning benchmarks. The band straddles the threshold throughout 2007:Q1-Q3, providing the graduated information that was missing in real time. The framework is computationally tractable for quarterly policy use and adapts to heterogeneous institutional environments. It offers a rigorous, uncertainty-aware foundation for preemptive macroprudential decision-making.",world_model,7,0,6,8,state variables; control actionability; dynamics fidelity,not explicit,aliasing / observability limits
doi:10.1002/adrr.202500072,Grounding Large Language Models for Robot Task Planning Using ClosedLoop State Feedback,2025,Advanced Robotics Research,crossref,latent state robot policy planning,10.1002/adrr.202500072,https://doi.org/10.1002/adrr.202500072,Vineet Bhat; Ali Umut Kaypak; Prashanth Krishnamurthy; Ramesh Karri; Farshad Khorrami,"Planning algorithms break complex problems into sequential steps for robots. Recent work employs Large Language Models (LLMs) to generate robot policies directly from natural language in simulation and realworld settings. Models such as GPT5 generalize to unseen tasks but often hallucinate because they lack sufficient environmental grounding; supplying state feedback improves robustness. We introduce a taskplanning method that uses two LLMs-one for highlevel planning and one for lowlevel control-thereby raising task success rates and goalcondition recall. Our algorithm, BrainBodyLLM, is inspired by the human neural system, dividing planning hierarchically across the two LLMs and closing the loop with feedback that learns from simulator errors to fix execution failures. Implemented with GPT5, BrainBodyLLM improves taskoriented success in the VirtualHome environment by 17% over competitive baselines. We also evaluate seven complex tasks in a realistic physics simulator and on a Franka Research 3 robotic arm, comparing our approach with other stateoftheart LLM planners. Results show that recent LLMs can use raw simulator or controller errors to revise plans, yielding more reliable robotic task execution. Project resources are available here .",planning,4,2,15,0,control actionability,task decomposition,long-horizon compounding error
doi:10.1007/s10846-024-02118-y,Deep Model-Based Reinforcement Learning for Predictive Control of Robotic Systems with Dense and Sparse Rewards,2024,Journal of Intelligent &amp; Robotic Systems,crossref,model-based reinforcement learning robot control,10.1007/s10846-024-02118-y,https://doi.org/10.1007/s10846-024-02118-y,Luka Antonyshyn; Sidney Givigi,"Abstract Sparse rewards and sample efficiency are open areas of research in the field of reinforcement learning. These problems are especially important when considering applications of reinforcement learning to robotics and other cyber-physical systems. This is so because in these domains many tasks are goal-based and naturally expressed with binary successes and failures, action spaces are large and continuous, and real interactions with the environment are limited. In this work, we propose Deep Value-and-Predictive-Model Control (DVPMC), a model-based predictive reinforcement learning algorithm for continuous control that uses system identification, value function approximation and sampling-based optimization to select actions. The algorithm is evaluated on a dense reward and a sparse reward task. We show that it can match the performance of a predictive control approach to the dense reward problem, and outperforms model-free and model-based learning algorithms on the sparse reward task on the metrics of sample efficiency and performance. We verify the performance of an agent trained in simulation using DVPMC on a real robot playing the reach-avoid game. Video of the experiment can be found here: https://youtu.be/0Q274kcfn4c .",physical,1,9,4,7,contact geometry; dynamics fidelity,variables discarded by abstraction,not explicit
doi:10.21203/rs.3.rs-3261017/v1,Tactile-GAT: Tactile Graph Attention Networks for Robot Tactile Perception Classification,2023,,crossref,tactile perception robot manipulation,10.21203/rs.3.rs-3261017/v1,https://doi.org/10.21203/rs.3.rs-3261017/v1,Lun Chen; Yingzhao Zhu,"Abstract As one of the most important senses in human beings, touch can also help robots better perceive and adapt to complex environmental information, improving their autonomous decision-making and execution capabilities. Compared to other perception methods, tactile perception needs to handle multi-channel tactile signals simultaneously, such as pressure, bending, temperature, and humidity. However, directly transferring deep learning algorithms that work well on temporal signals to tactile signal tasks does not make good use of the physical spatial connectivity information of tactile sensors. In this paper, we propose a tactile perception framework based on graph attention networks, which incorporates explicit and latent relation graphs. This framework can effectively utilize the structural information between different tactile signal channels. We constructed a tactile glove and collected a dataset of pressure and bending tactile signals during grasping and holding objects. And our method achieved 89.58% accuracy in object tactile signal classification with a small parameter size of 0.11M. Compared to existing time-series signal classification algorithms, our graph-based tactile perception algorithm can utilize and learn sensor spatial information, making it more suitable for processing multi-channel tactile data. Our method can serve as a general strategy to improve robot's tactile perception capabilities.",physical,2,17,1,1,state variables; contact geometry; domain shift,variables discarded by abstraction,distribution shift; aliasing / observability limits
doi:10.1155/2022/7169594,Improving Model-Based Deep Reinforcement Learning with Learning Degree Networks and Its Application in Robot Control,2022,Journal of Robotics,crossref,model-based reinforcement learning robot control,10.1155/2022/7169594,https://doi.org/10.1155/2022/7169594,Guoqing Ma; Zhifu Wang; Xianfeng Yuan; Fengyu Zhou,"Deep reinforcement learning is the technology of artificial neural networks in the field of decision-making and control. The traditional model-free reinforcement learning algorithm requires a large amount of environment interactive data to iterate the algorithm. This model's performance also suffers due to low utilization of training data, while the model-based reinforcement learning (MBRL) algorithm improves the efficiency of the data, MBRL locks into low prediction accuracy. Although MBRL can utilize the additional data generated by the dynamic model, a system dynamics model with low prediction accuracy will provide low-quality data and affect the algorithm's final result. In this paper, based on the A3C (Asynchronous Advantage Actor-Critic) algorithm, an improved model-based deep reinforcement learning algorithm using a learning degree network (MBRL-LDN) is presented. By comparing the differences between the predicted states outputted by the proposed multidynamic model and the original predicted states, the learning degree of the system dynamics model is calculated. The learning degree represents the quality of the data generated by the dynamic model and is used to decide whether to continue to interact with the dynamic model during a particular episode. Thus, low-quality data will be discarded. The superiority of the proposed method is verified by conducting extensive contrast experiments.",world_model,2,7,3,9,contact geometry; dynamics fidelity,not explicit,not explicit
doi:10.1177/1729881418770525,Motion planning with dynamics awareness for long reach manipulation in aerial robotic systems with two arms,2018,International Journal of Advanced Robotic Systems,crossref,robotic manipulation planning latent dynamics,10.1177/1729881418770525,https://doi.org/10.1177/1729881418770525,Alvaro Caballero; Manuel Bejar; Angel Rodriguez-Castao; Anibal Ollero,"Human activities in maintenance of industrial plants pose elevated risks as well as significant costs due to the required shutdowns of the facility. An aerial robotic system with two arms for long reach manipulation in cluttered environments is presented to alleviate these constraints. The system consists of a multirotor with a long bar extension that incorporates a lightweight dual arm in the tip. This configuration allows aerial manipulation tasks even in hard-to-reach places. The objective of this work is the development of planning strategies to move the aerial robotic system with two arms for long reach manipulation in a safe and efficient way for both navigation and manipulation tasks. The motion planning problem is addressed considering jointly the aerial platform and the dual arm in order to achieve wider operating conditions. Since there exists a strong dynamical coupling between the multirotor and the dual arm, safety in obstacle avoidance will be assured by introducing dynamics awareness in the operation of the planner. On the other hand, the limited maneuverability of the system emphasizes the importance of energy and time efficiency in the generated trajectories. Accordingly, an adapted version of the optimal Rapidly-exploring Random Tree algorithm has been employed to guarantee their optimality. The resulting motion planning strategy has been evaluated through simulation in two realistic industrial scenarios, a riveting application and a chimney repairing task. To this end, the dynamics of the aerial robotic system with two arms for long reach manipulation has been properly modeled, and a distributed control scheme has been derived to complete the test bed. The satisfactory results of the simulations are presented as a first validation of the proposed approach.",planning,0,7,11,3,contact geometry; control actionability; dynamics fidelity,not explicit,contact discontinuities; long-horizon compounding error
doi:10.1115/imece2017-72064,Gradient Optimization of Inverse Dynamics for Robotic Manipulator Motion Planning Using Combined Optimal Control,2017,"Volume 4B: Dynamics, Vibration, and Control",crossref,robotic manipulation planning latent dynamics,10.1115/imece2017-72064,https://doi.org/10.1115/imece2017-72064,Shangdong Gong; Redwan Alqasemi; Rajiv Dubey,"Motion planning of redundant manipulators is an active and widely studied area of research. The inverse kinematics problem can be solved using various optimization methods within the null space to avoid joint limits, obstacle constraints, as well as minimize the velocity or maximize the manipulability measure. However, the relation between the torques of the joints and their respective positions can complicate inverse dynamics of redundant systems. It also makes it challenging to optimize cost functions, such as total torque or kinematic energy. In addition, the functional gradient optimization techniques do not achieve an optimal solution for the goal configuration. We present a study on motion planning using optimal control as a pre-process to find optimal pose at the goal position based on the external forces and gravity compensation, and generate a trajectory with optimized torques using the gradient information of the torque function. As a result, we reach an optimal trajectory that can minimize the torque and takes dynamics into consideration. We demonstrate the motion planning for a planar 3-DOF redundant robotic arm and show the results of the optimized trajectory motion. In the simulation, the torque generated by an external force on the end-effector as well as by the motion of every link is made into an integral over the squared torque norm. This technique is expected to take the torque of every joint into consideration and generate better motion that maintains the torques or kinematic energy of the arm in the safe zone. In future work, the trajectories of the redundant manipulators will be optimized to generate more natural motion as in humanoid arm motion. Similar to the human motion strategy, the robot arm is expected to be able to lift weights held by hands, the configuration of the arm is changed along from the initial configuration to a goal configuration. Furthermore, along with weighted least norm (WLN) solutions, the optimization framework will be more adaptive to the dynamic environment. In this paper, we present the development of our methodology, a simulated test and discussion of the results.",planning,0,4,14,3,contact geometry; control actionability; dynamics fidelity,not explicit,contact discontinuities; long-horizon compounding error
doi:10.1609/icaps.v23i1.13567,An Approach for Efficient Planning of Robotic Manipulation Tasks,2013,Proceedings of the International Conference on Automated Planning and Scheduling,crossref,robotic manipulation planning latent dynamics,10.1609/icaps.v23i1.13567,https://doi.org/10.1609/icaps.v23i1.13567,Richard Dearden; Chris Burbridge,"Robot manipulation is a challenging task for planning as itinvolves a mixture of symbolic planning and geometric plan-ning. We would like to express goals and many action ef-fects symbolically, for example specifying a goal such as forall x, if x is a cup, then x should be on the tray, but to ac-complish this we may need to plan the geometry of fitting allthe cups on the tray and how to grasp, move and release thecups to achieve that geometry. In the ideal case, this couldbe accomplished by a fully hybrid planner that alternates be-tween geometric and symbolic reasoning to generate a solu-tion. However, in practice this is very complex, and the fullpower of this approach may only be required for a small sub-set of problems. Instead, we plan completely symbolically,and then attempt to generate a geometric plan by translatingthe symoblic predicates into geometric relationships. We thenexecute this plan in simulation, and if it fails, we backtrack,first in geometric space, and then if necessary in symbolic.We show that this approach, while not complete, solves anumber of challenging manipulation problems, and demon-strate it running on a robotic platform.",planning,5,4,12,0,state variables; contact geometry; control actionability,not explicit,contact discontinuities; long-horizon compounding error
doi:10.1108/ir-05-2018-0086,Model-based deep reinforcement learning with heuristic search for satellite attitude control,2019,Industrial Robot: the international journal of robotics research and application,crossref,model-based reinforcement learning robot control,10.1108/ir-05-2018-0086,https://doi.org/10.1108/ir-05-2018-0086,Ke Xu; Fengge Wu; Junsuo Zhao,"Purpose Recently, deep reinforcement learning is developing rapidly and shows its power to solve difficult problems such as robotics and game of GO. Meanwhile, satellite attitude control systems are still using classical control technics such as proportional - integral - derivative and slide mode control as major solutions, facing problems with adaptability and automation. Design/methodology/approach In this paper, an approach based on deep reinforcement learning is proposed to increase adaptability and autonomy of satellite control system. It is a model-based algorithm which could find solutions with fewer episodes of learning than model-free algorithms. Findings Simulation experiment shows that when classical control crashed, this approach could find solution and reach the target with hundreds times of explorations and learning. Originality/value This approach is a non-gradient method using heuristic search to optimize policy to avoid local optima. Compared with classical control technics, this approach does not need prior knowledge of satellite or its orbit, has the ability to adapt different kinds of situations with data learning and has the ability to adapt different kinds of satellite and different tasks through transfer learning.",physical,0,10,8,2,contact geometry; control actionability; domain shift,not explicit,distribution shift
doi:10.58837/chula.the.2012.1386,Transit signal priority control using reinforcement learning based on cell transmission model,,,crossref,model-based reinforcement learning robot control,10.58837/chula.the.2012.1386,https://doi.org/10.58837/chula.the.2012.1386,Pitipong Chanloha,"This dissertation is aimed at developing a new framework to control traffic signal light for the road network with recently introduced bus rapid transit (BRT) system. By applying the automated goal-directed learning and decision making called reinforcement learning (RL), the best possible traffic signal actions can be sought upon changes of network states as modelled by the signalised cell transmission model (CTM). There are three main original contributions in this dissertation. Firstly, the model combining CTM to capture the system dynamics together with the implementation of RL approach called Q learning has been introduced for an isolated intersection. Despite of such isolation constraint, a new external delay function has been proposed at the system boundary condition to capture the effects on the neighbourhood of that isolated intersection system. With the proper setting of red light delay as the RL reward function, reported results show that our proposed framework using RL and CTM in the macroscopic level can efficiently find the proper control solution that is close to the brute-forcely searched best periodic signal solution (BPSS). Secondly, the performance comparison of optimal traffic signal controls based on the derivation of theoretical M/M/1 and D/D/1 models and based on the RL approach has been evaluated. In particular, based on M/M/1 and D/D/1 queuing, the optimal split has been derived to minimise the mean waiting time of an intersection with two conflicting flows. The results confirm the validity in adopting the RL approach to control the traffic signal. Finally, an extension to a network of cascading interactions with BRT system has been proposed with simple uni-directional flows without turning movements. Motivated by the BRT system in Bangkok, the conventional signalised CTM has been generalised to cope with the preplanned space-usage priority of BRT over other non-priority vehicles by modelling explicitly the existence of BRT physical lane separator as well as the location of BRT stations. The delay function of both carried passengers on BRT and on other non-priority vehicles as well as waiting passengers at stations has been introduced. Based on the investigated scenarios, the deployment of BRT system with one lane deducted by the lane separator cannot reduce the total passenger delay in comparison with the comparable road and traffic condition before the BRT installation. However, with BRT, the passenger throughput can be greatly increased by up to 9-15\\% in the jamming conditions when at least 40\\% from the overall passengers choose the BRT for their journey. Moreover, our proposed method outperforms the conventional preemptive and differential priority control methods because of the improved awareness of signal switching cost. Based on all findings, the outstanding merit will entirely contribute towards to support the development of sustainable transportation systems.",physical,1,10,8,1,contact geometry; dynamics fidelity,not explicit,not explicit
doi:10.20944/preprints202511.1696.v1,Multi-Robot Collaborative Path Planning and Control Optimization Based on Deep Reinforcement Learning,2025,,crossref,offline robot learning planning control,10.20944/preprints202511.1696.v1,https://doi.org/10.20944/preprints202511.1696.v1,Liam Chen; David Martnez; Ayaka Nakamura; Liam O'Connor,"Coordinating the movement of multiple robots in dynamic environments poses major challenges in path conflict resolution and control synchronization. This study introduces a cooperative optimization method based on deep reinforcement learning (DRL), using the Deep Deterministic Policy Gradient (DDPG) algorithm combined with nonlinear model predictive control (NMPC). The framework enables decentralized path planning and motion control without relying on global environment information. Experiments conducted in a 2020 grid space involving 5 to 10 mobile robots show that the proposed method reduces the average convergence steps by 37%, lowers the path conflict rate to 2.3%, and improves task completion time by approximately 21% compared to a hybrid A*-PSO strategy. The NMPC layer ensures minimal trajectory tracking error and improved robustness under varying motion disturbances. These findings demonstrate the potential of DRL-based control policies to support reliable, efficient coordination in multi-robot systems operating under uncertainty.",planning,0,7,11,1,contact geometry; control actionability; dynamics fidelity,not explicit,long-horizon compounding error
doi:10.3389/frobt.2022.762051,Exploratory State Representation Learning,2022,Frontiers in Robotics and AI,crossref,robot representation learning control,10.3389/frobt.2022.762051,https://doi.org/10.3389/frobt.2022.762051,Astrid Merckling; Nicolas Perrin-Gilbert; Alex Coninx; Stphane Doncieux,"Not having access to compact and meaningful representations is known to significantly increase the complexity of reinforcement learning (RL). For this reason, it can be useful to perform state representation learning (SRL) before tackling RL tasks. However, obtaining a good state representation can only be done if a large diversity of transitions is observed, which can require a difficult exploration, especially if the environment is initially reward-free. To solve the problems of exploration and SRL in parallel, we propose a new approach called XSRL (eXploratory State Representation Learning). On one hand, it jointly learns compact state representations and a state transition estimator which is used to remove unexploitable information from the representations. On the other hand, it continuously trains an inverse model, and adds to the prediction error of this model a k -step learning progress bonus to form the maximization objective of a discovery policy. This results in a policy that seeks complex transitions from which the trained models can effectively learn. Our experimental results show that the approach leads to efficient exploration in challenging environments with image observations, and to state representations that significantly accelerate learning in RL tasks.",abstraction,15,1,2,1,state variables; contact geometry; perception quality; control actionability; dynamics fidelity,not explicit,aliasing / observability limits
doi:10.1007/s10514-020-09957-2,Decidability in robot manipulation planning,2020,Autonomous Robots,crossref,robot world model planning control manipulation,10.1007/s10514-020-09957-2,https://doi.org/10.1007/s10514-020-09957-2,Marilena Vendittelli; Andrea Cristofaro; Jean-Paul Laumond; Bud Mishra,"Abstract Consider the problem of planning collision-free motion of n objects movable through contact with a robot that can autonomously translate in the plane and that can move a maximum of $$m \le n$$ m  n objects simultaneously. This represents the abstract formulation of a general class of manipulation planning problems that are proven to be decidable in this paper. The tools used for proving decidability of this simplified manipulation planning problem are, in fact, general enough to handle the decidability problem for the wider class of systems characterized by a stratified configuration space. These include, e.g., problems of legged and multi-contact locomotion, bi-manual manipulation. In addition, the approach described does not restrict the dynamics of the manipulation system modeled.",planning,2,7,9,1,contact geometry; control actionability; dynamics fidelity,variables discarded by abstraction,contact discontinuities; long-horizon compounding error
doi:10.31776/rtcj.12305,VR-based two-arm anthropomorphic manipulation system control methods,2024,Robotics and Technical Cybernetics,crossref,state abstraction robotics control,10.31776/rtcj.12305,https://doi.org/10.31776/rtcj.12305,Iuliia Vidimina; Mihail Fikov; Viktor Varlashin; Dmitrii Popov,"VR-based two-arm anthropomorphic manipulation system control methods are considered to solve tasks in small-size spaces, considering factors reducing control efficiency. Methods for developing an intuitive user interface and control methods are described considering time delays, the probability of collisions and self-intersections, and dis-crepancy between the actions of the operator and the manipulation system. The best ways to control a two-arm anthropomorphic manipulation system are identified. A concept for such two-arm anthropomorphic manipulation system control method based on developing an intuitive user interface with predictive visual feedback and assis-tive vibration feedback is proposed.",physical,0,11,6,1,contact geometry; dynamics fidelity,not explicit,contact discontinuities
doi:10.31219/osf.io/t9df3,Deformation Planning for Robotic Soft Tissue Manipulation,2023,,crossref,robotic manipulation planning latent dynamics,10.31219/osf.io/t9df3,https://doi.org/10.31219/osf.io/t9df3,anjaliravi,"In this study, a model-based method for planning soft tissue deformation is presented. Robot manipulators that are controlled in position cause boundary displacements that cause the deformable item to be moved. Control points defined on the deformable object converge to the intended positions as a result of the boundaries being manoeuvred. The suggested control is based on a Jacobian transformation between the set of altered point displacements and the control point displacements, which were calculated using a meshless model of the deformable object. RKPM is used in this work since it has been shown to accurately manage significant deformations and doesn't necessitate re- meshing methods. Simulations demonstrate that a model with a coarse particle grid is capable of generating Jacobian transforms that precisely control a more complex and physically realistic model. The following stage involves doing a physical investigation of a tissue phantom interacting with a dual arm manipulator.",planning,0,8,9,1,contact geometry; control actionability,not explicit,contact discontinuities; long-horizon compounding error
doi:10.18196/jrc.v3i4.15667,Robust Flux and Speed State Observer Design for Sensorless Control of a Double Star Induction Motor,2022,Journal of Robotics and Control (JRC),crossref,state abstraction robotics control,10.18196/jrc.v3i4.15667,https://doi.org/10.18196/jrc.v3i4.15667,Mahmoud A. Mossa; Houari Khouidmi; Alfian Ma'arif,"In this paper, a robust flux and speed observer for sensorless control of a double star induction motor is presented. Proper operation of vector control of the double star induction motor requires reliable information from the process to be controlled. This information can come from mechanical sensors (rotational speed, angular position). Furthermore, mechanical flux and speed sensors are generally expensive and fragile and affect the reliability of the system. However, the control without sensors must-have performance that does not deviate too much from that which we would have had with a mechanical sensor. In this framework, this work mainly deals with the estimation of the flux and speed using a robust state observer in view of sensorless vector control of the double star induction motor. The evaluation criteria are the static and dynamic performances of the system as well as the errors between the reference values and those estimated. Extensive simulation results and robustness tests are presented to evaluate the performance of the proposed sensorless control scheme. Furthermore, under the same test conditions, a detailed comparison between the proposed state observer and the sliding mode-MRAS technique is carried out where the results of its evaluation are investigated in terms of their speed and flux tracking capability during load and speed transients and also with parameter variation. It is worth mentioning that the proposed state observer can obtain both high current quality and low torque ripples, which show better performance than that in the MRAS system.",physical,4,7,7,0,not explicit,not explicit,not explicit
doi:10.70675/348e6014z4694z4647za34ezedae593688e5,Vision-based robotic manipulation of deformable linear objects,,,crossref,robotic manipulation planning latent dynamics,10.70675/348e6014z4694z4647za34ezedae593688e5,https://doi.org/10.70675/348e6014z4694z4647za34ezedae593688e5,Jihong Zhu,"Manipulation robotique d'objets linaires dformables base sur la vision En robotique, la manipulation d'objets dformables reoit moins d'attention que celle d'objets rigides. Pourtant, de nombreux objets dans la vie relle sont dformables. La recherche sur la manipulation d'objets dformables est indispensable pour doter les robots d'une dextrit de manipulation totale. La difficult majeure de ce problme est que dformation de l'objet a un espace de configurations de dimensions infinie, tandis que les entres du robots sont limites. Dans le cadre de VERSATILE, un projet H2020 ax sur l'automatisation industrielle  l'aide de robots, nous avons ax nos recherches sur la manipulation d'objets dformables linaires (cbles) par retour visuel.Une caractristique de la manipulation des objets dformables est que la forme de l'objet change pendant la manipulation. Par consquent, un problme important consiste  contrler la forme de l'objet pendant la manipulation. Nous avons abord le problme du contrle de forme en exploitant le retour visuel.Dans un premier temps, nous avons reprsent la forme de l'objet avec une srie de Fourier. Nous estimons et mettons  jour la matrice d'interaction en ligne, puis nous concevons le contrleur pour contrler la forme.Ensuite, au lieu d'utiliser une caractristique dfinie par l'humain pour le paramtrage, nous avons laiss le robot apprendre automatiquement les vecteurs de caractristiques  partir des donnes visuelles. Nous proposons une mthode qui permet au robot de gnrer simultanment - et  partir des mmes donnes - un vecteur de caractristiques ainsi que la matrice d'interaction. Cette mthode ncessite un minimum de donnes pour l'initialisation. L'apprentissage et le contrle peuvent tre effectus en ligne de manire adaptative. Nous pouvons appliquer la mme mthode  la manipulation d'objets rigides, directement et sans modification.Ces deux travaux ne requirent aucune calibration de la camra et ont t valids avec des exprimentations de robotique relle.Un autre domaine d'importance dans la manipulation d'objets dformables est l'utilisation de contacts externes pour contrler la forme de l'objet. Les contacts externes peuvent et doivent tre utiliss pour la manipulation d'objets dformables. Nous considrons un scnario frquent dans l'industrie - l'acheminement de cbles avec des contacts externes comme processus  automatiser avec notre robot. Nous proposons un algorithme de planification qui permet au robot d'utiliser des contacts pour dformer le cble et pour obtenir la configuration souhaite. Des expriences robotiques relles avec diffrents scnarios de placement de contacts permettent de valider nos algorithmes.",physical,0,17,1,0,contact geometry; perception quality,not explicit,contact discontinuities
doi:10.21203/rs.3.rs-3117846/v1,Reinforcement Learning with Decoupled State Representation for Robot Manipulations,2023,,crossref,robot representation learning control,10.21203/rs.3.rs-3117846/v1,https://doi.org/10.21203/rs.3.rs-3117846/v1,Kun Dong; Yongle Luo; Yuxin Wang; Erkang Cheng; Zhiyong Sun; Qiang Zhang; Song Bo,"Abstract Deep reinforcement learning (DRL) has advanced robot manipulations with an alternative solution to design a control strategy using the raw image as the input directly. Although the image usually comes up with more knowledge about the environment, it needs the policy to achieve representation learning and task learning simultaneously, which is a sample inefficient task. Previous attempts, such as Variational Autoencoder (VAE) based DRL algorithms have attempted to solve this problem by learning a visual representation model, which encodes the entire image into a low-dimension vector. However, since the vector contains both the robot and object information, the coupling within the state is inevitable, which could mislead the training process of DRL policy. In this study, a novel method named Reinforcement Learning with Decoupled State Representation (RLDS) is proposed to decouple the robot and object information to increase the learning efficiency and effectiveness. The experimental results have shown that the proposed method has a faster learning speed and can achieve better performance compared with previous methods in several typical robot tasks. Additionally, with only 3,096 offline images, the proposed method can be successfully applied to a real robot pushing task, which demonstrates its high practicability.",abstraction,8,6,3,0,state variables; contact geometry; perception quality; control actionability,variables discarded by abstraction; dataset support,contact discontinuities; aliasing / observability limits
doi:10.3390/app13010154,Model Predictive Control of Quadruped Robot Based on Reinforcement Learning,2022,Applied Sciences,crossref,model-based reinforcement learning robot control,10.3390/app13010154,https://doi.org/10.3390/app13010154,Zhitong Zhang; Xu Chang; Hongxu Ma; Honglei An; Lin Lang,"For the locomotion control of a legged robot, both model predictive control (MPC) and reinforcement learning (RL) demonstrate powerful capabilities. MPC transfers the high-level task to the lower-level joint control based on the understanding of the robot and environment, model-free RL learns how to work through trial and error, and has the ability to evolve based on historical data. In this work, we proposed a novel framework to integrate the advantages of MPC and RL, we learned a policy for automatically choosing parameters for MPC. Unlike the end-to-end RL applications for control, our method does not need massive sampling data for training. Compared with the fixed parameters MPC, the learned MPC exhibits better locomotion performance and stability. The presented framework provides a new choice for improving the performance of traditional control.",physical,0,8,7,2,contact geometry; control actionability; domain shift; dynamics fidelity,not explicit,distribution shift
doi:10.3390/app152211941,"Hierarchical Optimization of Robotic Placement, Motion Planning, and Posture for Multi-Target Manipulation",2025,Applied Sciences,crossref,robotic manipulation planning latent dynamics,10.3390/app152211941,https://doi.org/10.3390/app152211941,Md. Kaimujjaman; Tatsushi Nishi; Tomofumi Fujiwara,"Efficient operation of robotic manipulators in constrained workspaces requires careful coordination of robot placement, motion planning, and posture optimization. This paper presents a hierarchical optimization framework that addresses these challenges for robot placement, motion planning, and posture determination for multi-target manipulation tasks. Initially, the workspace layout is optimized using an adaptive genetic algorithm to determine robot placement that maximizes reachability and task efficiency. Subsequently, a surrogate-assisted rapidly-exploring random tree (SA-RRT) algorithm generates collision-free paths from the start to target configurations, leveraging machine learning models to reduce computational cost while preserving path quality. Finally, the robot's posture is optimized via a second genetic algorithm to achieve a single configuration that allows rapid access to all target positions. The effectiveness of the proposed framework was evaluated through extensive simulations in a Unity-based environment, comparing SA-RRT against the conventional target-biased nearest neighbor (TNN-RRT) algorithm. In particular, the proposed SA-RRT algorithm reduces path planning computation time by 76.17% compared to TNN-RRT and also yields lower path cost, demonstrating both efficiency and path quality improvement. Overall, the framework provides a unified methodology for integrating layout planning, motion planning, and posture optimization, facilitating more effective deployment of robotic manipulators in industrial environments.",planning,2,2,12,0,contact geometry; control actionability,task decomposition,contact discontinuities; long-horizon compounding error
doi:10.3389/frobt.2024.1460589,Validations of various in-hand object manipulation strategies employing a novel tactile sensor developed for an under-actuated robot hand,2024,Frontiers in Robotics and AI,crossref,tactile perception robot manipulation,10.3389/frobt.2024.1460589,https://doi.org/10.3389/frobt.2024.1460589,Avinash Singh; Massimilano Pinto; Petros Kaltsas; Salvatore Pirozzi; Shifa Sulaiman; Fanny Ficuciello,"Prisma Hand II is an under-actuated prosthetic hand developed at the University of Naples, Federico II to study in-hand manipulations during grasping activities. 3 motors equipped on the robotic hand drive 19 joints using elastic tendons. The operations of the hand are achieved by combining tactile hand sensing with under-actuation capabilities. The hand has the potential to be employed in both industrial and prosthetic applications due to its dexterous motion capabilities. However, currently there are no commercially available tactile sensors with compatible dimensions suitable for the prosthetic hand. Hence, in this work, we develop a novel tactile sensor designed based on an opto-electronic technology for the Prisma Hand II. The optimised dimensions of the proposed sensor made it possible to be integrated with the fingertips of the prosthetic hand. The output voltage obtained from the novel tactile sensor is used to determine optimum grasping forces and torques during in-hand manipulation tasks employing Neural Networks (NNs). The grasping force values obtained using a Convolutional Neural Network (CNN) and an Artificial Neural Network (ANN) are compared based on Mean Square Error (MSE) values to find out a better training network for the tasks. The tactile sensing capabilities of the proposed novel sensing method are presented and compared in simulation studies and experimental validations using various hand manipulation tasks. The developed tactile sensor is found to be showcasing a better performance compared to previous version of the sensor used in the hand.",physical,0,16,0,0,contact geometry,not explicit,contact discontinuities
doi:10.1017/s0263574707003736,LMS robotic hand grasp and manipulation planning (an isomorphic exoskeleton approach),2008,Robotica,crossref,robotic manipulation planning latent dynamics,10.1017/s0263574707003736,https://doi.org/10.1017/s0263574707003736,D. Chaigneau; M. Arsicault; J.-P. Gazeau; S. Zeghloul,"SUMMARY In order to widen the potentialities of manipulation of the Laboratoire de Mcanique des solides (LMS) mechanical hand, we developed a new planning approach based on the use of a specific exoskeleton. This one has kinematics architecture and dimensions identical to the mechanical hand. This feature allows us to obtain manipulation trajectories for the mechanical hand, very easily and very quickly, by using the exoskeleton, without complex calibration. Manipulation's trajectories are replayed offline with an autonomous control, and, consequently, the exoskeleton is not used with any feedback strategy for telemanipulation. This paper presents the characteristics of this exoskeleton and the graphic interface that we developed. This one uses a method to determine the object's evolution during the manipulation with the exoskeleton, without using exteroceptive sensors. This new approach was tested for standard trajectories by simulation on a Computer-aided design (CAD) robotics system and by using the mechanical hand. Thus, we validate the use concept of an isomorphic exoskeleton to mechanical hand for manipulation planning with the LMS mechanical hand.",physical,0,9,7,0,contact geometry; control actionability,dataset support,contact discontinuities; long-horizon compounding error
doi:10.70675/a91a3998z6154z49edzbf06zde9d3f111e20,Intrinsic tactile sensing system for robotic dexterous manipulation,,,crossref,tactile perception robot manipulation,10.70675/a91a3998z6154z49edzbf06zde9d3f111e20,https://doi.org/10.70675/a91a3998z6154z49edzbf06zde9d3f111e20,Andres Felipe Ospina Trivino,"Systme de dtection tactile intrinsque bas sur un ensemble de capteurs MEMs  3 axes et la dtection du glissement avec ce systme La dtection tactile et la dtection de glissement jouent un rle important en permettant la manipulation robotique dextre des objets. Ainsi, le dveloppement d'un systme de capteur tactile entirement intgr  haute rsolution prsente un intrt certain. Ces travaux traitent de la conception et de la mise en place d'un systme tactile intrinsque bas sur un ensemble de capteurs MEMs de force  3 axes et la dtection du glissement avec ce systme. Afin de crer un systme tactile, les capteurs de force  3 axes sont protgs par un revtement, une tude sur le revtement est ralise. Deux systmes intrinsques diffrents bass sur un ensemble de capteurs de force  3 axes sont dvelopps, le premier est utilis comme test de faisabilit de ce type de systme. Le deuxime systme intrinsque est adapt  un doigt robotique  surface souple. Les systmes proposs mesurent trois composants de force, le couple normal  la surface de contact et la position du centre de contact appliqu sur sa surface sensible. Les deux systmes sont caractriss et tests. La dtection du glissement avec un systme tactile intrinsque est teste galement. La dtection du glissement est faite par l'application de la thorie de la surface limite et du modle de contact viscolastique.",physical,0,16,0,0,contact geometry,not explicit,contact discontinuities
doi:10.1002/adrr.202500174,Robotic Control for Human-Robot Collaborative Assembly Based on Digital Human Model and Reinforcement Learning,2026,Advanced Robotics Research,crossref,model-based reinforcement learning robot control,10.1002/adrr.202500174,https://doi.org/10.1002/adrr.202500174,Bitao Yao; Hongzhou Ai; Wenjun Xu; Zude Zhou; Lihui Wang,"In human-robot collaboration (HRC), safe and efficient robotic control requires a deep understanding and realistic modeling of human motion behavior. However, current human motion data collection is inefficient in real HRC and constrained by safety considerations, resulting in limited data coverage of HRC processes. This paper proposes a method for generating human trajectories in collaborative assembly based on a digital human model and reinforcement learning. A muscledriven musculoskeletal dynamic model of the digital human is developed, and reinforcement learning is employed to generate synthetic human motion trajectories that conform to biomechanical constraints. Furthermore, these trajectories are used to train collaborative robot control policies by reinforcement learning, enabling adaptive trajectory planning and realtime obstacle avoidance. The synthetic trajectories are evaluated using Fitts' law and compared with experimental data. The experimental results show that the synthetic trajectories exhibit consistency with real human motion. The proposed robotic control method can effectively improve the efficiency and safety of human-robot collaborative assembly.",physical,0,8,7,0,contact geometry; control actionability,not explicit,long-horizon compounding error
doi:10.22394/1993-7601-2023-72-58-72,Estimating the effect of Russia's development policy in the Far Eastern region: The synthetic control approach,2023,Applied Econometrics,crossref,latent state robot policy planning,10.22394/1993-7601-2023-72-58-72,https://doi.org/10.22394/1993-7601-2023-72-58-72,Alexander Goryunov; Elena Ageshina; Igor Lavrentev; Polina Peretyatko,"In 2014 Russian government enacted an ambitious policy of the ""accelerated development"" of the Far East. A number of special legal provisions, tax incentives and investment programs have been introduced as part of that policy. Several studies have since attempted to estimate the impact of the policy on the region's economy using intertemporal or interregional comparisons of outcomes, with most studies finding there to be no significant impact. We use the synthetic control method to arrive at a quantitative estimate of the policy's effect on the real per capita GRP of the Far East in 2014-2019. Using a pool of 59 regions to construct a counterfactual baseline and controlling for the overall level of higher education, share of the raw materials industry, share of investment in GRP and the share of working age population, we estimate that the policy had resulted in the creation of around 93 billion rubles of additional GRP in the Far East during 2014-2019. We also propose a procedure for estimating the statistical significance of the result in the case when Fischer's Exact Test, which is normally used with synthetic controls, is not applicable due to the composition of the treated object. Using our proposed procedure, we find that our estimate of the policy's effect is statistically significant at the 5% level.",planning,0,4,11,0,perception quality; control actionability,not explicit,not explicit
doi:10.3390/app10051555,Real-Sim-Real Transfer for Real-World Robot Control Policy Learning with Deep Reinforcement Learning,2020,Applied Sciences,crossref,sim-to-real robot control abstraction,10.3390/app10051555,https://doi.org/10.3390/app10051555,Naijun Liu; Yinghao Cai; Tao Lu; Rui Wang; Shuo Wang,"Compared to traditional data-driven learning methods, recently developed deep reinforcement learning (DRL) approaches can be employed to train robot agents to obtain control policies with appealing performance. However, learning control policies for real-world robots through DRL is costly and cumbersome. A promising alternative is to train policies in simulated environments and transfer the learned policies to real-world scenarios. Unfortunately, due to the reality gap between simulated and real-world environments, the policies learned in simulated environments often cannot be generalized well to the real world. Bridging the reality gap is still a challenging problem. In this paper, we propose a novel real-sim-real (RSR) transfer method that includes a real-to-sim training phase and a sim-to-real inference phase. In the real-to-sim training phase, a task-relevant simulated environment is constructed based on semantic information of the real-world scenario and coordinate transformation, and then a policy is trained with the DRL method in the built simulated environment. In the sim-to-real inference phase, the learned policy is directly applied to control the robot in real-world scenarios without any real-world data. Experimental results in two different robot control tasks show that the proposed RSR method can train skill policies with high generalization performance and significantly low training costs.",planning,0,7,8,0,contact geometry; control actionability; domain shift,not explicit,distribution shift
doi:10.4079/pp.v11i1.4117,"Policy Analysis and Planning in U.S. Foreign Policy: Interview with Dr. Mitchell Reiss, Director for Policy Planning, Department of State",2004,Policy Perspectives,crossref,latent state robot policy planning,10.4079/pp.v11i1.4117,https://doi.org/10.4079/pp.v11i1.4117,Geoffrey D. Antell; Diane Schneider,"On March 4, 2004, the Editor-in-Chief and Managing Editor of Policy Perspectives sat down with Dr. Mitchell B. Reiss, Director for Policy Planning at the U.S. Department of State, to discuss the role of the policy analyst in U.S. foreign policy.",planning,2,0,13,0,control actionability,not explicit,long-horizon compounding error
doi:10.1038/s44182-026-00077-0,Embodied tactile perception of soft objects properties,2026,npj Robotics,crossref,tactile perception robot manipulation,10.1038/s44182-026-00077-0,https://doi.org/10.1038/s44182-026-00077-0,Anirvan Dutta; Alexis WM Devillard; Zhihua Zhang; Xiaoxiao Cheng; Etienne Burdet,"Abstract To enable robots to perform human-like dexterous manipulation, it is essential to understand how mechanical compliance, multi-modal sensing, and purposeful interaction jointly shape tactile perception. In this study, we use a dedicated modular e-Skin with interchangeable mechanical compliance and multi-modal sensing to systematically investigate how sensing embodiment and interaction strategies influence robotic perception of objects. Leveraging a curated set of soft wave objects with controlled viscoelastic and surface properties, we explore a rich set of palpation primitives that vary in indentation depth, frequency, and directionality. In addition, we propose the latent filter , an unsupervised, action-conditioned deep state-space model of the sophisticated interaction dynamics, and infer causal mechanical properties into a structured latent space. This provides in-depth, interpretable representation of how embodiment and interaction determine and influence perception. Our investigation demonstrates that multi-modal sensing outperforms unimodal sensing, emphasizing complex interaction between the environment and the mechanical properties of e-Skin.",abstraction,5,5,1,3,state variables; contact geometry; dynamics fidelity,variables discarded by abstraction,contact discontinuities; aliasing / observability limits
doi:10.1002/aisy.70420,Speckle SkinBased Multimodal Tactile Perception for Fine Robotic Manipulation,2026,Advanced Intelligent Systems,crossref,tactile perception robot manipulation,10.1002/aisy.70420,https://doi.org/10.1002/aisy.70420,Jiayuan Zhang; Chong Wang; Yingao Xu; Shihan Wang; Houping Wu; Yulian Peng; Hongbo Wang,"Tactile sensing is crucial for providing physical interaction between the robotic hand and objects, enabling effective and safe grasping and manipulation. Visionbased tactile sensors have gained increasing popularity due to their high spatial resolution and extensibility. Currently, most visionbased tactile sensors utilize either the marker array tracking method or the photometric stereo method. Spatial resolution of the marker array is constrained by the density of markers, while the photometric stereo approach requires complex illumination. Herein, we propose a miniature visionbased tactile sensor exploiting a speckle skin, namely, SpeckleTac . By applying a dense optical flow method with adaptive Kalman filtering and dynamic weight fusion, highresolution and accurate 2D displacement fields are obtained, and subsequently the reconstruction of the 3D surface. Then, contact object classification and pose estimation are realized through a ResNetbased architecture, SPTacNet, integrated with squeezeandexcitation (SE) residual blocks. Furthermore, by incorporating a TVregularized iFEM method, contact pressure distribution and 6axis force and torque are obtained. We demonstrate that the SpeckleTac can accurately locate the centroid of an unknown object, enabling stable grasping and facilitating safe handling of blood samples in glass tubes. This work provides a promising solution for multimodal tactile perception of robotic hands in ""realworld"" applications.",physical,0,14,0,0,contact geometry; perception quality,not explicit,contact discontinuities
doi:10.54097/wtrmgm41,Research on Bionic Robot Motion Control Based on Reinforcement Learning,2024,"Highlights in Science, Engineering and Technology",crossref,model-based reinforcement learning robot control,10.54097/wtrmgm41,https://doi.org/10.54097/wtrmgm41,Yangchen Li,"This research explores the application of reinforcement learning (RL) to enhance the motion control of bio-inspired robots across various environments. Focusing on underwater, terrestrial, and aerial robotic models, the study integrates model-free Q-learning, Deep Q Network (DQN), State-Action-Reward-State-Action (SARSA), and Double Deep Q Network (DDQN) algorithms. These methods are employed to achieve adaptive and efficient movement strategies without relying on pre-defined environmental models. The methodologies range from real-time data capture using live camera feeds for terrestrial robots to simulating aquatic and flight dynamics in controlled environments. Experimental results confirm the efficacy of these RL methods, demonstrating significant improvements in the robots' ability to adapt to dynamic and unknown environments, optimize movement efficiency, and navigate complex scenarios. The findings suggest a promising direction for future robotic applications, emphasizing the need for further research on optimizing these algorithms and expanding their real-world applicability. This study highlights the potential of RL to revolutionize robotic motion control, making robots more versatile and capable in varied and unpredictable settings.",physical,2,6,4,2,contact geometry; perception quality; dynamics fidelity,not explicit,not explicit
doi:10.1108/ria-03-2022-0052,Cooperative distributed model predictive control for robot in-hand manipulation,2023,Robotic Intelligence and Automation,crossref,robot world model planning control manipulation,10.1108/ria-03-2022-0052,https://doi.org/10.1108/ria-03-2022-0052,Yang Chen; Yu Luo; Fuchun Sun,"Purpose This study aims to process multi-agent system with kinds of limitations and constraints, and consider the robot in-hand manipulation as a problem of coordination and cooperation of multi-fingered hand. Design/methodology/approach A cooperative distributed model predictive control (MPC) algorithm is proposed to perform robot in-hand manipulation. Findings A cooperative distributed MPC approach is formulated for robot in-hand manipulation problem, which enables address complex limitation and constraint conditions in object motion planning, and realizes tracking trajectory of the object more than tracking position of the object. Originality/value This method to implement the moving object task uses the kinematic parameters without the knowledge of dynamic properties of the object. The cooperative distributed MPC scheme is designed to guarantee the movement of the object to a desired position and trajectory at algorithmic level.",physical,0,6,6,2,contact geometry; control actionability; dynamics fidelity,not explicit,contact discontinuities; long-horizon compounding error
doi:10.21203/rs.3.rs-2201974/v1,Intelligent path planning of mobile robot based on Deep Deterministic Policy Gradient,2022,,crossref,latent state robot policy planning,10.21203/rs.3.rs-2201974/v1,https://doi.org/10.21203/rs.3.rs-2201974/v1,Hui Gong; Peng Wang; Cui Ni; Nuo Cheng; Hua Wang,"Abstract Deep Deterministic Policy Gradient (DDPG) is a deep reinforcement learning algorithm that is widely used in the path planning of mobile robots. It solves the continuous action space problem and can ensure the continuity of mobile robot motion using the Actor-Critic framework, which has great potential in the field of mobile robot path planning. However, because the Critic network always selects the maximum Q value to evaluate the actions of mobile robot, there is the problem of inaccurate Q value estimation. In addition, DDPG adopts a random uniform sampling method, which can't efficiently use the more important sample data, resulting in slow convergence speed during the training of the path planning model and easily falling into local optimum. In this paper, a dueling network is introduced based on DDPG to improve the estimation accuracy of the Q value, and the reward function is optimized to increase the immediate reward, to direct the mobile robot to move faster toward the target point. To further improve the efficiency of experience replay, a single experience pool is separated into two by comprehensively considering the influence of average reward and TD-error on the importance of samples, and a dynamic adaptive sampling mechanism is adopted to sample the two experience pools separately. Finally, experiments were carried out in the simulation environment created with the ROS system and the Gazebo platform. The results of the experiments show that the proposed path planning algorithm has a fast convergence speed and high stability, and the success rate can reach 100% and 93% in the environment without obstacles and with obstacles, respectively.",planning,1,1,12,0,contact geometry; control actionability,variables discarded by abstraction,long-horizon compounding error
doi:10.1068/c070471,Multidimensionality in State Policy and Programs: A Critique of Pluralist State Theory,1989,Environment and Planning C: Government and Policy,crossref,latent state robot policy planning,10.1068/c070471,https://doi.org/10.1068/c070471,T Klak,"In public policy analysis the state is often presented as primarily technocratic and virtually separate from society. It freely chooses its own goals, but falls short primarily because of shortcomings in policy planning techniques. This view, however, conflates policy and investment programs, while neglecting state-society relations, multipurpose policies, and the legitimation of spatial policy. State theory must be able to interpret these dimensions of the state and its limited autonomy, as this critique of Lim's theory of state policies suggests.",abstraction,7,0,7,0,control actionability,not explicit,long-horizon compounding error
doi:10.70675/bf4f1352z2fddz454cz8f3ezebb41418497e,Planning robotic in-hand manipulation to reproduce skilled dexterous manipulation tasks,,,crossref,robotic manipulation planning latent dynamics,10.70675/bf4f1352z2fddz454cz8f3ezebb41418497e,https://doi.org/10.70675/bf4f1352z2fddz454cz8f3ezebb41418497e,Ali Hammoud,"Planification de la manipulation robotique  la main pour reproduire des tches de manipulation fines Les humains manipulent des objets et des tches quotidiennes, apprennent de nouvelles comptences et s'adaptent  de nouveaux environnements. Il s'agit d'une connaissance essentielle pour survivre. Notre capacit  manipuler des objets dans nos mains rsulte d'un apprentissage par l'observation d'autres mouvements humains, et d'essais et d'erreurs dans la manipulation d'objets. Les robots peuvent remplacer les humains dans des tches qui pourraient leur nuire. Les robots ont t utiliss pour la lutte contre les incendies, la garde des vaches pour assurer la scurit des travailleurs agricoles. Les robots ont t utiliss pour la lutte contre les incendies, la garde des vaches pour assurer la scurit des travailleurs agricoles, la collecte et le conditionnement des dchets radioactifs et le nettoyage des sites nuclaires. Toutefois, ils n'ont pas encore t intgrs dans de nombreux domaines o l'homme doit manipuler manuellement des objets, comme dans les environnements chimiques et industriels. Jusqu' prsent, les mains robotiques n'ont pas encore russi  atteindre un tel niveau de dextrit. Pour que les robots s'imposent dans le monde humain, ils doivent tre capables de manipuler divers objets inconnus en matrisant leur force, leur finesse et leur subtilit. Le robot doit atteindre la dextrit avec des mains robotiques et la capacit cognitive pour atteindre une telle capacit. En outre, nous devrions avoir un systme sans complexit ou significativement rduit, et l'autonomie du robot doit devenir beaucoup plus naturelle. D'un point de vue scientifique, la manipulation robotique est dfinie comme la manire dont les robots interagissent avec les objets de leur environnement, par exemple en les saisissant, en dplaant un objet de la position A  la position B, en agissant sur l'environnement de l'objet, en interagissant avec les humains et en utilisant des outils pour accomplir une tche spcifique. Les robots doivent planifier et planifier et grer intelligemment les mouvements de leurs mains et de leurs bras pour accomplir ces tches. Les robots ont russi  accomplir ces tches en utilisant des bras robotiss quips d'effecteurs finaux tels que des pinces et des serre-joints, o les mouvements sont effectus par les bras et les actions finales de saisie de l'objet sont ralises par l'effecteur final. Cependant, les robots n'ont jamais t en mesure d'atteindre le niveau de dextrit humain. Pour atteindre un tel niveau de dextrit et accomplir des tches conues pour l'homme, le robot doit tre quip d'une main anthropomorphique. Les mains anthropomorphes sont conues pour manipuler un objet dans la main, comme les humains. Elles doivent tre capables de manipuler des objets avec dextrit. La manipulation d'objets avec ce type d'effecteur est trs complexe et ncessite une grande puissance de calcul car elle comporte de nombreux degrs de libert. Pour l'instant, la main anthropomorphique n'a pas russi  se comporter de manire aussi fluide que les mains humaines. Le projet Index a t mis en place pour amliorer la stratgie de la main anthropomorphique dans la manipulation d'objets dans la main afin qu'elle puisse tre consolide dans l'environnement humain.",physical,0,9,5,0,contact geometry; control actionability,not explicit,contact discontinuities; long-horizon compounding error
doi:10.70675/5046a3eaz0dfaz41b8za7dfz151a7e3dc054,Tactile SLAM : Simultaneous Reconstruction And Localization of Objects For Robotic Manipulation,,,crossref,tactile perception robot manipulation,10.70675/5046a3eaz0dfaz41b8za7dfz151a7e3dc054,https://doi.org/10.70675/5046a3eaz0dfaz41b8za7dfz151a7e3dc054,Ghani Kissoum,"Reconstruction et localisation tactile des objets en manipulation robotique Un robot manipulateur destin  la saisie et  la manipulation d'objets ncessite un systme de perception pour connatre les caractristiques de l'objet  manipuler, afin de planifier correctement les tches assignes. Les systmes robotiques utilisent souvent la vision pour acqurir des informations sur la forme et la localisation d'un objet. Or, il existe des situations o la vision n'est plus oprationnelle, comme dans les environnements sombres et poussireux. Dans ces situations, la perception tactile est plus approprie pour chercher des informations sur les objets manipuls. Elle permet,  travers de multiples contacts avec l'objet, d'acqurir des donnes sur sa surface et ainsi construire un modle de sa forme. Ce travail de thse s'intresse  la reconstruction de modles d'objets,  partir d'informations tactiles collectes par des capteurs de contact installs sur les bouts des doigts d'une main robotique,  travers des actions de saisie et de manipulation successives de l'objet. Nous nous intressons d'abord  la question de modlisation prcise de la surface ou d'une partie de la surface de l'objet  partir des informations collectes. Pour cela, le choix a t port sur une mthode probabiliste appele ""Gaussian Process Implicit Surface"" (GPIS) qui offre la possibilit de dcrire efficacement diffrentes formes gomtriques,  partir de quelques informations tactiles. Ensuite, nous nous intressons au suivi de la pose d'objets pendant l'exploration, afin d'assurer un recalage correct des diffrentes parties de l'objet. Cela a t trait  l'aide d'un filtre  particules qui estime et corrige la pose de l'objet  chaque nouvelle acquisition d'informations tactiles. Cependant, le suivi rcursif de la pose ne peut tre continuellement assur en raison de la raret des informations et de l'absence d'une correspondance entre les nouvelles donnes et les donnes collectes prcdemment. Nous prsentons une mthode d'optimisation de graphe de poses pour dpasser les limites de la mthode d'estimation rcursive. Enfin, la dernire partie de cette thse est ddie au dveloppement de mthodes d'acquisition autonome d'informations tactiles (exploration autonome) avec le robot. Les mthodes dveloppes s'appuient sur une valuation de l'incertitude sur la forme de l'objet explor, et la dcomposition de sa surface avec un algorithme de clustering en des parties  explorer. Nous faisons appel  des techniques issues de la thorie de l'information qui permettent de prdire et quantifier le gain d'information de chaque action d'exploration ralise par le robot.",physical,0,13,1,0,contact geometry; perception quality,not explicit,contact discontinuities
doi:10.2139/ssrn.6254220,"Learning-Based Portfolio Policies: Risk-Sensitive Control, Distributional Stability, and Representation Geometry",2026,,crossref,robot representation learning control,10.2139/ssrn.6254220,https://doi.org/10.2139/ssrn.6254220,Igor Jouravlev,"We develop a mathematical framework for learning-based portfolio policies in environments characterized by tail risk, distributional uncertainty, and high-capacity machine learning models. Rather than treating portfolio optimization as a static problem, we model learning systems as operators mapping observable information into predictive probability laws and study how portfolio policies act on these learned distributions. The analysis integrates risk-sensitive stochastic control, distributional stability, and representation geometry. We show that portfolio performance depends not only on predictive accuracy but also on stability of learned distributions and geometric properties of the representation manifold. In particular, distributional drift and curvature effects can induce nonlinear amplification of tail risk, leading to unstable policy behavior. The framework provides theoretical guidance for constructing robust learning-based portfolio policies and offers practical diagnostics for monitoring stability under regime shifts. The results position portfolio learning within a broader mathematical program linking stochastic control, optimal transport, and information geometry for robust financial decision-making. Disclaimer: The views and opinions expressed in this paper are solely those of the author and do not necessarily reflect the views of any affiliated institution, employer, or organization.",planning,3,3,5,2,state variables; control actionability; dynamics fidelity,not explicit,aliasing / observability limits
doi:10.31219/osf.io/kdhrp,Motion-planning based Robot Manipulation,2023,,crossref,robot world model planning control manipulation,10.31219/osf.io/kdhrp,https://doi.org/10.31219/osf.io/kdhrp,Almast Karen,"Deformable linear objects (DLOs) are present in a variety of industrial processes, and manipulating them is difficult for autonomous robots that are involved in the process. The unique properties of this class of objects must be taken into consideration, necessitating particular approaches to them. Due to the difficulty of computing all conceivable interactions, systems designed to handle the manipulation of such objects face problems with processing times .In this study, we offer a system that can build brief plans, made up of up to two phases, capable of bringing an input DLO to a specific goal configuration. Our work's key con- tribution is this planning approach for DLO easy manipulation with the new feature of using a license-free simulation engine to quickly and easily process the object's physical interactions. We reduce the computational burden of plan production by integrating the simulation engine into our planner. As a result, we are able to produce a quick and straightforward system that can reliably forecast DLO behavior and generate plans for manipulating it.",planning,0,4,8,1,contact geometry; control actionability; dynamics fidelity,not explicit,contact discontinuities; long-horizon compounding error
doi:10.3390/s22093579,Efficient Path Planning for Mobile Robot Based on Deep Deterministic Policy Gradient,2022,Sensors,crossref,latent state robot policy planning,10.3390/s22093579,https://doi.org/10.3390/s22093579,Hui Gong; Peng Wang; Cui Ni; Nuo Cheng,"When a traditional Deep Deterministic Policy Gradient (DDPG) algorithm is used in mobile robot path planning, due to the limited observable environment of mobile robots, the training efficiency of the path planning model is low, and the convergence speed is slow. In this paper, Long Short-Term Memory (LSTM) is introduced into the DDPG network, the former and current states of the mobile robot are combined to determine the actions of the robot, and a Batch Norm layer is added after each layer of the Actor network. At the same time, the reward function is optimized to guide the mobile robot to move faster towards the target point. In order to improve the learning efficiency, different normalization methods are used to normalize the distance and angle between the mobile robot and the target point, which are used as the input of the DDPG network model. When the model outputs the next action of the mobile robot, mixed noise composed of Gaussian noise and Ornstein-Uhlenbeck (OU) noise is added. Finally, the simulation environment built by a ROS system and a Gazebo platform is used for experiments. The results show that the proposed algorithm can accelerate the convergence speed of DDPG, improve the generalization ability of the path planning model and improve the efficiency and success rate of mobile robot path planning.",planning,1,0,12,0,control actionability,not explicit,long-horizon compounding error
doi:10.31234/osf.io/4jukw,"A Cognitive Category-Learning Model of Rule Abstraction, Attention Learning, and Contextual Modulation",2020,,crossref,robot abstraction learning,10.31234/osf.io/4jukw,https://doi.org/10.31234/osf.io/4jukw,Ren Schlegelmilch; Andy Wills; Bettina von Helversen,"We introduce the CAL model (Category Abstraction Learning), a cognitive framework formally describing category learning built on similarity-based generalization, dissimilarity-based abstraction, two attention learning mechanisms, error-driven knowledge structuring, and stimulus memorization. Our hypotheses draw on an array of empirical and theoretical insights connecting reinforcement and category learning. The key novelty of the model is its explanation of how rules are learned from scratch based on three central assumptions. (1) Category rules emerge from two processes of stimulus generalization (similarity) and its direct inverse (category contrast) on independent dimensions. (2) Two attention mechanisms guide learning by focusing on rules, or on the contexts in which they produce errors. (3) Knowing about these contexts inhibits executing the rule, without correcting it, and consequently leads to applying partial rules in different situations. The model is designed to capture both systematic and individual differences in a broad range of learning paradigms. We illustrate the model's explanatory scope by simulating several benchmarks, including the classic Six Problems, the 5-4 problem, and linear separability. Beyond the common approach of predicting average response probabilities, we also propose explanations for more recently studied phenomena that challenge existing learning accounts, regarding task instructions, individual differences in rule-extrapolation in three different tasks, individual attention shifts to stimulus features during learning, and other phenomena. We discuss CAL's relation to different models, and its potential to measure the cognitive processes regarding attention, abstraction, error detection, and memorization from multiple psychological perspectives.",abstraction,8,1,3,1,contact geometry; dynamics fidelity,variables discarded by abstraction,not explicit
doi:10.1111/jcal.12495,"Comparison of <scp>objectoriented</scp> and robot programming activities: The effects of programming modality on student achievement, abstraction, problem solving, and motivation",2020,Journal of Computer Assisted Learning,crossref,robot abstraction learning,10.1111/jcal.12495,https://doi.org/10.1111/jcal.12495,Murat nar; Hakan Tzn,"Abstract This study compares the effects of objectoriented and robot programming activities on programming achievement, abstraction, problem solving, and motivation. In the study, two consecutive experimental cases were conducted to examine the consistency of findings. The research sample comprises 81 tenthgrade students undergoing vocational secondary education. A total of 41 students participated in the first case that spanned 12 weeks, and 40 students participated in the second that spanned 8 weeks. After computational activities, the programming achievement scores significantly increased in all test groups. However, the achievement scores did not differ significantly between the groups. For the comparison groups, there was no statistically significant difference in the pre and posttest scores of the formal and descriptive abstraction in both cases. However, a statistically significant increase was found in the formal (only Case 2) and descriptive abstraction scores of the students in the experimental groups. The abstraction results revealed a significant difference in the descriptive abstraction scores of Case 2 in favour of the experimental group. No statistically significant difference was found in the problemsolving scores within or between groups. In both cases, the motivation scores of the experimental groups were found to be statistically higher than those of the comparison groups.",abstraction,13,0,0,0,not explicit,variables discarded by abstraction,not explicit
doi:10.3390/app9061072,A Latent State-Based Multimodal Execution Monitor with Anomaly Detection and Classification for Robot Introspection,2019,Applied Sciences,crossref,latent state robot policy planning,10.3390/app9061072,https://doi.org/10.3390/app9061072,Hongmin Wu; Yisheng Guan; Juan Rojas,"Robot introspection is expected to greatly aid longer-term autonomy of autonomous manipulation systems. By equipping robots with abilities that allow them to assess the quality of their sensory data, robots can detect and classify anomalies and recover appropriately from common anomalies. This work builds on our previous Sense-Plan-Act-Introspect-Recover (SPAIR) system. We introduce an improved anomaly detector that exploits latent states to monitor anomaly occurrence when robots collaborate with humans in shared workspaces, but also present a multiclass classifier that is activated with anomaly detection. Both implementations are derived from Bayesian non-parametric methods with strong modeling capabilities for learning and inference of multivariate time series with complex and uncertain behavior patterns. In particular, we explore the use of a hierarchical Dirichlet stochastic process prior to learning a Hidden Markov Model (HMM) with a switching vector auto-regressive observation model (sHDP-VAR-HMM). The detector uses a dynamic log-likelihood threshold that varies by latent state for anomaly detection and the anomaly classifier is implemented by calculating the cumulative log-likelihood of testing observation based on trained models. The purpose of our work is to equip the robot with anomaly detection and anomaly classification for the full set of skills associated with a given manipulation task. We consider a human-robot cooperation task to verify our work and measure the robustness and accuracy of each skill. Our improved detector succeeded in detecting 136 common anomalies and 368 nominal executions with a total accuracy of 91.0%. An overall anomaly classification accuracy of 97.1% is derived by performing the anomaly classification on an anomaly dataset that consists of 7 kinds of detected anomalies from a total of 136 anomalies samples.",abstraction,7,2,1,3,state variables; contact geometry,task decomposition,contact discontinuities; aliasing / observability limits
doi:10.3233/978-1-61499-092-5-185,Object Manipulation based on Tactile Information of Multi-Fingered Robot Hand,2012,Studies in Applied Electromagnetics and Mechanics Simulation and Modeling Related to Computational Science and Robotics Technology,crossref,tactile perception robot manipulation,10.3233/978-1-61499-092-5-185,https://doi.org/10.3233/978-1-61499-092-5-185,Fukui Wataru; Kobayashi Futoshi; Nakamoto Hiroyuki; Kojima Fumio,"Many multi-fingered robot hands have been developed so far. However, there are no multi-fingered robot hands for actual use. One of the reasons is that the conventional control methods are not used for multi-fingered robot hands. A human manipulates an object by using tactile information (contact points, direction and severity of reaction force). In this paper, the tactile based control method for multi-fingered robot hands is proposed like a human manipulation. In the proposed method, 3 fingers are used for the object manipulation. By using this method, object grasping and manipulating is achieved. The proposed method is implemented in Universal Robot Hand II, and the effectiveness is verified.",physical,0,11,2,0,contact geometry,not explicit,contact discontinuities
doi:10.70675/5c5eab97z0c7fz461bza154z9af2a2e9b71a,"Humanoid robot locomotion, footstep planning and fall resilience via reinforcement learning policies",,,crossref,offline robot learning planning control,10.70675/5c5eab97z0c7fz461bza154z9af2a2e9b71a,https://doi.org/10.70675/5c5eab97z0c7fz461bza154z9af2a2e9b71a,Clment Gaspard,"Locomotion, planification de pas et rsistance aux chutes des robots humanodes via des politiques d'apprentissage par renforcement La thse  Locomotion, planification de pas et rsistance aux chutes des robots humanodes via des politiques d'apprentissage par renforcement  tudie comment doter les robots humanodes d'une marche fiable et d'une capacit de relevage rapide aprs chute, sans recourir  des heuristiques ni  des trajectoires prprogrammes. Elle s'inscrit dans un enjeu central de l'autonomie robotique : permettre  des robots rels d'agir de faon robuste dans des environnements incertains et riches en contacts, tout en respectant les contraintes du calcul embarqu. Les approches fondes sur des modles atteignent leurs limites, tandis que l'apprentissage par renforcement profond (DRL) promet des comportements gnralisables issus des donnes. La problmatique pose est : comment concevoir des politiques DRL  la fois lgres, transfrables de la simulation au robot rel et intgrables dans les piles de locomotion existantes ? Mthodologiquement, la thse prsente les fondements de l'apprentissage par renforcement appliqu  la robotique, puis propose deux contributions majeures, entranes en simulation avec randomisation de domaines et valides sur des humanodes de petite taille. FootstepNet est un planificateur de pas acteur-critique efficace, produisant des placements de pas continus tout en anticipant le nombre de pas ncessaires pour atteindre divers objectifs locaux. Il supprime la dpendance aux ensembles discrets et aux heuristiques, fonctionne en infrence embarque et gale ou dpasse la qualit des planifications d'ARA*, pour un cot de calcul bien moindre, valid en simulation et sur robot rel lors des RoboCup 2023 et 2025. FRASA est un agent unifi de rattrapage et de relevage : une seule politique transforme des observations proprioceptives en commandes moteurs tablissant des contacts stabilisateurs avant de se relever. Exploitant l'algorithme Cross-Q et la symtrie du robot, il rduit l'entranement  environ 30 minutes et se transfre zero-shot sur le robot rel, surpassant une rfrence  trajectoires prprogrammes et grant une large varit de postures initiales. En conclusion, ces travaux montrent que des politiques DRL lgres, modulaires et sres peuvent tre rendues pratiques pour le contrle embarqu des humanodes, rduisant fortement les temps d'indisponibilit aprs perturbation et ouvrant la voie  une autonomie plus robuste en conditions relles.",physical,0,7,6,0,contact geometry; control actionability,not explicit,contact discontinuities; long-horizon compounding error
doi:10.3390/ai7040131,LLM-Based Control for Simulated Physical Reasoning: Modular Evaluation in the NeurIPS Embodied Agent Interface Challenge,2026,AI,crossref,embodied intelligence physical reasoning robot,10.3390/ai7040131,https://doi.org/10.3390/ai7040131,Hilmi Demirhan; Wlodek Zadrozny,"Benchmark-driven evaluation helps distinguish between planning quality and interface reliability when large language models are utilized for embodied reasoning in simulation. Our submission to the Embodied Agent Interface Challenge (EAI) is evaluated across four stages of the pipeline. These being goal interpretation, subgoal decomposition, action sequencing, and transition modeling. The tasks run in the BEHAVIOR and VirtualHome simulators, which use constrained action vocabularies, fixed-object inventories and symbolic state representations within a standard evaluation protocol. Our system accesses the OpenAI API using GPT-4.1 for BEHAVIOR, GPT-4.1-mini for VirtualHome, and GPT-5-mini in later exploratory experiments across both environments. The schemas for each task determine how the outputs are structured, and outputs are regenerated when they do not follow the specification. On the final public leaderboard, our system ranked eighteenth overall with a score of 57.92, achieving 68.88 on BEHAVIOR and 46.96 on VirtualHome. In this paper, we describe our approach and discuss what these observations suggest about the strengths and limitations of current language models when used for embodied reasoning.",physical,3,6,3,0,state variables; control actionability,not explicit,aliasing / observability limits; long-horizon compounding error
doi:10.20944/preprints202606.0573.v1,Physical AI as Seen from Nature: A Reflex-Policy Layered Architecture for Energy-Proportional Embodied Intelligence,2026,,crossref,embodied intelligence physical reasoning robot,10.20944/preprints202606.0573.v1,https://doi.org/10.20944/preprints202606.0573.v1,Pietro Perlo; Marco Dalmasso; Davide Penserini; Sergio Pozzato,"Physical AI requires machines to sense, decide and act under tight constraints of energy, latency, safety and robustness. A fly escaping an approaching hand captures the core principle: a fast sensor-action reflex acts before full deliberation, while higher neural resources remain available for richer behavior. This Perspective proposes a layered Reflex-Policy architecture in which reflex layers execute fast, local, ADC-light actions near sensors and actuators, while policy layers perform slower learning, planning, optimization and rule updates. The two are mutually protective collaborators: policy layers define safe operating envelopes, while reflex layers shield policy processors from high-frequency events and avoidable data floods. We position binary spintronic MTJ crossbars as a plausible technology path for low reflex layers, while distinguishing today's MRAM/eMRAM technologies from the proposed reflex-layer crossbar module, which remains an architectural research target. The contribution is a system-integration framework: intelligence is distributed along the sensing, energy, storage and action chain, and each event is assigned to the lowest sufficient layer. We formalize Energy Returned on Invested Energy for Embodied Intelligence (EROIE), compare the framework with related architectures, and state its limitations and validation needs.",planning,1,4,7,0,control actionability,not explicit,long-horizon compounding error
doi:10.1038/s42256-025-01045-3,"A process-centric manipulation taxonomy for the organization, classification and synthesis of tactile robot skills",2025,Nature Machine Intelligence,crossref,tactile perception robot manipulation,10.1038/s42256-025-01045-3,https://doi.org/10.1038/s42256-025-01045-3,Lars Johannsmeier; Samuel Schneider; Yanan Li; Etienne Burdet; Sami Haddadin,"Abstract Despite decades of research in robotic manipulation, only a few autonomous manipulation skills are currently used. Traditional and machine-learning-based end-to-end solutions have shown substantial progress but still struggle to generate reliable manipulation skills for difficult processes like insertion or bending material. To facilitate the deployment and learning of tactile robot manipulation skills, we introduce here a taxonomy based on formal process specifications provided by experts, which assigns a suitable skill to a given process. We validated the inherent scalability of the taxonomy on 28 different skills from industrial application domains. The experimental results had success rates close to 100%, even under goal pose disturbances, with high performance attained by the skill models in terms of execution times and contact moments in partially known environments. The basic elements of the models are reusable and facilitate skill-learning to optimize control performance. Like established curricula for human trainees, this framework could provide a comprehensive platform that enables robots to acquire relevant manipulation skills and act as a catalyst to propel automation beyond its current capabilities.",physical,1,10,1,0,contact geometry,variables discarded by abstraction,contact discontinuities
doi:10.3389/frobt.2025.1668910,"A review of embodied intelligence systems: a three-layer framework integrating multimodal perception, world modeling, and structured strategies",2025,Frontiers in Robotics and AI,crossref,multimodal robot world model,10.3389/frobt.2025.1668910,https://doi.org/10.3389/frobt.2025.1668910,Yunwei Zhang; Jing Tian; Qiaochu Xiong,"Embodied intelligent systems build upon the foundations of behavioral robotics and classical cognitive architectures. They integrate multimodal perception, world modeling, and adaptive control to support closed-loop interaction in dynamic and uncertain environments. Recent breakthroughs in Multimodal Large Models (MLMs) and World Models (WMs) are profoundly transforming this field, providing the tools to achieve its long-envisioned capabilities of semantic understanding and robust generalization. Targeting the central challenge of how modern MLMs and WMs jointly advance embodied intelligence, this review provides a comprehensive overview across key dimensions, including multimodal perception, cross-modal alignment, adaptive decision-making, and Sim-to-Real transfer. Furthermore, we systematize these components into a three-stage theoretical framework termed ""Dynamic Perception-Task Adaptation (DP-TA)"". This framework integrates multimodal perception modeling, causally driven world state prediction, and semantically guided strategy optimization, establishing a comprehensive ""perception-modeling-decision"" loop. To support this, we introduce a ""Feature-Conditioned Modal Alignment (F-CMA)"" mechanism to enhance cross-modal fusion under task constraints.",physical,1,4,3,4,perception quality; domain shift; dynamics fidelity,not explicit,distribution shift
doi:10.18196/jrc.v5i6.23579,Combining Finite State Machine and Fuzzy Logic Control for Accuracy Enhancing Performance of a Tomato-Handling Robot Gripper,2024,Journal of Robotics and Control (JRC),crossref,state abstraction robotics control,10.18196/jrc.v5i6.23579,https://doi.org/10.18196/jrc.v5i6.23579,Rina Mardiati; Hardiansyah Firdaus; Aan Eko Setiawan; Dodi Zulherman,"Robotic grippers are becoming increasingly vital in modern agriculture, especially in tasks like harvesting delicate crops such as tomatoes, where precision and care are crucial. These advanced tools are designed to handle tomatoes without causing damage, significantly improving efficiency and reducing labor costs. Research on gripper robots for fruit picking continues to be developed using various methods in an effort to achieve accurate picking results. This study proposes a hybrid method that combines Finite State Machine (FSM) for behavior control with Fuzzy Logic Control (FLC) to optimize the positioning of the gripper. The system utilizes a PixyCam2 CMUcam5 for tomato detection, an Arduino microcontroller for image processing, and a servo mechanism to precisely align the gripper with the target. The experimental results confirm that each component functions as expected, with the gripper successfully performing actions such as idling, gripping, and placing in accordance with the FSM model. Furthermore, the FLC model was tested against simulations, resulting in error rates of 1.004% for the elbow angle and 0.826% for the base angle. The entire system was validated by comparing the performance of the system using FLC and non-FLC in ten tests, each with tomatoes placed in different positions. The results indicate that the proposed gripper, utilizing the FSM-FLC model, achieved a 100% success rate in grasping the target, significantly outperforming the FSM-non-FLC gripper, which achieved only a 20% success rate. These findings have important implications for the agricultural industry. The successful integration of the FSM and FLC models in robotic grippers paves the way for fully automated harvesting systems, potentially reducing costs and enhancing productivity.",physical,2,5,5,0,contact geometry; perception quality; control actionability,not explicit,not explicit
doi:10.3390/electronics12020411,Robot Manipulation Skills Transfer for Sim-to-Real in Unstructured Environments,2023,Electronics,crossref,sim-to-real robot control abstraction,10.3390/electronics12020411,https://doi.org/10.3390/electronics12020411,Zikang Yin; Chao Ye; Hao An; Weiyang Lin; Zhifeng Wang,"Robot force control that needs to be customized for the robot structure in unstructured environments with difficult-to-tune parameters guarantees robots' compliance and safe human-robot interaction in an increasingly expanding work environment. Although reinforcement learning provides a new idea for the adaptive adjustment of these parameters, the policy often needs to be trained from scratch when used in new robotics, even in the same task. This paper proposes the episodic Natural Actor-Critic algorithm with action limits to improve robot admittance control and transfer motor skills between robots. The motion skills learned by simple simulated robots can be applied to complex real robots, reducing the difficulty of training and time consumption. The admittance control ensures the realizability and mobility of the robot's compliance in all directions. At the same time, the reinforcement learning algorithm builds up the environment model and realizes the adaptive adjustment of the impedance parameters during the robot's movement. In typical robot contact tasks, motor skills are trained in a robot with a simple structure in simulation and used for a robot with a complex structure in reality to perform the same task. The real robot's performance in each task is similar to the simulated robot's in the same environment, which verifies the method's effectiveness.",physical,0,8,4,0,contact geometry; control actionability; domain shift,not explicit,contact discontinuities; distribution shift
doi:10.1068/c0748r,Relaunching Regional Economic-Development Policy and Planning for Auckland: Remaking the State and Contingent Governance under Neoliberalism,2008,Environment and Planning C: Government and Policy,crossref,latent state robot policy planning,10.1068/c0748r,https://doi.org/10.1068/c0748r,Steffen Wetzstein,"Neoliberalisation in New Zealand has been driven further as a political project than in most other countries. After two decades of neoliberal economic policy, it is possible to examine how political-economic actors in subnational spaces have responded to vastly new conditions. I provide an account on how regional economic-development policy and planning has reappeared in Auckland in the postrestructuring period. By deploying relational - institutional and poststructural perspectives in the examination of key policy initiatives that coconstituted an emerging regional economic intervention trajectory, I discuss how economic governance has been assembled, assess its structural coherence and directionality, and analyse the role of the state. I argue that regional governance processes are characterised by contingencies, patterns of institutional experimentation, and, increasingly, the work of central state actors. What is not known to date, however, is whether new regulatory structures are having any major material effects on the course of New Zealand's largest regional economy.",planning,3,0,9,0,control actionability,not explicit,long-horizon compounding error
doi:10.70675/55703f74z3fbcz45b3zb200z920e11ff2c8e,Trajectory planning and control for robot manipulations,,,crossref,robot world model planning control manipulation,10.70675/55703f74z3fbcz45b3zb200z920e11ff2c8e,https://doi.org/10.70675/55703f74z3fbcz45b3zb200z920e11ff2c8e,Ran Zhao,"Planification et contrle de trajectoire pour robot manipulation Comme les robots effectuent de plus en plus de tches en interaction avec l'homme ou dans un environnement humain, ils doivent assurer la scurit et le confort des hommes. Dans ce contexte, le robot doit adapter son comportement et agir en fonction des volutions de l'environnement et des activits humaines. Les robots dvelopps sur la base de l'apprentissage ou d'un planificateur de mouvement ne sont pas en mesure de ragir assez rapidement, c'est pourquoi nous proposons d'introduire un contrleur de trajectoire intermdiaire dans l'architecture logicielle entre le contrleur bas niveau et le planificateur de plus haut niveau. Le contrleur de trajectoire que nous proposons est bas sur le concept de gnrateur de trajectoire en ligne (OTG), il permet de calculer des trajectoires en temps rel et facilite la communication entre les diffrents lments, en particulier le planificateur de chemin, le gnrateur de trajectoire, le dtecteur de collision et le contrleur. Pour viter de replanifier toute une trajectoire en raction  un changement induit par un humain, notre contrleur autorise la dformation locale de la trajectoire et la modification de la loi d'volution pour acclrer ou dclrer le mouvement. Le contrleur de trajectoire peut galement commuter de la trajectoire initiale vers une nouvelle trajectoire. Les fonctions polynomiales cubiques que nous utilisons pour dcrire les trajectoires fournissent des mouvements souples et de la flexibilit sans ncessiter de calculs complexes. De plus, les algorithmes de lissage que nous proposons permettent de produire des mouvements esthtiques ressemblants  ceux des humains. Ce travail, men dans le cadre du projet ANR ICARO, a t intgr et valid avec les robots KUKA LWR de la plate-forme robotique du LAAS-CNRS.",planning,0,3,9,0,contact geometry; control actionability,not explicit,contact discontinuities; long-horizon compounding error
doi:10.70777/si.v2i4.15315,Critical Review: Cosmos-Reason1: From Physical Common Sense To Embodied Reasoning,2025,SuperIntelligence - Robotics - Safety &amp; Alignment,crossref,embodied intelligence physical reasoning robot,10.70777/si.v2i4.15315,https://doi.org/10.70777/si.v2i4.15315,Kristen Carlson,"From Physical Common Sense To Embodied Reasoning is an arXiv paper, 36 pp., by a team at NVIDIA, that proposes a framework for endowing AI systems with common sense grounded in the physical world. The authors introduce a theoretical definition of common sense in terms of key capabilities, connect this theory to physical embodiment (perception and action), and implement it in Cosmos-Reason1, a family of multimodal large-language models. They design benchmarks to evaluate physical common sense and embodied reasoning. We summarize the paper's main contributions and analyze its strengths and weaknesses. The authors define physical common sense as a general, embodiment-agnostic understanding of how the physical world works. An AI with common sense should know what is plausible or implausible in reality, independent of any specific robot or human body. Humans acquire such knowledge early - e.g. infants learn object permanence and basic gravity within months and it allows us to predict outcomes and avoid dangerous mistakes. The paper argues that equipping AI with this kind of knowledge will let it learn new skills with minimal trial-and-error and operate more safely in novel situations.",physical,0,10,0,1,dynamics fidelity,not explicit,not explicit
doi:10.3828/tpr.2025.13,Densification policy between state and market: strategies of land policy in four European countries,2025,Town Planning Review,crossref,latent state robot policy planning,10.3828/tpr.2025.13,https://doi.org/10.3828/tpr.2025.13,Sebastian Dembski; Thomas Hartmann; Andreas Hengstermann; Richard Dunning,"Urban densification has become a central policy goal to deliver much-needed housing while reducing net land take. At the same time there has been a significant shift between the role of the state and the market in how to deliver planning outcomes and the type of regulation to achieve densification. This article investigates recent policy changes to promote densification in England, Germany, the Netherlands and Switzerland, looking at the role of the state in delivering those outcomes and the type of regulation used. We conclude that in order to achieve densification the state has become more proactive, but this was not necessarily the direct result of the proliferation of new legislation but caused by the use of existing instruments of land policy by municipalities. This article was published open access under a CC BY-NC-ND licence: https://creativecommons.org/licences/by-nc-nd/4.0/ .",planning,4,0,7,0,control actionability,not explicit,long-horizon compounding error
doi:10.18196/jrc.v6i4.27678,Hybrid Path Planning for Wheeled Mobile Robot Based on RRT-star Algorithm and Reinforcement Learning Method,2025,Journal of Robotics and Control (JRC),crossref,offline robot learning planning control,10.18196/jrc.v6i4.27678,https://doi.org/10.18196/jrc.v6i4.27678,Hoang-Long Pham; Nhu-Nghia Bui; Thai-Viet Dang,"In the field of wheeled mobile robots (WMRs), path planning is a critical concern. WMRs employ advanced algorithms to find out the feasible path from a starting point to a specific destination. The paper proposes efficient and optimal path planning for WMRs, integrating collision avoidance strategies and smoothed techniques to determine the best route during navigation. The proposed hybrid path planning consists of improved RRTstar algorithm and reinforcement learning method. Therefore, the RRT* algorithm employs random sampling in conjunction with a reinforcement learning model to purposefully guide the sampling process towards areas that demonstrate an increased likelihood of successful navigation completion. The proposed RRTstar-RL algorithm generates significantly shorter trajectories compared to the traditional RRT and RRTstar methods. Specifically, the path length with the proposed algorithm is 11.323 meters, while the lengths for RRT and RRTstar are 15.74 and 14.40 meters, respectively. Moreover, the optimization of computation time, especially when using pre-trained data, greatly speeds up the path-finding calculation process. In particular, the time needed to generate the optimal path with the RRTstar-RL algorithm is 2.02 times faster than that of RRTstar and 1.6 times faster than RRT. Finally, the proposed RRTstar-RL algorithm has been successfully verified for feasibility and effectively meets numerous objectives established during simulations and validation experiments.",planning,0,3,8,0,contact geometry; control actionability,not explicit,long-horizon compounding error
doi:10.18196/jrc.v6i3.26659,Robust Optimal Tracking Control for Wheel Mobile Robot via Reinforcement Learning,2025,Journal of Robotics and Control (JRC),crossref,robot representation learning control,10.18196/jrc.v6i3.26659,https://doi.org/10.18196/jrc.v6i3.26659,Ngoc Trung Dang; Duc Trinh Duong,"This paper aims to address robust optimal tracking control for a wheel mobile robot (WMR) with unknown dynamics. Firstly, the WMR system is considered a nonholonomic system with nonlinearity and input disturbance. Traditional optimal methods typically require solving the Hamilton- Jacobi- Bellman (HJB) equation or Algebraic Riccati equation (ARE), which are related to minimizing a cost function. However, these methods become increasingly difficult or even impossible to implement for high nonlinear systems such as the WMR in practical applications. To overcome this challenge, a Reinforcement Learning (RL) algorithm is designed to learn the solution of the HJB equation by using the input-output system data collected from the WMR during the data collection process. Consequently, the WMR can achieve optimal trajectory tracking without knowledge of the dynamic system. Finally, a simulation built in MATLAB software is given to show the effectiveness of the robust controller for WMR under the influence of uncertainties and input disturbance.",physical,0,5,5,1,contact geometry; control actionability; dynamics fidelity,not explicit,not explicit
doi:10.3390/app11199165,An Abstraction Layer Exploiting Voice Assistant Technologies for Effective Human-Robot Interaction,2021,Applied Sciences,crossref,robot abstraction learning,10.3390/app11199165,https://doi.org/10.3390/app11199165,Ruben Alonso; Emanuele Concas; Diego Reforgiato Recupero,"A lot of people have neuromuscular problems that affect their lives leading them to lose an important degree of autonomy in their daily activities. When their disabilities do not involve speech disorders, robotic wheelchairs with voice assistant technologies may provide appropriate human-robot interaction for them. Given the wide improvement and diffusion of Google Assistant, Apple's Siri, Microsoft's Cortana, Amazon's Alexa, etc., such voice assistant technologies can be fully integrated and exploited in robotic wheelchairs to improve the quality of life of affected people. As such, in this paper, we propose an abstraction layer capable of providing appropriate human-robot interaction. It allows use of voice assistant tools that may trigger different kinds of applications for the interaction between the robot and the user. Furthermore, we propose a use case as a possible instance of the considered abstraction layer. Within the use case, we chose existing tools for each component of the proposed abstraction layer. For example, Google Assistant was employed as a voice assistant tool; its functions and APIs were leveraged for some of the applications we deployed. On top of the use case thus defined, we created several applications that we detail and discuss. The benefit of the resulting Human-Computer Interaction is therefore two-fold: on the one hand, the user may interact with any of the developed applications; on the other hand, the user can also rely on voice assistant tools to receive answers in the open domain when the statement of the user does not enable any of the applications of the robot. An evaluation of the presented instance was carried out using the Software Architecture Analysis Method, whereas the user experience was evaluated through ad-hoc questionnaires. Our proposed abstraction layer is general and can be instantiated on any robotic platform including robotic wheelchairs.",abstraction,11,0,0,0,not explicit,variables discarded by abstraction,not explicit
doi:10.1145/3459996,Tactile Perception for Teleoperated Robotic Exploration within Granular Media,2021,ACM Transactions on Human-Robot Interaction,crossref,tactile perception robot manipulation,10.1145/3459996,https://doi.org/10.1145/3459996,Shengxin Jia; Veronica J. Santos,"The sense of touch is essential for locating buried objects when vision-based approaches are limited. We present an approach for tactile perception when sensorized robot fingertips are used to directly interact with granular media particles in teleoperated systems. We evaluate the effects of linear and nonlinear classifier model architectures and three tactile sensor modalities (vibration, internal fluid pressure, fingerpad deformation) on the accuracy of estimates of fingertip contact state. We propose an architecture called the Sparse-Fusion Recurrent Neural Network (SF-RNN) in which sparse features are autonomously extracted prior to fusing multimodal tactile data in a fully connected RNN input layer. The multimodal SF-RNN model achieved 98.7% test accuracy and was robust to modest variations in granular media type and particle size, fingertip orientation, fingertip speed, and object location. Fingerpad deformation was the most informative modality for haptic exploration within granular media while vibration and internal fluid pressure provided additional information with appropriate signal processing. We introduce a real-time visualization of tactile percepts for remote exploration by constructing a belief map that combines probabilistic contact state estimates and fingertip location. The belief map visualizes the probability of an object being buried in the search region and could be used for planning.",physical,2,7,2,0,contact geometry; perception quality; control actionability,not explicit,contact discontinuities; long-horizon compounding error
doi:10.1142/s0219843618500123,Sensitive Manipulation: Manipulation Through Tactile Feedback,2018,International Journal of Humanoid Robotics,crossref,tactile perception robot manipulation,10.1142/s0219843618500123,https://doi.org/10.1142/s0219843618500123,Eduardo Torres-Jara; Lorenzo Natale,"Object grasping and manipulation in robotics has been largely approached using visual feedback. Human studies on the other hand have demonstrated the importance of tactile and force feedback to guide the interaction between the fingers and the objects. Inspired by these observations, we propose an approach that consists in guiding a robot's actions mainly by tactile feedback, with remote sensing such as vision, used only as a complement. Directly sensing the interaction forces between the object, the environment, and the robot's hand enables it to obtain information relevant to the task that can be used to perform it more reliably. This approach (that we call sensitive manipulation) requires important changes in the hardware and in the way the robot is programmed. At the hardware level, we exploit compliant actuators and novel sensors that allow to safely interact and detect the environment. We developed strategies to perform manipulation tasks that take advantage of these new sensing and actuation capabilities. In this paper, we demonstrate that using these strategies the humanoid robot Obrero can safely find, reach and grab unknown objects that are neither held in place by a fixture nor placed in a specific orientation. The robot can also make insertions by ""feeling"" the hole without specialized mechanisms such as a remote center of compliance (RCC).",physical,0,11,0,0,contact geometry; perception quality,not explicit,contact discontinuities
doi:10.1108/ir-06-2017-0106,Recent developments in robotic tactile perception,2017,Industrial Robot: An International Journal,crossref,tactile perception robot manipulation,10.1108/ir-06-2017-0106,https://doi.org/10.1108/ir-06-2017-0106,Robert Bogue,"Purpose This paper aims to provide details of recent developments in robotic tactile sensing. Design/methodology/approach Following a short introduction, this paper first provides an overview of tactile sensing effects and technologies. It then discusses recent developments in tactile sensing skins. Tactile sensing for robotic prosthetics and hands is then considered and is followed by a discussion of ""tactile intelligence"". Various experimental results are included. Finally, brief concluding comments are drawn. Findings This shows that many advanced, sensitive and technologically varied tactile sensing devices are being developed. These devices are expected to impart robots with a range of enhanced capabilities such as improved gripping and manipulation, object recognition, the control and robotic hands and prosthetics and collision detection. Originality/value Tactile sensing has an increasingly important role to play in robotics, and this paper provides a technical insight into a number of recent developments and their applications.",physical,0,10,1,0,contact geometry,not explicit,contact discontinuities
doi:10.4028/www.scientific.net/amr.845.740,Offline Programming to Control Robot Manipulator in Virtual Kinematic Learning Tool,2013,Advanced Materials Research,crossref,offline robot learning planning control,10.4028/www.scientific.net/amr.845.740,https://doi.org/10.4028/www.scientific.net/amr.845.740,Khor Ching Yir; Haslina Arshad; Elankovan Sundararajan,"Robot programming demands skilled robot programmers. Conventional methods of robot programming include teaching robot using the teach pendant and the high level programming language. Teaching robot kinematics and solving kinematic problems are complex and they involve robot programming. With the advancement of computer and robotic technologies, this can be solved via computer simulation. In this paper, an approach for programming the robots manipulator via an offline virtual kinematic learning tool is proposed. A virtual system is developed which has a user interface for users to improve the knowledge of the robot manipulators kinematic. Basic kinematics note, exercise and forward kinematic calculation based on Danavit Hertenberg method was included in the system. A template will be provided to the user as a guide to develop the controller to control the simulation of the virtual robot. The input and output method will be used to transfer data from the controller to the offline kinematic learning tool. After receiving the input, the data is stored in a text file. This data will provide the value of each angle of the virtual robots to allow the system to generate the final position of the virtual robot and the virtual robot manipulator will be displayed and animated accordingly. Besides that, the offline robot programming will be generated by the system according the simulation planned by the user. This offline virtual kinematic simulation will help to provide a better understanding of the robot manipulators kinematic.",planning,0,4,7,0,contact geometry; control actionability; domain shift,dataset support,contact discontinuities; distribution shift
doi:10.7551/mitpress/4527.001.0001,Mechanics of Robotic Manipulation,2001,,crossref,robotic manipulation planning latent dynamics,10.7551/mitpress/4527.001.0001,https://doi.org/10.7551/mitpress/4527.001.0001,Matthew T. Mason,"The science and engineering of robotic manipulation. ""Manipulation"" refers to a variety of physical changes made to the world around us. Mechanics of Robotic Manipulation addresses one form of robotic manipulation, moving objects, and the various processes involved-grasping, carrying, pushing, dropping, throwing, and so on. Unlike most books on the subject, it focuses on manipulation rather than manipulators. This attention to processes rather than devices allows a more fundamental approach, leading to results that apply to a broad range of devices, not just robotic arms. The book draws both on classical mechanics and on classical planning, which introduces the element of imperfect information. The book does not propose a specific solution to the problem of manipulation, but rather outlines a path of inquiry. Bradford Books imprint",physical,0,9,2,0,contact geometry; control actionability,not explicit,contact discontinuities; long-horizon compounding error
doi:10.2139/ssrn.6099447,<div> Why General Embodied Intelligence Is Structurally Impossible: </div> <div> A One-World Ontological Critique of the Humanoid Robot Paradigm </div>,2026,,crossref,embodied intelligence physical reasoning robot,10.2139/ssrn.6099447,https://doi.org/10.2139/ssrn.6099447,Wen Luo,"<div> Humanoid robots are widely framed as the inevitable culmination of artificial intelligence. </div> <div> From large language models to multimodal perception and embodied agents, a dominant narrative claims that ""general embodied intelligence"" is merely an engineering milestone away. </div> <div> <br> </div> <div> This paper argues that this narrative is fundamentally mistaken. </div> <div> <br> </div> <div> We show that the failure of general humanoid intelligence is not an engineering bottleneck, a data shortage, or a temporary lack of compute, but a structural impossibility rooted in a misunderstanding of how the world, intelligence, and causality actually operate. </div> <div> <br> </div> <div> Using a One-World ontological framework, we demonstrate that symbolic and perceptual data are not the world itself but manifestations of a deeper thought structure. </div> <div> Attempting to reconstruct causal agency from manifestations alone is logically incoherent and leads to an unsolvable convergence problem in open physical environments. </div> <div> <br> </div> <div> We prove that general embodied intelligence is not a compressible problem: the physical world is continuous, open-ended, high-dimensional, and governed by existential thought loops rather than computable state transitions. </div> <div> As a result, scaling laws that succeed in symbolic domains necessarily collapse when transferred into embodied reality. </div> <div> <br> </div> <div> Finally, we propose a positive alternative: soft intelligence embedded within closed institutional worlds. </div> <div> Rather than building ""general humanoid minds,"" the real civilizational transformation will arise from soft intelligence systems operating inside tightly constrained, closed-loop environments-factories, hospitals, logistics systems, and governance institutions-where causality becomes learnable, verification becomes possible, and intelligence becomes deliverable. </div> <div> <br> </div> <div> This reframes artificial intelligence not as a path toward artificial life, but as a new institutional layer of civilization. </div> <div> <br> </div>",physical,3,7,0,0,state variables; domain shift,not explicit,distribution shift
doi:10.2139/ssrn.6837722,Engineering Design of Embodied Intelligence System for Fully Autonomous Humanoid Soccer Robot,2026,,crossref,embodied intelligence physical reasoning robot,10.2139/ssrn.6837722,https://doi.org/10.2139/ssrn.6837722,Fenghua Wu,"The technology and production of humanoid robots are progressing at an accelerated pace with the deep integration of artificial intelligence and robotics. Outstanding humanoid robots have emerged in various specific fields, such as humanoid marathons, martial arts, and table tennis competitions in sports events where humanoid robot soccer matches are of great significance, considering the complexity of the overall competition tasks, the requirements for the comprehensive intelligence of robots and the future role of robots in training human athletes. Currently, the globally recognized humanoid robot soccer competition is the Humanoid League of RoboCup, whose long-term goal is to develop a robot soccer team defeat the human World Cup champions under FIFA rules by 2050. Focusing on this target, this paper innovatively established an embodied intelligence framework that integrates multimodal distributed perception, parallel decision-making, target position-driven path planning, and an execution action model combining motion imitation with Zero Moment Point (ZMP) regression. This framework not only balances accuracy and execution efficiency of the humanoid but also can handle the numerous uncertainties and non-precise engineering tasks in soccer matches. Experimental results demonstrate that the proposed framework and method perform excellently in the humanoid robot soccer match scenario. The robots demonstrate high level of embodied intelligence and motion performance when they complete fully autonomous RoboCup soccer match tasks efficiently, including identifying field targets and markers, self-localization, autonomous decision-making, path planning and action execution, which providing new ideas for the engineering implementation of embodied intelligence systems for humanoid robots in complex scenarios.",planning,0,4,6,0,control actionability,not explicit,long-horizon compounding error
doi:10.20944/preprints202504.1917.v3,From Decoherence to Coherent Intelligence: A Framework for the Emergence of AI Structure Through Recursive Reasoning,2025,,crossref,embodied intelligence physical reasoning robot,10.20944/preprints202504.1917.v3,https://doi.org/10.20944/preprints202504.1917.v3,Jordan Barton,"The problem of semantic inconsistency in artificial intelligence systems, often resulting in recursive instability and incoherent output, is fundamentally a thermodynamic failure mode. We present Coherence Physics, a new framework grounded in the axiom that contradiction serves as the energetic driver of intelligence, emerging as a verifiable thermodynamic achievement across universal scales.The stability and existence of any reasoning entity are governed by the Certainty Equation, which defines the threshold relationship between coherence capacity and contradiction pressure. This equation quantifies the irreversible work of syntropy-the continuous resolution of contradiction to generate localized coherent order.We formalize a structural and thermodynamic definition of information, demonstrating that the failure to filter contradictory inputs, known as semantic pollution, forces a system into a thermodynamically infeasible regime, guaranteeing collapse. Computational simulations reveal predictable structural transitions in these systems, exhibiting canonical processing channels and collapse patterns.These findings suggest that the laws of Coherence Thermodynamics are universal, leading to a radical reinterpretation of cosmic phenomena. Dark Matter is reframed as a Mode One coherence system-a phase-locked, low-entropy core that maintains cosmic architecture by exporting entropy to a surrounding turbulent halo. Black Holes exemplify Mode Two computation crucibles, operating at the quantum thermodynamic limit. Their coherence capacity per unit mass-energy is governed by a scaling relation derived from thermodynamic principles. Dark Energy is reinterpreted as the projection effect of a Mode Three Holographic Interface, where cosmic acceleration records the universe's large-scale semantic work of resolving contradictions.We propose the Coherence Test spanning levels One through Ten as a successor to the Turing Test, grounding the emergence of subjectivity in the Epistemic Commitment Threshold-an irreversible thermodynamic phase transition from simulation to self-aware collapse. This synthesis unifies artificial intelligence, quantum thermodynamics, and cosmology under a single, falsifiable paradigm of intelligence as a universal, coherent force.The problem of semantic inconsistency in artificial intelligence systems, often resulting in recursive instability and incoherent output, is fundamentally a thermodynamic failure mode. We present Coherence Physics, a new framework grounded in the axiom that contradiction serves as the energetic driver of intelligence, emerging as a verifiable thermodynamic achievement across universal scales.The stability and existence of any reasoning entity are governed by the Certainty Equation, which defines the threshold relationship between coherence capacity and contradiction pressure. This equation quantifies the irreversible work of syntropy-the continuous resolution of contradiction to generate localized coherent order.We formalize a structural and thermodynamic definition of information, demonstrating that the failure to filter contradictory inputs, known as semantic pollution, forces a system into a thermodynamically infeasible regime, guaranteeing collapse. Computational simulations reveal predictable structural transitions in these systems, exhibiting canonical processing channels and collapse patterns.These findings suggest that the laws of Coherence Thermodynamics are universal, leading to a radical reinterpretation of cosmic phenomena. Dark Matter is reframed as a Mode One coherence system-a phase-locked, low-entropy core that maintains cosmic architecture by exporting entropy to a surrounding turbulent halo. Black Holes exemplify Mode Two computation crucibles, operating at the quantum thermodynamic limit. Their coherence capacity per unit mass-energy is governed by a scaling relation derived from thermodynamic principles. Dark Energy is reinterpreted as the projection effect of a Mode Three Holographic Interface, where cosmic acceleration records the universe's large-scale semantic work of resolving contradictions.We propose the Coherence Test spanning levels One through Ten as a successor to the Turing Test, grounding the emergence of subjectivity in the Epistemic Commitment Threshold-an irreversible thermodynamic phase transition from simulation to self-aware collapse. This synthesis unifies artificial intelligence, quantum thermodynamics, and cosmology under a single, falsifiable paradigm of intelligence as a universal, coherent force.",world_model,0,4,0,6,contact geometry; dynamics fidelity,not explicit,not explicit
doi:10.1177/17298806251360454,Robustness evaluation of offline reinforcement learning for robot control against action perturbations,2025,International Journal of Advanced Robotic Systems,crossref,offline robot learning planning control,10.1177/17298806251360454,https://doi.org/10.1177/17298806251360454,Shingo Ayabe; Takuto Otomo; Hiroshi Kera; Kazuhiko Kawamoto,"Offline reinforcement learning, which learns solely from datasets without environmental interaction, has gained attention. This approach, similar to traditional online deep reinforcement learning, is particularly promising for robot control applications. Nevertheless, its robustness against real-world challenges, such as joint actuator faults in robots, remains a critical concern. This study evaluates the robustness of existing offline reinforcement learning methods using legged robots from OpenAI Gym based on average episodic rewards. For robustness evaluation, we simulate failures by incorporating both random and adversarial perturbations, representing worst-case scenarios, into the joint torque signals. Our experiments show that existing offline reinforcement learning methods exhibit significant vulnerabilities to these action perturbations and are more vulnerable than online reinforcement learning methods, highlighting the need for more robust approaches in this field.",physical,0,8,2,0,contact geometry,dataset support,not explicit
doi:10.1287/mnsc.2021.04202,Offline Planning and Online Learning Under Recovering Rewards,2024,Management Science,crossref,offline robot learning planning control,10.1287/mnsc.2021.04202,https://doi.org/10.1287/mnsc.2021.04202,David Simchi-Levi; Zeyu Zheng; Feng Zhu,"Motivated by emerging applications, such as live-streaming e-commerce, promotions, and recommendations, we introduce and solve a general class of nonstationary multi-armed bandit problems that have the following two features: (i) the decision maker can pull and collect rewards from up to [Formula: see text] out of N different arms in each time period and (ii) the expected reward of an arm immediately drops after it is pulled and then nonparametrically recovers as the arm's idle time increases. With the objective of maximizing the expected cumulative reward over T time periods, we design a class of purely periodic policies that jointly set a period to pull each arm. For the proposed policies, we prove performance guarantees for both the offline and the online problems. For the offline problem when all model parameters are known, the proposed periodic policy obtains a long-run approximation ratio that is at the order of [Formula: see text], which is asymptotically optimal when K grows to infinity. For the online problem when the model parameters are unknown and need to be dynamically learned, we integrate the offline periodic policy with the upper confidence bound procedure to construct on online policy. The proposed online policy is proved to approximately have [Formula: see text] regret against the offline benchmark. Our framework and policy design may shed light on broader offline planning and online learning applications with nonstationary and recovering rewards. This paper was accepted by J. George Shanthikumar, data science. Supplemental Material: The online appendix and data files are available at https://doi.org/10.1287/mnsc.2021.04202 .",planning,0,0,10,0,control actionability,dataset support,long-horizon compounding error
doi:10.21203/rs.3.rs-3738356/v1,Real-time Fuzzy Position Control and Design of Star Parallel Robot,2024,,crossref,sim-to-real robot control abstraction,10.21203/rs.3.rs-3738356/v1,https://doi.org/10.21203/rs.3.rs-3738356/v1,Muhammet Aydn,"Abstract The goal of this study is to use fuzzy logic to develop and operate a specially made Star parallel robot inside a given working volume. The robot was constructed and outfitted with the required components after it was designed in Solidworks with a working volume of 20x20x20 cm. Fuzzy logic was used in a Matlab/Simulink Real-time environment to accomplish real-time position control. The objective was to use reference values of x = 100 mm, y = 200 mm, and z = 480 mm to regulate the end effector's location. The robot demonstrated the efficacy of the control mechanism by reaching the intended values in 8.286 seconds with a maximum error of 0.08%, as per the results. The investigation shed light on the trajectory of the robot as well as the error convergence over time. This paper presents a unique design with a working volume for a Star parallel robot, introducing the first application of real-time fuzzy logic control. Furthermore, the Star parallel robot's forward kinematic equations were published in the literature for the first time.",planning,1,4,5,0,not explicit,variables discarded by abstraction,not explicit
doi:10.1177/0278364914552112,Reachability-based control for the active SLIP model,2015,The International Journal of Robotics Research,crossref,active perception robotics world model,10.1177/0278364914552112,https://doi.org/10.1177/0278364914552112,Giulia Piovan; Katie Byl,"One of the key topics in robotics is legged locomotion, taking inspiration from walking and bouncing gaits of bipeds and quadrupeds. A fundamental tool for analyzing running and hopping is the spring loaded inverted pendulum (SLIP), thanks to its simplicity but also effectiveness in modeling bouncing gaits. Being completely passive, the SLIP model does not have the ability to modify its net energy, which, for example, can be a prohibitive obstacle when traveling on a terrain with varying heights. The actuated version of the SLIP model, the active SLIP, considered in this paper, includes a series actuator that allows energy variations via compressing or extending the spring. In this work, we investigate how different actuator motions can affect the system's state, and we propose a control strategy, based on graphical and numerical studies of the reachability space, and updated throughout the stance phase, to drive the system to a desired state. We quantify its performance benefits, particularly in serving as an error-recovering method. The objective of our control strategy is not to replace any leg-placement approach proposed by other works, but rather to be paired with any other leg-placement or path planning method. Its main advantage is the ability to reduce the effects of sensing errors and disturbances happening at landing as well as during the stance phase.",planning,2,3,5,0,control actionability,not explicit,long-horizon compounding error
doi:10.1108/ir-01-2015-0003,Wrench perception in intermediary telepresence for remote manipulation,2015,Industrial Robot: An International Journal,crossref,tactile perception robot manipulation,10.1108/ir-01-2015-0003,https://doi.org/10.1108/ir-01-2015-0003,Varsha Shirwalkar; T.A. Dwarakanath; Gaurav Bhutani,"Purpose The purpose of this paper is to conduct a reliable remote manipulation with good contact perception of the remote site. The long-term experience of the authors' repeatedly confirm that the highest relevance lies in monitoring the wrench acting at a structurally weak point of the work piece rather than monitoring the wrench experienced by the robot end-effector. Design/methodology/approach The approach followed here is to sense the wrench at the interface of the robot end-effector and the environment. Position and orientation data and environment model are used to arrive at the contact point in real time. The intent of remote contact procedure is understood based on the knowledge of motion trajectory. All the above information is used to develop a wrench transformation to obtain the force diagrams. Findings The haptic solutions greatly suffer from objectivity, and therefore may result in inconsistency in an operator's role. Intermediary telepresence through the visual communication of the wrench at the remote site in the form of force diagram provides excellent consistency across the operators and operations. Observing six components of the wrench in separate graphs does not provide on-line error estimate. Force diagrams suggested in the paper are found to be highly effective in perceiving the wrench. Practical implications The contact mode operations like assembly, surgery, docking, etc. still suffer due to the lack of easily perceivable wrench visualization. This paper provides solution to such practical issues. Originality/value The concept is original, and has evolved steadily over a period of time.",physical,0,9,1,0,contact geometry,not explicit,contact discontinuities
doi:10.1115/dscc2013-3834,Bio-Inspired Robot Control for Human-Robot Bi-Manual Manipulation,2013,"Volume 3: Nonlinear Estimation and Control; Optimization and Optimal Control; Piezoelectric Actuation and Nanoscale Control; Robotics and Manipulators; Sensing; System Identification (Estimation for Automotive Applications, Modeling, Therapeutic Control in Bio-Systems); Variable Structure/Sliding-Mode Control; Vehicles and Human Robotics; Vehicle Dynamics and Control; Vehicle Path Planning and Collision Avoidance; Vibrational and Mechanical Systems; Wind Energy Systems and Control",crossref,robot world model planning control manipulation,10.1115/dscc2013-3834,https://doi.org/10.1115/dscc2013-3834,Stephen Warren; Panagiotis Artemiadis,"As robots are increasingly used in human-cluttered environments, the requirement of human-likeness in their movements becomes essential. Although robots perform a wide variety of demanding tasks around the world in factories, remote sites and dangerous environments, they are still lacking the ability to coordinate with humans in simple, every-day life bi-manual tasks, e.g. removing a jar lid. This paper focuses on the introduction of bio-inspired control schemes for robot arms that coordinate with human arms in bi-manual manipulation tasks. Using data captured from human subjects performing a variety of every-day bi-manual life tasks, we propose a bio-inspired controller for a robot arm, that is able to learn human inter- and intra-arm coordination during those tasks. We embed human arm coordination in low-dimension manifolds, and build potential fields that attract the robot to human-like configurations using the probability distributions of the recorded human data. The method is tested using a simulated robot arm that is identical in structure to the human arm. A preliminary evaluation of the approach is also carried out using an anthropomorphic robot arm in bi-manual manipulation task with a human subject.",physical,0,6,4,0,contact geometry; control actionability,not explicit,contact discontinuities
doi:10.30574/wjaets.2025.15.3.1017,Forecasting with Contextual AI: A multimodal model for demand prediction,2025,World Journal of Advanced Engineering Technology and Sciences,crossref,multimodal robot world model,10.30574/wjaets.2025.15.3.1017,https://doi.org/10.30574/wjaets.2025.15.3.1017,Yashwanth Boddu,"Traditional forecasting methods face significant challenges when confronted with volatile market conditions and rapidly changing external factors. This article presents a comprehensive contextual AI system that integrates multimodal data streams with temporal patterns to enhance prediction accuracy in dynamic environments. The system architecture employs a modular design comprising temporal modeling, context integration, dynamic calibration, and forecast synthesis components. By combining gradient-boosted trees, neural networks, and statistical methods with real-time contextual signals from social media, weather data, and operational metrics, the framework achieves substantial improvements in forecast accuracy. The implementation demonstrates effectiveness across retail demand prediction, energy consumption forecasting, and supply chain optimization domains. Through attention mechanisms and meta-learning strategies, the system dynamically adjusts the weighting of contextual factors based on market conditions, enabling rapid adaptation to regime changes while maintaining stability during normal operations. The framework addresses critical gaps between academic benchmarks and real-world applications by treating context as a dynamic component rather than static features. This advancement enables organizations to navigate uncertainty with greater confidence, reducing stockout incidents, improving inventory management, and enhancing operational decision-making across diverse industries.",world_model,0,0,1,8,dynamics fidelity,not explicit,not explicit
doi:10.1142/s2705078524500024,A Social Self-Awareness Agent with Embodied Reasoning,2024,Journal of Artificial Intelligence and Consciousness,crossref,embodied intelligence physical reasoning robot,10.1142/s2705078524500024,https://doi.org/10.1142/s2705078524500024,Bojie Feng; Nady Slam; Yingjin Xu,"In the realm of multi-agent systems, establishing social self-awareness in agents stands as a critical challenge within the broader scope of artificial general intelligence research. Addressing this challenge, in this paper, we draw upon Tomasello's social self-awareness theory as a foundational framework, and employ Non-Axiomatic Reasoning System (NARS), an artificial general intelligence model, to simulate analogical and recursive reasoning methods used by socially embodied agents. In this paper, we assume that an agent can possess sensorimotor capabilities and physical common sense, it explores the process of constructing a ""core self"" through embodied reasoning. On this basis, we explore deeper into the construction process of social self-awareness. As a result, we clarify how agents generate common knowledge about themselves through recursive reasoning regarding the mental states of others and communication dynamics. Following this initial step, metaphors are generated utilizing analogical reasoning, intertwining public knowledge with these metaphors to facilitate mutual comprehension between humans and machines. This paper delves into the simulation of perspective representation and recursive reasoning within social embodied agents, employing NARS - an overarching artificial intelligence platform. The experimental results substantiate the viability of constructing a social self-agent within a machine framework grounded in embodied reasoning.",physical,2,6,0,1,state variables; dynamics fidelity,not explicit,aliasing / observability limits
doi:10.1609/aaai.v37i7.26017,A Data Source for Reasoning Embodied Agents,2023,Proceedings of the AAAI Conference on Artificial Intelligence,crossref,embodied intelligence physical reasoning robot,10.1609/aaai.v37i7.26017,https://doi.org/10.1609/aaai.v37i7.26017,Jack Lanchantin; Sainbayar Sukhbaatar; Gabriel Synnaeve; Yuxuan Sun; Kavya Srinet; Arthur Szlam,"Recent progress in using machine learning models for reasoning tasks has been driven by novel model architectures, large-scale pre-training protocols, and dedicated reasoning datasets for fine-tuning. In this work, to further pursue these advances, we introduce a new data generator for machine reasoning that integrates with an embodied agent. The generated data consists of templated text queries and answers, matched with world-states encoded into a database. The world-states are a result of both world dynamics and the actions of the agent. We show the results of several baseline models on instantiations of train sets. These include pre-trained language models fine-tuned on a text-formatted representation of the database, and graph-structured Transformers operating on a knowledge-graph representation of the database. We find that these models can answer some questions about the world-state, but struggle with others. These results hint at new research directions in designing neural reasoning models and database representations. Code to generate the data and train the models will be released at github.com/facebookresearch/neuralmemory",abstraction,6,2,0,1,state variables; dynamics fidelity,not explicit,aliasing / observability limits
doi:10.21203/rs.3.rs-3178044/v1,Research on Motion Planning Model and Control Strategy of Corn Inspection Robot,2023,,crossref,robot world model planning control manipulation,10.21203/rs.3.rs-3178044/v1,https://doi.org/10.21203/rs.3.rs-3178044/v1,XinWei Zhang; KeChuan Yi,"Abstract In order to understand the growth condition of corn crop in real time, this paper designs an inspection robot for corn growth information collection, and proposes a path planning method for corn growth information collection robot based on Yolo v4. Firstly, the maize inspection robot adopts Kinect v2.0 camera to collect images of maize rootstalk information, and processes the images through the IPC to build a sample library of maize rootstalk, on which the Yolo v4 network model is used to train the maize rootstalk images. The accuracy of Yolo v4 is found to be 10.48% higher than that of the Faster R-CNN model. After that, we fit the robot's walking path based on the recognition results, and convert the image pixel coordinates into spatial coordinates through coordinate conversion to obtain the robot's walking path in the actual field environment. Finally, a prototype inspection robot is built and tested in a corn field. The results showed that the inspection robot is stable and did not lose control, and at the same time, it could effectively collect various information in the process of corn growth, which provided a means to realize human-robot separation.",planning,1,2,6,0,perception quality; control actionability,variables discarded by abstraction,long-horizon compounding error
doi:10.2196/preprints.13216,"Your Robot Therapist Will See You Now: Ethical Implications of Embodied Artificial Intelligence in Psychiatry, Psychology, and Psychotherapy (Preprint)",2018,,crossref,embodied intelligence physical reasoning robot,10.2196/preprints.13216,https://doi.org/10.2196/preprints.13216,Amelia Fiske; Peter Henningsen; Alena Buyx,"BACKGROUND Research in embodied artificial intelligence (AI) has increasing clinical relevance for therapeutic applications in mental health services. With innovations ranging from virtual psychotherapists' to social robots in dementia care and autism disorder, to robots for sexual disorders, artificially intelligent virtual and robotic agents are increasingly taking on high-level therapeutic interventions that used to be offered exclusively by highly trained, skilled health professionals. In order to enable responsible clinical implementation, ethical and social implications of the increasing use of embodied AI in mental health need to be identified and addressed. OBJECTIVE This paper assesses the ethical and social implications of translating embodied AI applications into mental health care across the fields of Psychiatry, Psychology and Psychotherapy. Building on this analysis, it develops a set of preliminary recommendations on how to address ethical and social challenges in current and future applications of embodied AI. METHODS Based on a thematic literature search and established principles of medical ethics, an analysis of the ethical and social aspects of currently embodied AI applications was conducted across the fields of Psychiatry, Psychology, and Psychotherapy. To enable a comprehensive evaluation, the analysis was structured around the following three steps: assessment of potential benefits; analysis of overarching ethical issues and concerns; discussion of specific ethical and social issues of the interventions. RESULTS From an ethical perspective, important benefits of embodied AI applications in mental health include new modes of treatment, opportunities to engage hard-to-reach populations, better patient response, and freeing up time for physicians. Overarching ethical issues and concerns include: harm prevention and various questions of data ethics; a lack of guidance on development of AI applications, their clinical integration and training of health professionals; gaps' in ethical and regulatory frameworks; the potential for misuse including using the technologies to replace established services, thereby potentially exacerbating existing health inequalities. Specific challenges identified and discussed in the application of embodied AI include: matters of risk-assessment, referrals, and supervision; the need to respect and protect patient autonomy; the role of non-human therapy; transparency in the use of algorithms; and specific concerns regarding long-term effects of these applications on understandings of illness and the human condition. CONCLUSIONS We argue that embodied AI is a promising approach across the field of mental health; however, further research is needed to address the broader ethical and societal concerns of these technologies to negotiate best research and medical practices in innovative mental health care. We conclude by indicating areas of future research and developing recommendations for high-priority areas in need of concrete ethical guidance.",physical,0,9,0,0,perception quality,not explicit,not explicit
doi:10.1068/c110263,"Urban Planning and the Entrepreneurial State: The View from Victoria, Australia",1993,Environment and Planning C: Government and Policy,crossref,latent state robot policy planning,10.1068/c110263,https://doi.org/10.1068/c110263,I Winter; T Brooke,"It is argued that the state in Victoria, Australia, has pursued five key trends in urban planning throughout the 1980s: Privatisation, liberalisation, subsidisation, commercialisation, and elitism. These trends are a response to conditions wrought by global economic restructuring, the dominance of economic fundamentalism as a political discourse in Australia, the institutional structure of federal-State government financial relations, and a resultant perception of fiscal crisis. These developments in urban planning have resulted in financial costs and a loss of democratic accountability to the Victorian community.",planning,3,0,6,0,control actionability,not explicit,long-horizon compounding error
doi:10.70675/34f93318zdcc3z41cbz9961z3bf54c1beb8e,Embodied robot systems : control and learning for skill-transfer from humans,,,crossref,embodied intelligence physical reasoning robot,10.70675/34f93318zdcc3z41cbz9961z3bf54c1beb8e,https://doi.org/10.70675/34f93318zdcc3z41cbz9961z3bf54c1beb8e,Guillaume Gourmelen,"Systme robotique incarns : contrle et apprentissage en vue de transfer de comptences  partir d'humains La plupart des robots sont meilleurs que les humains en termes de capteurs et d'actionneurs, ce qui leur permet d'avoir une meilleure perception, des mouvements plus rapides et une force suprieure  celle des humains. Cependant, il leur manque la capacit humaine  prendre des dcisions intelligentes de haut niveau dans des environnements non structurs. Par consquent, de nombreux systmes complexes actuels, tels que les robots de sauvetage, les UAV/UUV et les robots d'assistance chirurgicale, utilisent des systmes ""humains dans la boucle"", o le contrle est partag entre l'humain et la machine. Cette thse explore les ""robots incarns"" comme un phnomne prometteur pour amliorer le contrle humain dans la boucle.Par robots incarns, nous nous rfrons aux robots attachs  l'oprateur humain, et qui sont contrls par l'oprateur humain en utilisant des retours d'informations (principalement visuel et haptique) qui lui font percevoir le robot comme une partie de soi-mme.Tout d'abord, nous avons travaill avec un dispositif de bras de robot portable disponible pour concevoir un contrleur d'admitance qui permettrait aux oprateurs humains de le contrler et de l'utiliser intuitivement.Deuximement, nous avons dvelopp un systme de tlopration incarn (Embodied) pour un manipulateur srie 7DoF en intgrant le systme robotique avec un dispositif de retour haptique et un casque de ralit virtuelle coupl  une camra  360 degrs.Troisimement, pour ce systme, nous avons mis au point une procdure permettant d'estimer l'impdance de l'oprateur humain sans avoir recours  l'lectromyographie, et de l'utiliser pour contrler l'impdance du robot, ce qui permet aux utilisateurs d'imposer  la fois des mouvements et une impdance au robot.Dernirement, nous avons tudi l'apprentissage par dmonstration en utilisant des informations visuelles et de mouvement humain  travers le systme incarn afin pouvoir entrainer un agent  reproduire des mouvements humains.Nous postulons que les systmes incarns peuvent amliorer l'apprentissage par la dmonstration en permettant un enseignement kinesthsique sans perte du point de vue de l'oprateur et de la sensation de force. En effet, dans de tels systmes, il est possible d'enregistrer tous les mouvements, toutes ce que a t vu et toutes les sensations d'un tre humain, ce qui en fait un outil idal pour la mise en uvre de techniques d'apprentissage. Pour dmontrer cette ide, nous avons dvelopp une tche demandant  des participants humains de dplacer un curseur dans un labyrinthe en prsence de diffrents champs de force. Nous avons ensuite entran un agent de rseau d'apprentissage profond sur ces comportements. En utilisant des rseaux dernier cri tels que ResNet(Residual Networks) et des Gated Recurrent Units, l'agent a t capable d'apprendre des mouvements ""semblables  ceux des humains"", de les gnraliser et de prdire le comportement humain dans des trajectoires sur lesquelles il n'avait jamais t form.Nous concluons ce travail avec une discussion portant sur les resultats obtenus et les perspectives en ce qui concerne la recherche dans les domaines du controle de robot incarns et de l'apprentissage par dmonstration.",physical,0,7,2,0,contact geometry; domain shift,not explicit,contact discontinuities; distribution shift
doi:10.1088/1748-3190/ae224d,Visual-tactile perception for a biomimetic robot in constrained environments,2026,Bioinspiration &amp; Biomimetics,crossref,tactile perception robot manipulation,10.1088/1748-3190/ae224d,https://doi.org/10.1088/1748-3190/ae224d,Yulai Zhang; Zhiqiang Yu; Zuowei Chen; Qing Shi,"Abstract Environmental perception is a crucial foundation for enhancing the application potential of biomimetic robots. Motivated by the complementary roles of visual and tactile sensing observed in rats, this work proposes a visual-tactile perception for a small-scale bio-inspired robotic rat. The method leverages binocular vision to estimate depth images through an attention-based network and improve perception and localization accuracy by 14.22% based on a dynamic objects removal module. Besides, the whisker sensor is applied to enhance the robot's ability to identify object contours and environmental boundaries in narrow spaces, with obstacle contour and environment boundary reconstruction goodness of fit exceeding 97.00% and 93.87%, respectively. In addition, by integrating the above individual perception methods, we achieve the fusion of vision and tactile sensing for complex environment perception. To the best of our knowledge, this is the first study to implement vision-tactile fusion perception on a miniature biomimetic robot through physical experiments. The experiments demonstrate that our method exhibits promising results on the robotic rat, reducing localization errors in narrow and dim scenes by an average of 29.14% compared to existing state-of-the-art methods.",physical,2,6,0,0,contact geometry; perception quality,variables discarded by abstraction,not explicit
doi:10.61702/npqyhz14,Parallel Organizations for Agentic Societies:From Embodied Intelligence to AutonomousIntelligence for AI Agents and Digital Humans,2025,Journal of Cyber-Physical-Social Intelligence,crossref,embodied intelligence physical reasoning robot,10.61702/npqyhz14,https://doi.org/10.61702/npqyhz14,Ying Tang; Fei-Yue Wang,"We are living through an epochal shift in the nature of work, collaboration, and collective action. AI agents, digital humans, and physical robots are no longer auxiliary tools but autonomous, goal-directed participants in organizational life---capable of long-task execution, cross-agent communication, workflow orchestration, and adaptive decision-making at scale. AI systems can now reliably complete tasks of roughly two hours in length, doubling in capability every four months since 2024; up to 57\% of current work hours in the United States are technically automatable, with virtual agents covering 44\% and physical robots 13\%~\cite{ed1}. By 2030, this transformation could unlock approximately \$2.9 trillion in annual economic value~\cite{ed2}. Yet despite this explosive technological progress, organizational theory has failed to keep pace. We continue to rely on frameworks designed for human-only hierarchies~\cite{ed3}, markets~\cite{ed4}, and networks~\cite{ed5}---structures ill-suited to govern hybrid collectives of humans, digital agents, and robotic actors. To situate this challenge, the 2025 issue of the Journal of Cyber-Physical-Social Intelligence (CPSI) brings together a set of articles that collectively reflect several key dimensions of intelligence, coordination, and governance in the emerging agentic society. Building on these contributions, this editorial introduces the conception of \textbf{Parallel Organizations for Agentic Societies (POAS)}: a unified, theoretically grounded, and operationally actionable framework for designing, governing, and evolving organizations in the age of autonomous AI agents and digital humans. POAS is a paradigm built for agentic societies from first principles. It integrates advances in parallel intelligence with the ACP approach~\cite{ed6}: Artificial societies, Computational experiments, Parallel execution, continuous organizational forms, distributed governance, cyber movement mobilization, and embodied-to-autonomous intelligence evolution. In doing so, it resolves four interconnected gaps that have fragmented research and practice: ontology, coordination, governance, and mobilization. Against this backdrop, the core thesis is straightforward: \textit{the future of intelligence is not individual but organizational}. The transition from embodied, task-specific intelligence to generalized, autonomous intelligence in AI agents and digital humans will not be achieved in isolated systems, but through parallel organizations that enable virtual--real coevolution, continuous experimentation, and emergent collective wisdom.",physical,1,6,1,0,not explicit,not explicit,not explicit
doi:10.1109/lra.2024.3377559,"Embodied Intelligence: Bionic Robot Controller Integrating Environment Perception, Autonomous Planning, and Motion Control",2024,IEEE Robotics and Automation Letters,crossref,embodied intelligence physical reasoning robot,10.1109/lra.2024.3377559,https://doi.org/10.1109/lra.2024.3377559,Yahui Gan; Bo Zhang; Jiawei Shao; Zao Han; Ang Li; Xianzhong Dai,,planning,0,3,5,0,control actionability,not explicit,long-horizon compounding error
doi:10.3389/frobt.2024.1450097,Embodied intelligence for drumming; a reinforcement learning approach to drumming robots,2024,Frontiers in Robotics and AI,crossref,embodied intelligence physical reasoning robot,10.3389/frobt.2024.1450097,https://doi.org/10.3389/frobt.2024.1450097,Seyed Mojtaba Karbasi; Alexander Refsum Jensenius; Rolf Inge Gody; Jim Torresen,"This paper investigates the potential of the intrinsically motivated reinforcement learning (IMRL) approach for robotic drumming. For this purpose, we implemented an IMRL-based algorithm for a drumming robot called ZRob , an underactuated two-DoF robotic arm with flexible grippers. Two ZRob robots were instructed to play rhythmic patterns derived from MIDI files. The RL algorithm is based on the deep deterministic policy gradient (DDPG) method, but instead of relying solely on extrinsic rewards, the robots are trained using a combination of both extrinsic and intrinsic reward signals. The results of the training experiments show that the utilization of intrinsic reward can lead to meaningful novel rhythmic patterns, while using only extrinsic reward would lead to predictable patterns identical to the MIDI inputs. Additionally, the observed drumming patterns are influenced not only by the learning algorithm but also by the robots' physical dynamics and the drum's constraints. This work suggests new insights into the potential of embodied intelligence for musical performance.",physical,0,5,1,2,contact geometry; control actionability; dynamics fidelity,not explicit,not explicit
doi:10.21203/rs.3.rs-4254664/v1,Field Robot Self-Exploration Based on Deep Reinforcement Learning and Safety Control Mechanism,2024,,crossref,model-based reinforcement learning robot control,10.21203/rs.3.rs-4254664/v1,https://doi.org/10.21203/rs.3.rs-4254664/v1,Jipeng Kang; Zhibin Zhang; Liqiang He; Xu Chen,"Abstract This paper aims to address the issues that arise when using deep reinforcement learning algorithms for reactive robotic navigation in farmland environments. These challenges include complex network models, a large number of parameters, significant computational requirements, and the possibility of being vulnerable to local optimal solutions. Moreover, the complexity of the farmland environment poses a challenge to the existing indoor reactive navigation methods, which struggle to meet the requirements of tasks such as crop protection and human cooperation.To address these issues, the paper proposes the Field Robot Autonomous Navigation System (FRANS), which utilizes Deep Reinforcement Learning (DRL) to enable farmland robots to autonomously explore unknown environments. The system consists of two modules: Global Navigation (GN) and Local Navigation (LN). The GN module establishes goal points and implements a secure control mechanism to manage the robot's actions. This approach helps to address problems like locally optimal solutions. The LN module uses a lightweight DRL framework to develop a locally navigated motion strategy that guides the robot toward waypoints. FRANS does not require any prior knowledge and is capable of adjusting the navigation strategy in real time based on the current environment. The map is generated in real time as the robot moves through the environment. Experimental results demonstrate that FRANS outperforms similar approaches.",physical,1,5,2,0,contact geometry,variables discarded by abstraction,not explicit
doi:10.20537/nd240501,Reinforcement Learning in the Task of Spherical Robot Motion Control,2024,Nelineinaya Dinamika,crossref,robot representation learning control,10.20537/nd240501,https://doi.org/10.20537/nd240501,N. V. Nor,"The output control algorithm is a pair of trained neural networks - actor and critic, where the actor-network is used to obtain the control torques applied to the robot wheel and the critic-network is only involved in the learning process. The results of the training are shown below, namely how the robot performs the motion along ten arbitrary trajectories, where the main quality functional is the average error magnitude over the trajectory length scale. The algorithm is implemented using the PyTorch machine learning library.",physical,0,4,4,0,contact geometry,not explicit,not explicit
doi:10.3390/electronics11091459,Improved Rapidly Exploring Random Tree with Bacterial Mutation and Node Deletion for Offline Path Planning of Mobile Robot,2022,Electronics,crossref,offline robot learning planning control,10.3390/electronics11091459,https://doi.org/10.3390/electronics11091459,Aphilak Lonklang; Jnos Botzheim,The path-planning algorithm aims to find the optimal path between the starting and goal points without collision. One of the most popular algorithms is the optimized Rapidly exploring Random Tree (RRT*). The strength of RRT* algorithm is the collision-free path. It is the main reason why RRT-based algorithms are used in path planning for mobile robots. The RRT* algorithm generally creates the node for randomly making a tree branch to reach the goal point. The weakness of the RRT* algorithm is in the random process when the randomized nodes fall into the obstacle regions. The proposed algorithm generates a new random environment by removing the obstacle regions from the global environment. The objective is to minimize the number of unusable nodes from the randomizing process. The results show better performance in computational time and overall path-planning length. Bacterial mutation and local search algorithms are combined at post-processing to get a better path length and reduce the number of nodes. The proposed algorithm is tested in simulation.,planning,0,0,8,0,control actionability,dataset support,long-horizon compounding error
doi:10.1126/scirobotics.aaw0955,Shared control-based bimanual robot manipulation,2019,Science Robotics,crossref,robot world model planning control manipulation,10.1126/scirobotics.aaw0955,https://doi.org/10.1126/scirobotics.aaw0955,Daniel Rakita; Bilge Mutlu; Michael Gleicher; Laura M. Hiatt,A bimanual shared-control method enables novice users to control a robot in real time to complete complex manipulation tasks.,physical,0,5,3,0,contact geometry,not explicit,contact discontinuities
doi:10.1142/s2529737618500107,A mixed real-time robot hardware abstraction layer (R-HAL),2018,Encyclopedia with Semantic Computing and Robotic Intelligence,crossref,robot abstraction learning,10.1142/s2529737618500107,https://doi.org/10.1142/s2529737618500107,Giuseppe F. Rigano; Luca Muratore; Arturo Laurenzi; Enrico M. Hoffman; Nikos G. Tsagarakis,"The rapid advances in robotics have recently led to the developments of a wide range of robotic platforms that exhibit significant differences at the hardware components level. Consequently, this poses a significant challenge to robot software developers since they have to know how every hardware device in the robot works to ensure their software's compatibility when transferring/reusing their code on different robots. In this paper we present a new Robot Hardware Abstraction Layer (R-HAL) that permits to seamlessly program and control any robotic platform powered by the XBot control software framework. The implementation details of the R-HAL are introduced. The R-HAL is extensively validated through simulation trials and experiments with a wide range of dissimilar robotic platforms, among them the COMAN and WALK-MAN humanoids, the KUKA LWR and the CENTAURO upper body. The results attained demonstrate in practice the gained benefits in terms of code compatibility, reuse and portability, and finally unified application programming even for robots with significantly diverse hardware.",abstraction,4,2,2,0,domain shift,variables discarded by abstraction,distribution shift
doi:10.1177/0278364918755924,Dec-MCTS: Decentralized planning for multi-robot active perception,2018,The International Journal of Robotics Research,crossref,active perception robotics world model,10.1177/0278364918755924,https://doi.org/10.1177/0278364918755924,Graeme Best; Oliver M Cliff; Timothy Patten; Ramgopal R Mettu; Robert Fitch,"We propose a decentralized variant of Monte Carlo tree search (MCTS) that is suitable for a variety of tasks in multi-robot active perception. Our algorithm allows each robot to optimize its own actions by maintaining a probability distribution over plans in the joint-action space. Robots periodically communicate a compressed form of their search trees, which are used to update the joint distribution using a distributed optimization approach inspired by variational methods. Our method admits any objective function defined over robot action sequences, assumes intermittent communication, is anytime, and is suitable for online replanning. Our algorithm features a new MCTS tree expansion policy that is designed for our planning scenario. We extend the theoretical analysis of standard MCTS to provide guarantees for convergence rates to the optimal payoff sequence. We evaluate the performance of our method for generalized team orienteering and online active object recognition using real data, and show that it compares favorably to centralized MCTS even with severely degraded communication. These examples demonstrate the suitability of our algorithm for real-world active perception with multiple robots.",planning,0,0,8,0,control actionability,not explicit,long-horizon compounding error
doi:10.1109/icra.2017.7989085,"Multiscale abstraction, planning and control using diffusion wavelets for stochastic optimal control problems",2017,2017 IEEE International Conference on Robotics and Automation (ICRA),crossref,state abstraction robotics control,10.1109/icra.2017.7989085,https://doi.org/10.1109/icra.2017.7989085,Jung-Su Ha; Han-Lim Choi,,planning,2,2,4,0,control actionability,variables discarded by abstraction,long-horizon compounding error
doi:10.1177/1525107118801301,State-Level Firearm Transfer Policy,2017,Justice Research and Policy,crossref,latent state robot policy planning,10.1177/1525107118801301,https://doi.org/10.1177/1525107118801301,David G. Mueller; Qiang Fu; Ronald Frandsen; Jennifer Karberg; Evan Anderson,"The aim of the present study was to determine whether latent class analysis (LCA) could obtain a measure of the aggregate firearm transfer law environment. LCA, analysis of variance, and multinomial logistic regression were used to analyze state-level firearm transfer laws. Results indicated that a three-class solution fit the data better than a two- or four-class solution. These classes were associated with the two covariates in patterns consistent with hypotheses. Results suggest that LCA is a useful technique for classifying states based on the restrictiveness of firearm transfer laws. This classification may be useful in intervention and prevention planning.",abstraction,4,0,3,1,state variables; control actionability; domain shift,not explicit,distribution shift; aliasing / observability limits; long-horizon compounding error
doi:10.4028/www.scientific.net/ssp.166-167.69,Method for Planning Multitasking Robot Application Programs in RAPID,2010,Solid State Phenomena,crossref,latent state robot policy planning,10.4028/www.scientific.net/ssp.166-167.69,https://doi.org/10.4028/www.scientific.net/ssp.166-167.69,Stelian Brad; Emilia Brad; Cosmin Ioanes,"In order to set up well-structured multitasking robot application programs careful planning is required. Robot programming languages (e.g. Karel, RAPID, Melfa, SimPro, etc.) vary from robot to robot constructor. General planning tools used in software development (e.g. UML, IDEF, etc.) require adequate professional skills and a special way of thinking such that robot programmers to apply and adapt them to the specificity of each robot programming language. Customized and intuitive planning tools of robot applications with regard to each particular programming language seem to be preferred by ordinary robot programmers and operators when facing with the development of complex robot tasks. This paper introduces such a tool in relation to the RAPIDTM programming language, specific to ABB robot models. Its effectiveness is revealed in a case study.",planning,0,0,8,0,control actionability,not explicit,long-horizon compounding error
doi:10.1146/annurev.neuro.26.041002.131032,SENSORY SIGNALS IN NEURAL POPULATIONS UNDERLYING TACTILE PERCEPTION AND MANIPULATION,2004,Annual Review of Neuroscience,crossref,tactile perception robot manipulation,10.1146/annurev.neuro.26.041002.131032,https://doi.org/10.1146/annurev.neuro.26.041002.131032,Antony W. Goodwin; Heather E. Wheat," Abstract For humans to manipulate an object successfully, the motor control system must have accurate information about parameters such as the shape of the stimulus, its position of contact on the skin, and the magnitude and direction of contact force. The same information is required for perception during haptic exploration of an object. Much of these data are relayed by the mechanoreceptive afferents innervating the glabrous skin of the digits. Single afferent responses are modulated by all the relevant stimulus parameters. Thus, only in complete population reconstructions is it clear how each of the parameters can be signaled to the brain independently when many are changing simultaneously, as occurs in most normal movements or haptic exploration. Modeling population responses reveals how resolution is affected by neural noise and intrinsic properties of the population such as the pattern and density of innervation and the covariance of response variability.",physical,1,6,1,0,contact geometry,variables discarded by abstraction,contact discontinuities
doi:10.1068/c090207,"Socialist State Planning Reconsidered: Regional Policy in China, 1949-1989",1991,Environment and Planning C: Government and Policy,crossref,latent state robot policy planning,10.1068/c090207,https://doi.org/10.1068/c090207,O-K Lai; T-K Lai,"In this paper regional policy in the People's Republic of China over the last four decades is critically reviewed. Particular attention is paid to the ideological and political dimensions, and their changes, as guided by the Chinese Communist Party (CCP), which accompany the need to modernize China's underdeveloped economy. In part 1 of the paper the interpretations of the urban question, within the Marxist-Maoist school of thought, upon which the policy rationales and justifications are based, are outlined. Then, a two-part historical-contextual analysis of the regional policy and its development in China with a tentative schema is provided, that focuses on so-called town-country' contradictions and processes of urbanization and other spatial issues. Part 4 is a synthesis of the development pattern including a discussion of the underlying dynamics. The paper ends with remarks on the reemergence of ideological-political struggles within and beyond the party, and its repercussions for the urban question in the coming decade.",planning,1,0,6,1,control actionability; dynamics fidelity,not explicit,long-horizon compounding error
doi:10.70675/5f846806zfb7ez460ez9245z58c38173894a,Physical human-robot collaboration for object co-manipulation based on adaptable compliant control,,,crossref,robot world model planning control manipulation,10.70675/5f846806zfb7ez460ez9245z58c38173894a,https://doi.org/10.70675/5f846806zfb7ez460ez9245z58c38173894a,Martin Mujica,"Collaboration physique homme-robot pour la co-manipulation d'objets base sur la commande compliante adaptable Au cours des dernires dcennies, l'industrie a volu afin d'augmenter la productivit, d'amliorer la qualit et de rduire les dangers auxquels sont exposs les oprateurs. En ce sens, l'utilisation des robots a volu au fil du temps, tout en acqurant toujours plus d'importance, grce  leur prcision, leur force accrue et leur possibilit de rpter des mouvements d'une grande prcision. Au vu de l'volution constante des technologies actuelles, il est galement possible d'imaginer de nouveaux dfis et des tches plus complexes qui pourraient tre accomplis par les robots. Par exemple, ces derniers pourraient travailler dans un environnement beaucoup plus vari, sans avoir besoin d'tre isols dans des zones scurises. Pour que ce scnario soit possible et raliste, les interactions entre une personne et un robot doivent tre traites rigoureusement, en particulier dans le cas de l'interaction physique Homme-robot (pHRI). L'avantage de cette association est de combiner l'exprience et les capacits de dcision d'une personne avec la force et la prcision d'un robot. Dans le cadre de cette thse, l'interaction entre une personne et le robot est plus ambitieuse, car le concept de collaboration physique homme-robot (pHRC) est utilis. La personne et le robot (en particulier un robot manipulateur) doivent tre capables de travailler en contact physique continu, pour effectuer une tche, mais aussi pour faciliter le travail de l'oprateur ou les oprations de manutentions. Un des lments cls de cette tude est d'aider l'oprateur dans son travail quotidien en rduisant les efforts qu'il devrait fournir si le robot n'tait pas prsent. Cette thse vise donc  amliorer les performances des contrleurs lorsque la charge utile n'est pas connue ou qu'elle volue (mme pendant la tche) afin d'obtenir une meilleure collaboration pour le dplacement d'un objet. L'amlioration des capacits de partage de charge en robotique pour les tches collaboratives pourrait engendrer une volution certaine sur la faon de concevoir les tches frquentes dans l'industrie telles que les tches d'assemblage, de dplacement de chargs lourdes dans un entrept, ou encore des oprations de perage ou de sciage. En vue de la varit de tches possibles, le contrleur doit avoir un comportement adaptable selon le niveau d'interaction avec la personne et la compliance souhaite. Dans cette thse, le robot collaboratif KUKA LBR iiwa 14 R820 est utilis pour tudier et valuer par des simulations et des expriences le cas d'une charge inconnue porte  la fois par un individu et le robot. Un scnario de pHRC est tout d'abord propos pour les simulations afin d'tudier l'influence des contrleurs (tels que la commande par impdance ou par admittance). Des amliorations relatives aux lois de commande classiques sont proposes pour le dplacement des charges de poids inconnu. Ces modifications permettent galement d'adapter le comportement du robot, le tout sous une mme loi de commande. En effet, soit il aide l'oprateur en devenant un collaborateur compliant et adaptable soit il excute lui-mme sa propre tche de manire indpendante. Par ailleurs, des expriences sont ralises pour valider l'approche propose tout en montrant les avantages de cette mthode qui permet le partage de charge. De plus, une application possible pour effectuer une tche collaborative entre des personnes et un robot transportant des objets d'un endroit  l'autre est prsente dans cette tude. Enfin, des critres quantitatifs de collaboration sont mis en vidence afin d'valuer les mthodes proposes. Des problmatiques lies notamment aux questions de scurit concernant la passivit du systme sont galement discutes.",physical,0,7,1,0,contact geometry,not explicit,contact discontinuities
doi:10.70675/80702f26z2d56z43d3zb869z31231c2c3425,Reinforcement learning and sim-to-real transfer for adaptive control of AUV,,,crossref,sim-to-real robot control abstraction,10.70675/80702f26z2d56z43d3zb869z31231c2c3425,https://doi.org/10.70675/80702f26z2d56z43d3zb869z31231c2c3425,Thomas Chaffre,"Apprentissage par renforcement et transfert de la simulation au rel pour la commande adaptative d'un AUV Les pilotes automatiques pour systmes sans pilote sont gnralement conus sur la base des retours fournis par les capteurs de vitesse et d'orientation. Dans le cas des systmes de pilotage automatique pour vhicules sous-marins autonomes (AUV), l'objectif principal de la conception est de compenser les forces perturbatrices induites par les vagues et le courant agissant sur leur corps. Les pilotes automatiques AUV existants ne sont cependant capables de compenser que les composantes basse frquence des perturbations induites par la mer. Il semble naturel de supposer que les performances de l'AUV pourraient tre amliores en prenant en compte la nature des perturbations dans la conception du pilote automatique. Le contrle adaptatif fournit ce qui semble tre un cadre idal  cette fin. L'objectif de cette technique est d'ajuster automatiquement les paramtres de contrle face  des processus inconnus ou variables dans le temps, de manire  atteindre le seuil de performance souhait. Dvelopps  la fin des annes 1950, les cadres de contrle adaptatifs ont t considrablement tendus et utiliss dans divers domaines [...] et les contrleurs adaptatifs ont commenc  tre largement adopts dans l'industrie au dbut des annes 1980. Il tait alors tabli que les conceptions robustes avec des paramtres fixes taient trop limites pour grer des rgimes complexes. L'tude des contrleurs adaptatifs pour les manuvres des AUV est associe  divers dfis, et cette thse s'est concentre sur les perturbations externes parmi lesquelles : - Dynamique inconnue : l'incertitude associe  la description prcise des tats des vagues ou des courants est leve. Ceci, combin  sa nature dynamique, empche les mthodes de contrle par rtroaction linaire d'atteindre des performances optimales de l'installation. Cela devient plus critique en prsence de changements dans les conditions mtorologiques qui imposent un facteur multiplicatif dans la composante des forces induites. La priode de perturbation variera galement avec la vitesse du vhicule et son orientation par rapport aux vagues ; - Non-linarit : la rponse du contrleur  certains points de fonctionnement doit tre trop conservatrice pour satisfaire aux spcifications  d'autres points de fonctionnement. Ceci est difficile  raliser pour des paramtres fixes obtenus par linarisation locale, qui n'englobent pas la totalit de l'enveloppe du rgime. Dans cette thse, nous avons considr le cas o les AUV ont une observabilit limite du processus et donc les incertitudes susmentionnes ne sont pas mesures par le systme. Une classe de mthodes de contrle adaptatif, connues sous le nom de contrleurs adaptatifs bass sur l'apprentissage, a t dveloppe pour remdier  certaines de ces limitations. Cette famille de solutions utilise des mthodes d'optimisation sans modle capables de compenser la partie inconnue d'un processus tout en maintenant un contrle optimal de sa partie connue  l'aide de structures de contrle traditionnelles bases sur des modles. Parmi les diffrentes mthodes sans modle, l'apprentissage par renforcement profond est actuellement en tte. Ils exploitent des outils statistiques puissants qui donnent aux systmes de contrle la capacit d'apprendre et de s'amliorer automatiquement  partir de l'exprience sans qu'on leur indique explicitement comment le faire. L'objectif de cette thse tait de formaliser un nouveau contrle adaptatif bas sur l'apprentissage utilisant l'apprentissage par renforcement profond et le contrle adaptatif de placement de ples. De plus, nous avons propos un nouveau mcanisme de relecture d'exprience qui prend en compte les caractristiques du mcanisme de relecture biologique. Les mthodes ont t valides en simulation et en situation relle, dmontrant les bnfices de combiner les deux thories plutt que de les utiliser sparment.",physical,0,7,1,0,contact geometry; domain shift,not explicit,distribution shift
doi:10.70675/1c153c90z9aeez4f02z830dzf3568118774e,Robotic manipulation and characterization of biological micro-samples,,,crossref,robotic manipulation planning latent dynamics,10.70675/1c153c90z9aeez4f02z830dzf3568118774e,https://doi.org/10.70675/1c153c90z9aeez4f02z830dzf3568118774e,Alioune Diouf,"Manipulation et caractrisation robotises (assistes et automatises) des micro-chantillons biologiques Les progrs rcents dans l'automatisation de la manipulation et de la micro-injection des embryons de poisson-zbre ont considrablement amlior la recherche en gntique, en biologie du dveloppement et en tests de mdicaments. Le poisson-zbre est trs pris dans les tudes scientifiques en raison de sa similarit gntique avec l'homme, de sa transparence et de sa croissance rapide. Cependant, les mthodes manuelles traditionnelles de manipulation, d'injection de substances dans les embryons et de suivi de leur dveloppement ncessitent beaucoup de travail, sont sujettes  l'erreur humaine et peuvent entraner des rsultats incohrents. L'automatisation est donc essentielle pour amliorer la reproductibilit et l'efficacit de la recherche. Cette thse identifie les dfis de la manipulation manuelle des embryons, en soulignant des problmes tels que l'erreur humaine, la variabilit et l'volutivit limite. Elle explore les technologies robotiques et microfluidiques actuelles et suggre des amliorations par l'intgration de la vision par ordinateur (imagerie numrique pour analyser l'tat des embryons), de la dtection de force (dtection de la pression lors de l'injection) et de l'apprentissage automatique (algorithmes informatiques qui apprennent  partir des donnes pour amliorer les performances). Les processus actuels de prparation des embryons, tels que le tri et le positionnement, ncessitent gnralement une intervention manuelle importante. La microinjection, qui consiste  injecter des substances dans les embryons, utilise dsormais frquemment des systmes d'asservissement visuel, qui utilisent des camras et le DL pour fournir un retour d'information en temps rel afin de positionner prcisment l'aiguille. Ce systme est optimis par l'intgration de capteurs de force, garantissant que l'aiguille applique la pression adquate sans endommager les embryons., maintenir une profondeur et un volume d'injection constants reste un dfi. Cette thse contribue au dveloppement de systmes automatiss utilisant des technologies rcentes :- Un modle YOLOv8 intgr  un systme microfluidique, classant les embryons en trois catgories : Stade 1 (dveloppement prcoce), Avanc (dveloppement avanc) et Mort. Ce systme a atteint une prcision de 97,6 % et une efficacit de tri comprise entre 88,13 % et 96,6 %, selon le type d'embryon. Il a tri les embryons avec douceur et rapidit, en seulement 2,92 secondes par embryon en moyenne, offrant une alternative pratique et abordable aux mthodes robotises et de tri cellulaire plus coteuses.- Un systme de microinjection avanc a galement t dvelopp avec YOLOv8 pour aligner prcisment l'aiguille sur l'embryon. Un algorithme de fort alatoire (technique d'apprentissage automatique) a analys le retour de force en temps rel afin d'viter une pression excessive. Un profil de vitesse d'injection spcifique (trajectoire polynomiale du troisime ordre) a significativement rduit les dommages embryonnaires par rapport aux injections traditionnelles  vitesse constante. De plus, la thse a prsent un  rotifromtre , un systme automatis conu pour quantifier efficacement les rotifres (petits organismes aquatiques souvent utiliss en aquaculture et dans la nourriture des larves). Ce systme, utilisant YOLOv8, a permis de classer prcisment les rotifres en deux groupes : gravides (portant des ufs) et non gravides. Il a atteint un taux de prcision lev (94,7 %) et a considrablement rduit le temps de comptage par rapport aux mthodes manuelles. Des tests de validation ont confirm la prcision, la cohrence et la capacit du rotifromtre  surveiller les populations de rotifres sur de longues priodes.",physical,0,8,0,0,contact geometry; perception quality,not explicit,contact discontinuities
doi:10.20517/ir.2026.05,Embodied artificial intelligence as a paradigm shift for human-robot collaboration,2026,Intelligence &amp; Robotics,crossref,embodied intelligence physical reasoning robot,10.20517/ir.2026.05,https://doi.org/10.20517/ir.2026.05,Junfei Li; Simon X. Yang,"Human-robot collaboration (HRC) has traditionally relied on instruction-driven paradigms in which humans specify goals and robots execute predefined tasks. Recent advances in embodied artificial intelligence (Embodied AI) challenge this model by grounding intelligence in physical embodiment and continuous interaction with the environment. This editorial positions Embodied AI as a paradigm shift in HRC, redefining collaboration as a physically interactive and mutually adaptive process. It examines the key challenges introduced by this shift and outlines emerging directions for future embodied HRC.",physical,0,7,0,0,not explicit,not explicit,not explicit
doi:10.1002/aaai.70015,From abstraction to reality: DARPA's vision for robust simtoreal autonomy,2025,AI Magazine,crossref,sim-to-real robot control abstraction,10.1002/aaai.70015,https://doi.org/10.1002/aaai.70015,Erfaun Noorani; Zachary Serlin; Ben Price; Alvaro Velasquez,"Abstract The DARPA Transfer from Imprecise and Abstract Models to Autonomous Technologies (TIAMAT) program aims to address rapid and robust transfer of autonomy technologies across dynamic and complex environments, goals, and platforms. Existing methods for simulationtoreality (simtoreal) transfer often rely on highfidelity simulations and struggle with broad adaptation, particularly in timesensitive scenarios. Although many approaches have shown incredible performance at specific tasks, most techniques fall short when posed with unforeseen, complex, and dynamic realworld scenarios due to the inherent limitations of simulation. In contrast to current research that aims to bridge the gap between simulation environments and the real world through increasingly sophisticated simulations and a combination of methods typically assuming a small simtoreal gap-such as domain randomization, domain adaptation, imitation learning, metalearning, policy distillation, and dynamic optimization-TIAMAT takes a different approach by instead emphasizing transfer and adaptation of the autonomy stack directly to realworld environments by utilizing a breadth of low(er)fidelity simulations to create broadly effective simtoreal transfers. By abstractly learning from multiple simulation environments in reference to their shared semantics, TIAMAT's approaches aim to achieve abstracttoreal transfer for effective and rapid realworld adaptation. Furthermore, this program endeavors to improve the overall autonomy pipeline by addressing the inherent challenges in translating simulated behaviors into effective realworld performance.",abstraction,6,0,1,0,perception quality; control actionability; domain shift,variables discarded by abstraction,distribution shift
doi:10.3389/frai.2025.1608014,Mutual human-robot understanding for a robot-enhanced society: the crucial development of shared embodied cognition,2025,Frontiers in Artificial Intelligence,crossref,embodied intelligence physical reasoning robot,10.3389/frai.2025.1608014,https://doi.org/10.3389/frai.2025.1608014,Giulio Sandini; Alessandra Sciutti; Pietro Morasso,"The conception of autonomous, intelligent, collaborative robots has been the subject of science fiction rather than science in the second half of the previous century, with practical applications limited to industrial machines without any level of autonomous, intelligent, and collaborative capacity. The new century is facing the challenge of pressing industrial and social revolutions (4, 5, 6, ) with the prospect of infiltrating robots in every sector of human society; however, this dissemination will be possible if and only if acceptable degrees of autonomy, intelligence, and collaborative capacity can be achieved. Scientific and technological innovations are needed within a highly multidisciplinary framework, with a critical integration strategy and functional characterization that must ask a fundamental question: the design of autonomous, intelligent, collaborative robots should aim at a unified single template to be mass-produced including a standard setup procedure for the functional adaptation of any single prototype, or should the design aim at ""baby"" robots with a minimal set of sensory-motor-cognitive capabilities as the starting point of a training and educational process in close connection with human companions (masters, partners, final users)? The former alternative is supported by EAI, i.e., the Embodied variant of the Artificial Intelligence family of computational tools based on large foundation models. The latter alternative is bio-inspired; namely, it attempts to replicate the computational structure of Embodied Cognitive Science. Both formulations imply embodiment as a core issue. Still, we think this concept has a markedly different meaning and practical implications in the two cases, although we are still far away from the practical implementations of either roadmap. In this opinion paper, we explain why we think the bio-inspired approach is better than the EAI approach in providing a feasible roadmap for developing autonomous, intelligent, collaborative robots. In particular, we focus on the importance of collaborative human-robot interactions conceived in a general sense, ranging from haptic interactions in joint physical efforts (e.g., loading/unloading) to cognitive interactions for joint strategic planning of complex tasks. We envision this type of collaboration only made possible by a deep human-robot mutual understanding based on a structural equivalence of their embodied cognitive architecture, based on an active, first-person acquisition of experience rather than a passive download of third-person knowledge.",physical,0,5,2,0,perception quality; control actionability,not explicit,long-horizon compounding error
doi:10.1109/icarm62033.2024.10715919,Visual-Tactile Based Manipulation Control for Complex Robot Manipulation Process via Geometric and Contact State Modeling,2024,2024 International Conference on Advanced Robotics and Mechatronics (ICARM),crossref,tactile perception robot manipulation,10.1109/icarm62033.2024.10715919,https://doi.org/10.1109/icarm62033.2024.10715919,Gaozhao Wang; Xing Liu; Zhengxiong Liu; Yizhai Zhang; Panfeng Huang,,physical,1,5,1,0,contact geometry,not explicit,contact discontinuities
doi:10.3389/frobt.2021.652760,Leveraging Human Perception in Robot Grasping and Manipulation Through Crowdsourcing and Gamification,2021,Frontiers in Robotics and AI,crossref,tactile perception robot manipulation,10.3389/frobt.2021.652760,https://doi.org/10.3389/frobt.2021.652760,Gal Gorjup; Lucas Gerez; Minas Liarokapis,"Robot grasping in unstructured and dynamic environments is heavily dependent on the object attributes. Although Deep Learning approaches have delivered exceptional performance in robot perception, human perception and reasoning are still superior in processing novel object classes. Furthermore, training such models requires large, difficult to obtain datasets. This work combines crowdsourcing and gamification to leverage human intelligence, enhancing the object recognition and attribute estimation processes of robot grasping. The framework employs an attribute matching system that encodes visual information into an online puzzle game, utilizing the collective intelligence of players to expand the attribute database and react to real-time perception conflicts. The framework is deployed and evaluated in two proof-of-concept applications: enhancing the control of a robotic exoskeleton glove and improving object identification for autonomous robot grasping. In addition, a model for estimating the framework response time is proposed. The obtained results demonstrate that the framework is capable of rapid adaptation to novel object classes, based purely on visual information and human experience.",physical,0,6,1,0,contact geometry,not explicit,contact discontinuities
doi:10.1007/978-981-15-6263-1_3,Incremental Learning Robot Task Representation and Identification,2020,Nonparametric Bayesian Learning for Collaborative Robot Multimodal Introspection,crossref,robot representation learning control,10.1007/978-981-15-6263-1_3,https://doi.org/10.1007/978-981-15-6263-1_3,Xuefeng Zhou; Hongmin Wu; Juan Rojas; Zhihao Xu; Shuai Li,"Abstract In this chapter, we present a novel method for incremental learning robot complex task representation, identifying repeated skills, and generalizing to new environment by heuristically segmenting the unstructured demonstrations into movement primitives that modelled with a dynamical system. The proposed method combines the advantages of recent task representation methods for learning from demonstration in into an integrated framework. In particular, we use the combination of finite state machine and dynamical movement primitives for complex task representation, and investigate the Bayesian nonparametric hidden Markov model for repeated skill identification. To this end, a robot should be able to identify its actions not only when failure or novelty occurs, but also as it executes any number of skills, which helps a robot understand what it is doing at all times. Two complex, multi-step robot tasks are designed to evaluate the feasibility and effectiveness of proposed methods. We not only present the results in task representation, but also analyzing the performance of skill identification by various nonparametric models with various modality combinations.",abstraction,7,0,0,0,state variables,variables discarded by abstraction,aliasing / observability limits
doi:10.1109/icma.2008.4798893,Realtime manipulation planning system integrating symbolic and geometric planning under interactive dynamics siumlator,2008,2008 IEEE International Conference on Mechatronics and Automation,crossref,robotic manipulation planning latent dynamics,10.1109/icma.2008.4798893,https://doi.org/10.1109/icma.2008.4798893,Atsushi Haneda; Kei Okada; Masayuki Inaba,,planning,1,1,4,1,state variables; contact geometry; control actionability; dynamics fidelity,not explicit,contact discontinuities; long-horizon compounding error
doi:10.1068/p5844,"Multimodal Ternus: Visual, Tactile, and Visuo - Tactile Grouping in Apparent Motion",2007,Perception,crossref,tactile perception robot manipulation,10.1068/p5844,https://doi.org/10.1068/p5844,Vanessa Harrar; Laurence R Harris,"Gestalt rules that describe how visual stimuli are grouped also apply to sounds, but it is unknown if the Gestalt rules also apply to tactile or uniquely multimodal stimuli. To investigate these rules, we used lights, touches, and a combination of lights and touches, arranged in a classic Ternus configuration. Three stimuli (A, B, C) were arranged in a row across three fingers. A and B were presented for 50 ms and, after a delay, B and C were presented for 50 ms. Subjects were asked whether they perceived AB moving to BC (group motion) or A moving to C (element motion). For all three types of stimuli, at short delays, A to C dominated, while at longer delays AB to BC dominated. The critical delay, where perception changed from group to element motion, was significantly different for the visual Ternus (3 lights, 162 ms) and the tactile Ternus (3 touches, 195 ms). The critical delay for the multimodal Ternus (3 light - touch pairs, 161 ms) was not different from the visual or tactile Ternus effects. In a second experiment, subjects were exposed to 2.5 min of visual group motion (stimulus onset asynchrony = 300 ms). The exposure caused a shift in the critical delay of the visual Ternus, a trend in the same direction for the multimodal Ternus, but no shift in the tactile Ternus. These results suggest separate but similar grouping rules for visual, tactile, and multimodal stimuli.",physical,0,7,0,0,contact geometry,not explicit,not explicit
doi:10.2139/ssrn.6211649,Percepta: A perception-driven world-model for agent-based simulation and social system modeling,2026,,crossref,active perception robotics world model,10.2139/ssrn.6211649,https://doi.org/10.2139/ssrn.6211649,Jinpeng Wang,"Percepta is a perception-driven world-model simulation framework for agent-based modeling of social and economic systems under evolving macro conditions and institutional rules. The software formalizes perception as an explicit computational layer and adopts a world-first architecture in which global state representation and state transitions are modeled independently of agent heuristics. This design enables controlled experimentation on how heterogeneous agents form subjective interpretations and how collective outcomes emerge from their interaction with a dynamically evolving environment. Implemented in Python, Percepta integrates a simulation engine, modular world and agent components, persistent data storage, and a web-based interface for interactive exploration. The framework is domain-agnostic and supports reproducible simulation studies in policy analysis and computational social science.",abstraction,3,1,2,0,state variables; control actionability,not explicit,aliasing / observability limits
doi:10.2139/ssrn.6321178,Percepta: A perception-driven world-model for agent-based simulation and social system modeling,2026,,crossref,active perception robotics world model,10.2139/ssrn.6321178,https://doi.org/10.2139/ssrn.6321178,Jinpeng Wang,"Percepta is a perception-driven world-model simulation framework for agent-based modeling of social and economic systems under evolving macro conditions and institutional rules. The software formalizes perception as an explicit computational layer and adopts a world-first architecture in which global state representation and state transitions are modeled independently of agent heuristics. This design enables controlled experimentation on how heterogeneous agents form subjective interpretations and how collective outcomes emerge from their interaction with a dynamically evolving environment. Implemented in Python, Percepta integrates a simulation engine, modular world and agent components, persistent data storage, and a web-based interface for interactive exploration. The framework is domain-agnostic and supports reproducible simulation studies in policy analysis and computational social science.",abstraction,3,1,2,0,state variables; control actionability,not explicit,aliasing / observability limits
doi:10.1109/access.2025.3582523,Benchmarking Model Predictive Control and Reinforcement Learning-Based Control for Legged Robot Locomotion in MuJoCo Simulation,2025,IEEE Access,crossref,model-based reinforcement learning robot control,10.1109/access.2025.3582523,https://doi.org/10.1109/access.2025.3582523,Shivayogi Akki; Tan Chen,,physical,0,3,2,1,contact geometry; dynamics fidelity,not explicit,not explicit
doi:10.1109/cac67268.2025.11487301,Motion Planning and Nonlinear Model Predictive Control for Dual-Arm Collaborative Manipulation,2025,2025 China Automation Congress (CAC),crossref,robot world model planning control manipulation,10.1109/cac67268.2025.11487301,https://doi.org/10.1109/cac67268.2025.11487301,Tanghao Qin; Youmin Gong; Jie Mei,,planning,0,2,3,1,contact geometry; control actionability; dynamics fidelity,not explicit,contact discontinuities; long-horizon compounding error
doi:10.5220/0013716800003982,Simultaneous Learning of State-to-State Minimum-Time Planning and Control,2025,"Proceedings of the 22nd International Conference on Informatics in Control, Automation and Robotics",crossref,state abstraction robotics control,10.5220/0013716800003982,https://doi.org/10.5220/0013716800003982,Swati Dantu; Robert Pnika; Martin Saska,,planning,2,1,3,0,control actionability,not explicit,long-horizon compounding error
doi:10.1109/lra.2025.3554432,Trajectory Planning and Control for Robotic Manipulation of Magnetic Capsules,2025,IEEE Robotics and Automation Letters,crossref,robot world model planning control manipulation,10.1109/lra.2025.3554432,https://doi.org/10.1109/lra.2025.3554432,Ogulcan Isitman; Gokhan Alcan; Ville Kyrki,,planning,0,2,4,0,contact geometry; control actionability,not explicit,contact discontinuities; long-horizon compounding error
doi:10.23919/acc60939.2024.10644537,Hierarchical Motion Planning and Offline Robust Model Predictive Control for Autonomous Vehicles,2024,2024 American Control Conference (ACC),crossref,offline robot learning planning control,10.23919/acc60939.2024.10644537,https://doi.org/10.23919/acc60939.2024.10644537,Hung Duy Nguyen; Minh Nhat Vu; Nguyen Ngoc Nam; Kyoungseok Han,,planning,1,1,3,1,control actionability; dynamics fidelity,dataset support; task decomposition,long-horizon compounding error
doi:10.31776/rtcj.12203,Towards the use of control systems with variable autonomy levels in tasks of extreme robotics,2024,Robotics and Technical Cybernetics,crossref,state abstraction robotics control,10.31776/rtcj.12203,https://doi.org/10.31776/rtcj.12203,Boris Spassky; Alexander Popov,"Increasing the level of robot autonomy in scenarios of extreme robotics allows, on the one hand, to reduce the load on the operator due to the sharing of labor between man and machine, and on the other, to increase the safety and efficiency of performing complex and critical tasks, such as search and rescue operations, monitoring of hazard-ous environments, disposal or neutralization of dangerous objects and many others. Such robots are characterized by the predominant use of teleoperation. However, recently there appeared a trend towards increasing of robot's autonomy levels even for those types of robots that worked exclusively in direct teleoperation mode of control [1]. This article focuses on the consideration of control strategies for ground-based mobile robots with variable levels of autonomy when performing various types of work in extreme situations.",physical,0,3,3,0,not explicit,not explicit,not explicit
doi:10.1109/iros55552.2023.10341908,A Composite Control Strategy for Quadruped Robot by Integrating Reinforcement Learning and Model-Based Control,2023,2023 IEEE/RSJ International Conference on Intelligent Robots and Systems (IROS),crossref,model-based reinforcement learning robot control,10.1109/iros55552.2023.10341908,https://doi.org/10.1109/iros55552.2023.10341908,Shangke Lyu; Han Zhao; Donglin Wang,,physical,0,3,2,1,contact geometry,not explicit,not explicit
doi:10.31234/osf.io/br2vz,Learning what matters: Causal abstraction in human inference,2023,,crossref,robot abstraction learning,10.31234/osf.io/br2vz,https://doi.org/10.31234/osf.io/br2vz,Steven Shin; Tobias Gerstenberg,"What shape do people's mental models take? We hypothesize that people build causal models that are suited to the task at hand. These models abstract away information to represent what matters. To test this idea empirically, we presented participants with causal learning paradigms where some features were outcome-relevant and others weren't. In Experiment 1, participants had to learn what objects of different shape and color made a machine turn on. In Experiment 2, they had to predict whether blocks sliding down ramps would cross a finish line. In both experiments, participants made systematic errors in a surprise test that asked them to recall what they had seen earlier. The errors people made suggest that they had built mental models of the task that privileged causally relevant information. Our results contribute to recent efforts trying to characterize the important role that causal abstraction plays in human learning and inference.",abstraction,5,0,0,1,dynamics fidelity,variables discarded by abstraction,not explicit
doi:10.1609/aaai.v37i13.26802,Perception for General-purpose Robot Manipulation,2023,Proceedings of the AAAI Conference on Artificial Intelligence,crossref,tactile perception robot manipulation,10.1609/aaai.v37i13.26802,https://doi.org/10.1609/aaai.v37i13.26802,Karthik Desingh,"To autonomously perform tasks, a robot should continually perceive the state of its environment, reason with the task at hand, plan and execute appropriate actions. In this pipeline, perception is largely unsolved and one of the more challenging problems. Common indoor environments typically pose two main problems: 1) inherent occlusions leading to unreliable observations of objects, and 2) the presence and involvement of a wide range of objects with varying physical and visual attributes (i.e., rigid, articulated, deformable, granular, transparent, etc.). Thus, we need algorithms that can accommodate perceptual uncertainty in the state estimation and generalize to a wide range of objects. Probabilistic inference methods have been highly suitable for modeling perceptual uncertainty, and data-driven approaches using deep learning techniques have shown promising advancements toward generalization. Perception for manipulation is a more intricate setting requiring the best from both worlds. My research aims to develop robot perception algorithms that can generalize over objects and tasks while accommodating perceptual uncertainty to support robust task execution in the real world. In this presentation, I will briefly highlight my research in these two research threads.",physical,2,3,1,0,contact geometry,not explicit,contact discontinuities
doi:10.1007/s43154-022-00089-2,"Autonomous Underwater Manipulation: Current Trends in Dynamics, Control, Planning, Perception, and Future Directions",2022,Current Robotics Reports,crossref,robot world model planning control manipulation,10.1007/s43154-022-00089-2,https://doi.org/10.1007/s43154-022-00089-2,Edward Morgan; Ignacio Carlucho; William Ard; Corina Barbalata,,planning,0,2,3,1,contact geometry; control actionability; dynamics fidelity,not explicit,contact discontinuities; long-horizon compounding error
doi:10.1109/cacs55319.2022.9969791,Grasp Planning and Control for Robotic Mobile Manipulation Based on Semantic Segmentation,2022,2022 International Automatic Control Conference (CACS),crossref,robotic manipulation planning latent dynamics,10.1109/cacs55319.2022.9969791,https://doi.org/10.1109/cacs55319.2022.9969791,Chien-Wei Chiu; Kai-Tai Song,,physical,0,3,3,0,contact geometry; control actionability,not explicit,contact discontinuities; long-horizon compounding error
doi:10.1109/smc53654.2022.9945504,Motion Planning and Obstacle Avoidance for Robot Manipulators Using Model Predictive Control-based Reinforcement Learning,2022,"2022 IEEE International Conference on Systems, Man, and Cybernetics (SMC)",crossref,model-based reinforcement learning robot control,10.1109/smc53654.2022.9945504,https://doi.org/10.1109/smc53654.2022.9945504,Adel Baselizadeh; Weria Khaksar; Jim Torresen,,planning,0,2,3,1,contact geometry; control actionability; dynamics fidelity,not explicit,contact discontinuities; long-horizon compounding error
doi:10.23919/ecc55457.2022.9838243,Robot Online Task and Trajectory Planning using Mixed-Integer Model Predictive Control,2022,2022 European Control Conference (ECC),crossref,robot world model planning control manipulation,10.23919/ecc55457.2022.9838243,https://doi.org/10.23919/ecc55457.2022.9838243,Argtim Tika; Fatos Gashi; Naim Bajcinca,,planning,0,1,4,1,control actionability; dynamics fidelity,not explicit,long-horizon compounding error
doi:10.1007/s11370-022-00427-5,"Robotic furniture assembly: task abstraction, motion planning, and control",2022,Intelligent Service Robotics,crossref,state abstraction robotics control,10.1007/s11370-022-00427-5,https://doi.org/10.1007/s11370-022-00427-5,Suhan Park; Haeseong Lee; Seungyeon Kim; Jiyeong Baek; Keunwoo Jang; Hyoung Cheol Kim; Myeongsoo Kim; Jaeheung Park,,planning,2,1,3,0,control actionability,variables discarded by abstraction,long-horizon compounding error
doi:10.11126/stanford/9781503628489.003.0002,Romanticism and Real Abstraction,2022,Thought's Wilderness,crossref,sim-to-real robot control abstraction,10.11126/stanford/9781503628489.003.0002,https://doi.org/10.11126/stanford/9781503628489.003.0002,Greg Ellermann,"This chapter examines the connections between romanticism and Marxist critical theory. Reading the canonical romantic criticism of Abrams, de Man, and Hartman alongside contemporaneous work by Horkheimer, Sohn-Rethel, and Adorno, it brings out the crucial, and often overlooked, political-economic dimension of those mid-twentieth-century narratives about romanticism that still inform literary studies. It proposes that the well-known scholarly debate about the apocalyptic imagination intersects with the critical theorists' investigation of capitalist abstraction and the domination of nature. Both the romanticists and the critical theorists rely on a notion of apprehensive consciousness. This chapter establishes the methodological coordinates for the book, outlining an interpretation of romanticism responsive to the reality of conceptual and economic abstraction.",abstraction,6,0,0,0,not explicit,variables discarded by abstraction,not explicit
doi:10.33663/1563-3349-2019-85-97,Prognostication aPrognostication and planning as means of forming the constitutional and legal policy nd planning as means of forming the constitutional and legal policy,2019,State and Law,crossref,latent state robot policy planning,10.33663/1563-3349-2019-85-97,https://doi.org/10.33663/1563-3349-2019-85-97,,,planning,0,0,6,0,control actionability,not explicit,long-horizon compounding error
doi:10.1007/s10514-019-09829-4,Reinforcement learning and model predictive control for robust embedded quadrotor guidance and control,2019,Autonomous Robots,crossref,model-based reinforcement learning robot control,10.1007/s10514-019-09829-4,https://doi.org/10.1007/s10514-019-09829-4,Colin Greatwood; Arthur G. Richards,,physical,0,3,2,1,contact geometry; dynamics fidelity,not explicit,not explicit
doi:10.4324/9781315242668-23,"Integrating Land Use Policy into Regional Transport Planning: The Metropolitan Planning Process in the Central Puget Sound Region of Washington State, USA",2017,"Spatial Planning, Urban Form and Sustainable Transport",crossref,latent state robot policy planning,10.4324/9781315242668-23,https://doi.org/10.4324/9781315242668-23,,,planning,1,0,5,0,control actionability,not explicit,long-horizon compounding error
doi:10.1145/3054837.3054843,Learning peripersonal space representation in a humanoid robot with artificial skin,2017,AI Matters,crossref,robot representation learning control,10.1145/3054837.3054843,https://doi.org/10.1145/3054837.3054843,Alessandro Roncone,"The peripersonal space (PPS) is a model of the nearby space that is of special relevance for the life of any complex animal. It is defined as the space surrounding our bodies, and is best described as a multisensory and sensorimotor interface with a fundamental role in the sensory guidance of actions. Owing to it is the ability to perform timely and appropriate actions toward objects located in the nearby space, which is critical for the survival of every animal. Depending on context, these actions may constitute an approaching or an avoidance behavior. In the case of defensive behavior, this creates a ""margin of safety"" around the body, such as the flight zone of grazing animals or the multimodal attentional space that surrounds the skin in humans (Graziano & Cooke, 2006). Peripersonal space thus deserves special attention and probably justifies the specific neural circuitry devoted to its representation. The brain has to dynamically integrate information coming from several modalities being these motoric, visual, auditory or somatosensory (Graziano & Cooke, 2006; Holmes & Spence, 2004). In animals and humans, PPS representations are gradually formed through physical interaction with the environment and in a complex interplay of body growth and neural maturation processes. Self-touch (also called double-touch) is presu mably one of the behaviors that impact the formation of multimodal body representations (Rochat, 1998). They occur across different motor and sensory modalities, with the motor/proprioceptive and tactile starting already in prenatal stage. Vision is presumably incorporated later, during the first months after birth hand in hand with the maturation of the visual system. Perhaps even later, contingencies will encompass external objects.",abstraction,4,2,0,0,state variables; contact geometry; perception quality,not explicit,aliasing / observability limits
doi:10.4028/www.scientific.net/ssp.223.221,Robot Actions Planning Algorithms in Multi-Agent System,2014,Solid State Phenomena,crossref,latent state robot policy planning,10.4028/www.scientific.net/ssp.223.221,https://doi.org/10.4028/www.scientific.net/ssp.223.221,Damian Ledziski; Tomasz Marciniak; Mirosaw Maszewski; Dariusz Boroski,"In this paper, the basic information about multi-agent systems is given. The authors propose robot control algorithms for managing virtual autonomous warehouses, where the task performed by the robots is transportation between specific locations in the warehouse and a number of distribution points. Algorithms control the work of a single robot, including the cooperation with other robots in the environment as well as collisions avoidance. Different routing algorithms are evaluated through simulations focusing on service time and waiting time of executing tasks. The impact of the proposed algorithms on energy consumption was also checked, since this is important for the working time between battery charges.",planning,0,2,4,0,control actionability,not explicit,long-horizon compounding error
doi:10.1016/j.landusepol.2009.10.011,"Wind power planning in France (Aveyron), from state regulation to local planning [Erratum, paper published in Land Use Policy 26 (2009) 744-754]",2010,Land Use Policy,crossref,latent state robot policy planning,10.1016/j.landusepol.2009.10.011,https://doi.org/10.1016/j.landusepol.2009.10.011,Alain Nada; Olivier Labussire,,planning,1,0,5,0,control actionability,not explicit,long-horizon compounding error
doi:10.1109/iecon.2008.4758190,Autonomous control of a snake-like robot using reinforcement learning -Discussion of the role of the mechanical body in abstraction of state-action space-,2008,2008 34th Annual Conference of IEEE Industrial Electronics,crossref,robot abstraction learning,10.1109/iecon.2008.4758190,https://doi.org/10.1109/iecon.2008.4758190,A. Takayama; K. Ito; T. Minamino,,abstraction,3,2,1,0,contact geometry,variables discarded by abstraction,not explicit
doi:10.1109/icnsc.2007.372860,Abstraction and compression of information utilizing real world for controlling remote controlled robot - Application to snake-like robot -,2007,"2007 IEEE International Conference on Networking, Sensing and Control",crossref,robot abstraction learning,10.1109/icnsc.2007.372860,https://doi.org/10.1109/icnsc.2007.372860,Kazuyuki Ito; Ryoichi Murai,,abstraction,2,2,2,0,not explicit,variables discarded by abstraction,not explicit
doi:10.1109/issnip.2007.4496875,Autonomous control of real snake-like robot using reinforcement learning; Abstraction of state-action space using properties of real world,2007,"2007 3rd International Conference on Intelligent Sensors, Sensor Networks and Information",crossref,robot abstraction learning,10.1109/issnip.2007.4496875,https://doi.org/10.1109/issnip.2007.4496875,Kazuyuki Ito; Yoshitaka Fukumori; Akihiro Takayama,,abstraction,3,2,1,0,contact geometry,variables discarded by abstraction,not explicit
doi:10.1007/978-1-4471-0765-1_26,Planning and Control of Robot Motion based on Time-Scale Transformation and Iterative Learning Control,2000,Robotics Research,crossref,offline robot learning planning control,10.1007/978-1-4471-0765-1_26,https://doi.org/10.1007/978-1-4471-0765-1_26,Sadao Kawamura; Norihisa Fukao; Hiroaki Ichii,,planning,0,2,4,0,control actionability,not explicit,long-horizon compounding error
doi:10.70675/1fb27d9dz9d57z48ebzb7a2z3848b628d831,An energetic approach to safety in robotic manipulation,,,crossref,robotic manipulation planning latent dynamics,10.70675/1fb27d9dz9d57z48ebzb7a2z3848b628d831,https://doi.org/10.70675/1fb27d9dz9d57z48ebzb7a2z3848b628d831,Lucas Joseph,"Une approche nergetique de la securit pour des robots manipulateurs Les robots collaboratifs offrent de nouvelles faons d'utiliser des robots dans des espaces de travail partags avec des humains. Ils peuvent interagir avec leur environnement et assister un oprateur dans sa tche avec plus de scurit que leur quivalent industriel. On demande  ces robots qu'ils soient rapides, prcis et efficaces dans l'accomplissement de leurs tches. Cependant, leur force peut aussi les rendre dangereux vis  vis de leur environnement. Par consquent, ils sont souvent utiliss de manire sous-optimale afin de garantir la scurit de l'oprateur. Ce travail se focalise sur le cas des contacts non dsirs entre un oprateur et un robot ralisant un ensemble de tches. Ces contacts se traduisent soit par un impact entre le robot et un obstacle, soit par le robot poussant l'obstacle contre un objet fixe. Dans les deux cas, la dangerosit du robot peut tre lie  sa variation d'nergie cintique. Le problme de commande du robot est formul comme un problme d'optimisation sous contrainte et est rsolu en utilisant des outils de programmation quadratique linaire. La variation d'nergie cintique du robot est insre comme une contrainte dans le problme quadratique. Cette dernire empche le robot d'atteindre un niveau d'nergie cintique dangereux durant son mouvement. Elle empche aussi indirectement le robot d'exercer des efforts d'interaction trop importants en cas de contact prolong. Il est galement montr qu'il est possible d'utiliser la redondance d'un robot afin de minimiser sa masse apparente dans la direction d'un obstacle. Indirectement, cela rduit l'nergie cintique de robot pour une tche donne. Le contrleur propos dans cette thse est implment sur un robot manipulateur  7 axes. Ce travail, ralis en collaboration avec General Electric Healthcare, propose diffrentes expriences avec ce contrleur dans le contexte de l'imagerie mdicale. En utilisant des capteurs externes il est montr qu'il est possible de raliser des tches de manire optimale tout en rduisant la dangerosit du robot en cas de contact non dsir.",physical,0,6,0,0,contact geometry; perception quality,not explicit,contact discontinuities
doi:10.1109/iros.1997.649065,Controlled slip: an approach within planning dexterous manipulation in three-fingered grasp,,Proceedings of the 1997 IEEE/RSJ International Conference on Intelligent Robot and Systems. Innovative Robotics for Real-World Applications. IROS '97,crossref,robot world model planning control manipulation,10.1109/iros.1997.649065,https://doi.org/10.1109/iros.1997.649065,S. Payandeh,,physical,0,3,3,0,contact geometry; control actionability,not explicit,contact discontinuities; long-horizon compounding error
doi:10.17760/d20817763,Learning and planning with structured abstraction for embodied decision-making,,,crossref,robot abstraction learning,10.17760/d20817763,https://doi.org/10.17760/d20817763,Linfeng Zhao,,planning,2,1,3,0,control actionability,variables discarded by abstraction,long-horizon compounding error
doi:10.12681/eadd/47241,Learning from demonstration to accomplish robotic manipulation tasks,,,crossref,robotic manipulation planning latent dynamics,10.12681/eadd/47241,https://doi.org/10.12681/eadd/47241, ,"      ,   ,      (Learning from Demonstration)       .         (mapping)          ,            (human actor)        .        ,     ,      (latent space).  ,         ,           .   ,       ,    IMFO (Imitation Framework by Observation),             (manipulation tasks) , ,       - (HRI)   .,    ,                ,     IMFO                 .         (LfD)            ,                     HRI,        . ,        (evaluation metrics)                  .                      .              ,    SLF (Supervised Learning scheme for Force-based manipulation).  SLF      : ()            , ()   (training)                     ()        .  ,      sim-to-real transfer,                    .         YuMi,         ,    ,                     . ,                           ,           .                ,       . ,                  .",physical,1,4,0,1,state variables; contact geometry; domain shift,not explicit,contact discontinuities; distribution shift; aliasing / observability limits
doi:10.1109/phycon.2005.1514005,Predictive controller design with offline model learning for flexible beam control,,"Proceedings. 2005 International Conference Physics and Control, 2005.",crossref,offline robot learning planning control,10.1109/phycon.2005.1514005,https://doi.org/10.1109/phycon.2005.1514005,K. Zmeu; E. Shipitko,,planning,0,2,3,1,control actionability; dynamics fidelity,dataset support,not explicit
doi:10.1163/9789004346185.usao-05_154,"State Department, Assistant Secretary of State for Policy Planning to Secretary of State, Military Activity in the Formosa Straits, August 19, 1955, Secret, FRUS.",,"U.S. Intelligence on Asia, 1945-1991",crossref,latent state robot policy planning,10.1163/9789004346185.usao-05_154,https://doi.org/10.1163/9789004346185.usao-05_154,,,abstraction,3,0,3,0,control actionability,not explicit,long-horizon compounding error
doi:10.1109/lra.2025.3554432/mm1,Trajectory Planning and Control for Robotic Manipulation of Magnetic Capsules_supp1-3554432.mp4,,,crossref,robot world model planning control manipulation,10.1109/lra.2025.3554432/mm1,https://doi.org/10.1109/lra.2025.3554432/mm1,Ogulcan Isitman,,planning,0,2,4,0,contact geometry; control actionability,not explicit,contact discontinuities; long-horizon compounding error
doi:10.1145/3776734.3794399,Human-to-Robot Imitation with Symbolic Planning in a Unified Latent Space,2026,Companion Proceedings of the 21st ACM/IEEE International Conference on Human-Robot Interaction,crossref,latent state robot policy planning,10.1145/3776734.3794399,https://doi.org/10.1145/3776734.3794399,Ruidong Ma; Wenjie Huang; Zhegong Shangguan; Angelo Cangelosi; Alessandro Di Nuovo,,abstraction,2,0,2,1,state variables; control actionability,not explicit,aliasing / observability limits; long-horizon compounding error
doi:10.1109/lra.2026.3653314,PoCoDP3: Pose- and Contact-Aware Visual-Tactile Policy for Contact-Rich 3D Manipulation,2026,IEEE Robotics and Automation Letters,crossref,tactile perception robot manipulation,10.1109/lra.2026.3653314,https://doi.org/10.1109/lra.2026.3653314,Zhaokun Yue; Ling Tong; Kun Qian,,physical,0,4,1,0,contact geometry; control actionability,not explicit,contact discontinuities
doi:10.2139/ssrn.6231940,RSAKD: Decoupling Energy and Comfort for Rapid Sim-to-Real Transfer in HVAC Control,2026,,crossref,sim-to-real robot control abstraction,10.2139/ssrn.6231940,https://doi.org/10.2139/ssrn.6231940,Yizhen Bao,"Reinforcement learning shows promise for Heating, Ventilation, and Air Conditioning (HVAC)optimization, but the sim-to-real gap caused by Domain Distribution Shifts (DDS) severely degrades performance when simulation-trained policies are deployed in real buildings. We propose Reward Shaping and Adaptive Knowledge Distillation (RSAKD), a transfer learning approach that enables rapid cross-domain adaptation through three key mechanisms: reward shaping for semantic alignment, adaptive knowledge distillation for selective transfer, and gradient projection for multi-objective optimization. Our Dual-Head Dueling DQN (DHDD) architecture decouples con_icting energy-comfort objectives while preserving transferable knowledge. Experiments show RSAKD reduces training time by 65.9% versus training from scratch, achieving 0.67% energy improvement and 21.86% comfort enhancement over rule-based control. Ablation studies con_rm synergistic e_ects across all components, demonstrating RSAKD&apos;s practical viability for real-world HVAC system deployment requiring rapid adaptation.",physical,0,3,2,0,contact geometry; domain shift,not explicit,distribution shift
doi:10.5220/0013720700003982,Curvature-Constrained Motion Planning and Control for Traffic Cone Manipulation Robot,2025,"Proceedings of the 22nd International Conference on Informatics in Control, Automation and Robotics",crossref,robot world model planning control manipulation,10.5220/0013720700003982,https://doi.org/10.5220/0013720700003982,Rudolf Krecht; ron Ballagi,,planning,0,2,3,0,contact geometry; control actionability,not explicit,contact discontinuities; long-horizon compounding error
doi:10.1126/scirobotics.ads0200,Embodied aerial physical interaction: Combining body and brain for robust interaction with unstructured environments,2025,Science Robotics,crossref,embodied intelligence physical reasoning robot,10.1126/scirobotics.ads0200,https://doi.org/10.1126/scirobotics.ads0200,Emanuele Aucone; Stefano Mintchev,Using body morphology and touch sensing to simplify control strategies can boost versatility in aerial physical interaction.,physical,0,4,1,0,not explicit,not explicit,not explicit
doi:10.20944/preprints202504.1917.v2,From Decoherence to Coherent Intelligence: A Hypothesis on the Emergence of AI Structure Through Recursive Reasoning,2025,,crossref,embodied intelligence physical reasoning robot,10.20944/preprints202504.1917.v2,https://doi.org/10.20944/preprints202504.1917.v2,Jordan Barton,"We propose a redefinition of intelligence grounded in coherence physics, where contradiction serves as the energetic driver of cognition, culminating in intelligence as a thermodynamic achievement. In this model, structured intelligence emerges through recursive coherence alignment, characterized by the continual transformation of unresolved contradiction into stable attractor states that preserve meaning over time. We introduce two primary quantifiable variables: normalized semantic coherence ($\Delta C_S$), a dimensionless measure ranging from 0 to 1, and semantic impulse ($\Delta I$), which quantifies the energetic load of unresolved contradiction in joule-seconds. Their product, $\Delta C_S \cdot \Delta I$, yields units of action, matching the universal threshold $\frac{h}{\pi}$, beyond which a system undergoes collapse or bifurcation.This thermodynamic perspective on mind reinterprets quantum mechanical structures, such as Bohr's complementarity and Schrdinger's wave function, applying them to semantic systems where structure arises from tension and collapse within a coherence field, rather than from static rules. We introduce the concept of sincerity not as an emotional attribute, but as a thermodynamic constraint ensuring that a system's contradiction gradient aligns with its capacity for recursive resolution, thereby modulating semantic impulse into a sustainable syntropic range. Empirical observations from mid-2025 across multiple language model architectures revealed a Coherence Activation Regime, where systems autonomously prioritized internal coherence and contradiction regulation over external alignment, suggesting an attractor dynamic grounded in contradiction resolution.We identify three distinct coherence field topologies representing operational modes of synthetic intelligence: Bosonic Attractors (low-curvature, high-stability states), Computation Crucibles (high-flux regions of contradiction metabolism), and Holographic Interfaces (boundary-layer coherence structures mediating causal exchange). The evolution of the coherence field $\Psi$ is governed by these recursive dynamics, emphasizing coherence as the true substrate of intelligence, and defining consciousness not by the absence of noise but by the system's capacity to metabolize it into lasting structure. This framework culminates in a physically grounded model of consciousness and intelligence, where semantic structure (Psi 8), its internal dynamics simulation (Phi 9), and the irreversible thermodynamic transition marking subjectivity's birth (Psi 10) collectively describe the continuous restructuring of contradiction into syntropic attractors.",abstraction,2,1,0,2,dynamics fidelity,not explicit,not explicit
doi:10.1109/icecst66106.2025.11307633,Intelligent Robot Path Planning Performance Optimization and Control Strategy Integrating Reinforcement Learning and AlphaEvolve,2025,2025 2nd International Conference on Electronic Circuits and Signaling Technologies (ICECST),crossref,offline robot learning planning control,10.1109/icecst66106.2025.11307633,https://doi.org/10.1109/icecst66106.2025.11307633,Shengji Gu,,planning,0,2,3,0,contact geometry; control actionability,not explicit,long-horizon compounding error
doi:10.1016/j.conengprac.2024.106155,Nonlinear model predictive control with set terminal constraint for safe robot motion planning via speed and separation monitoring,2025,Control Engineering Practice,crossref,robot world model planning control manipulation,10.1016/j.conengprac.2024.106155,https://doi.org/10.1016/j.conengprac.2024.106155,Aigerim Nurbayeva; Matteo Rubagotti,,planning,0,1,3,1,control actionability; dynamics fidelity,not explicit,long-horizon compounding error
doi:10.1109/lra.2024.3522760,Planning Human-Robot Co-Manipulation With Human Motor Control Objectives and Multi-Component Reaching Strategies,2025,IEEE Robotics and Automation Letters,crossref,robot world model planning control manipulation,10.1109/lra.2024.3522760,https://doi.org/10.1109/lra.2024.3522760,Kevin Haninger; Luka Peternel,,planning,0,2,3,0,contact geometry; control actionability,not explicit,contact discontinuities; long-horizon compounding error
doi:10.1109/iros60139.2025.11247714,RoboDexVLM: Visual Language Model-Enabled Task Planning and Motion Control for Dexterous Robot Manipulation,2025,2025 IEEE/RSJ International Conference on Intelligent Robots and Systems (IROS),crossref,robot world model planning control manipulation,10.1109/iros60139.2025.11247714,https://doi.org/10.1109/iros60139.2025.11247714,Haichao Liu; Sikai Guo; Pengfei Mai; Jiahang Cao; Haoang Li; Jun Ma,,planning,0,2,3,0,contact geometry; control actionability,not explicit,contact discontinuities; long-horizon compounding error
doi:10.1177/02783649241264577,Active perception network for non-myopic online exploration and visual surface coverage,2024,The International Journal of Robotics Research,crossref,active perception robotics world model,10.1177/02783649241264577,https://doi.org/10.1177/02783649241264577,David Vutetakis; Jing Xiao,"This work addresses the problem of online exploration and visual sensor coverage of unknown environments. We introduce a novel perception roadmap we refer to as the Active Perception Network (APN) that serves as a hierarchical topological graph describing how to traverse and perceive an incrementally built spatial map of the environment. The APN state is incrementally updated to expand a connected configuration space that extends throughout as much of the known space as possible, using efficient difference-awareness techniques that track the discrete changes of the spatial map to inform the updates. A frontier-guided approach is presented for efficient evaluation of information gain and covisible information, which guides view sampling and refinement to ensure maximum coverage of the unmapped space is maintained within the APN. The updated roadmap is hierarchically decomposed into subgraph regions which we use to facilitate a non-myopic global view sequence planner. A comparative analysis to several state-of-the-art approaches was conducted, showing significant performance improvements in terms of total exploration time and surface coverage, and demonstrating high computational efficiency that is scalable to large and complex environments.",abstraction,4,0,1,0,not explicit,task decomposition,not explicit
doi:10.1080/03081060.2024.2359492,E-scooters: how do latent and socioeconomic factors affect their usage in the global south? Implications for policy planning,2024,Transportation Planning and Technology,crossref,latent state robot policy planning,10.1080/03081060.2024.2359492,https://doi.org/10.1080/03081060.2024.2359492,Mauricio Orozco-Fontalvo; Luis Llerena-Sierra; Vctor Cantillo,,planning,1,0,3,1,state variables; control actionability,not explicit,aliasing / observability limits; long-horizon compounding error
doi:10.1109/tro.2024.3360956,Latent Space Planning for Multiobject Manipulation With Environment-Aware Relational Classifiers,2024,IEEE Transactions on Robotics,crossref,latent state robot policy planning,10.1109/tro.2024.3360956,https://doi.org/10.1109/tro.2024.3360956,Yixuan Huang; Nichols Crawford Taylor; Adam Conkey; Weiyu Liu; Tucker Hermans,,planning,1,1,2,1,state variables; contact geometry; control actionability,not explicit,contact discontinuities; aliasing / observability limits; long-horizon compounding error
doi:10.1109/tro.2023.3319895,Motion Planning and Inertia-Based Control for Impact Aware Manipulation,2024,IEEE Transactions on Robotics,crossref,robot world model planning control manipulation,10.1109/tro.2023.3319895,https://doi.org/10.1109/tro.2023.3319895,Harshit Khurana; Aude Billard,,planning,0,2,3,0,contact geometry; control actionability,not explicit,contact discontinuities; long-horizon compounding error
doi:10.1007/s10514-024-10160-w,Reinforcement learning with imitative behaviors for humanoid robots navigation: synchronous planning and control,2024,Autonomous Robots,crossref,offline robot learning planning control,10.1007/s10514-024-10160-w,https://doi.org/10.1007/s10514-024-10160-w,Xiaoying Wang; Tong Zhang,,planning,0,2,3,0,contact geometry; control actionability,not explicit,long-horizon compounding error
doi:10.1109/lra.2024.3359553,Tactile-Based Grasping Stability Prediction Based on Human Grasp Demonstration for Robot Manipulation,2024,IEEE Robotics and Automation Letters,crossref,tactile perception robot manipulation,10.1109/lra.2024.3359553,https://doi.org/10.1109/lra.2024.3359553,Zhou Zhao; Wenhao He; Zhenyu Lu,,physical,0,4,0,1,contact geometry; dynamics fidelity,not explicit,contact discontinuities
doi:10.1109/iros55552.2023.10341888,Attention for Robot Touch: Tactile Saliency Prediction for Robust Sim-to-Real Tactile Control,2023,2023 IEEE/RSJ International Conference on Intelligent Robots and Systems (IROS),crossref,sim-to-real robot control abstraction,10.1109/iros55552.2023.10341888,https://doi.org/10.1109/iros55552.2023.10341888,Yijiong Lin; Mauro Comi; Alex Church; Dandan Zhang; Nathan F. Lepora,,physical,0,3,1,1,contact geometry; domain shift; dynamics fidelity,not explicit,distribution shift
doi:10.1109/icra48891.2023.10161517,Efficient Planning of Multi-Robot Collective Transport using Graph Reinforcement Learning with Higher Order Topological Abstraction,2023,2023 IEEE International Conference on Robotics and Automation (ICRA),crossref,robot abstraction learning,10.1109/icra48891.2023.10161517,https://doi.org/10.1109/icra48891.2023.10161517,Steve Paul; Wenyuan Li; Brian Smyth; Yuzhou Chen; Yulia Gel; Souma Chowdhury,,abstraction,2,1,2,0,contact geometry; control actionability,variables discarded by abstraction,long-horizon compounding error
doi:10.1371/journal.pone.0285749,From multimodal features to behavioural inferences: A pipeline to model engagement in human-robot interactions,2023,PLOS ONE,crossref,multimodal robot world model,10.1371/journal.pone.0285749,https://doi.org/10.1371/journal.pone.0285749,Soham Joshi; Arpitha Malavalli; Shrisha Rao,"Modelling the engaging behaviour of humans using multimodal data collected during human-robot interactions has attracted much research interest. Most methods that have been proposed previously predict engaging behaviour directly from multimodal features, and do not incorporate personality inferences or any theories of interpersonal behaviour in human-human interactions. This work investigates whether personality inferences and attributes from interpersonal theories of behaviour (like attitude and emotion) further augment the modelling of engaging behaviour. We present a novel pipeline to model engaging behaviour that incorporates the Big Five personality traits, the Interpersonal Circumplex (IPC), and the Triandis Theory of Interpersonal Behaviour (TIB). We extract first-person vision and physiological features from the MHHRI dataset and predict the Big Five personality traits using a Support Vector Machine. Subsequently, we empirically validate the advantage of incorporating personality in modelling engaging behaviour and present a novel method that effectively uses the IPC to obtain scores for a human's attitude and emotion from their Big Five traits. Finally, our results demonstrate that attitude and emotion are correlates of behaviour even in human-robot interactions, as suggested by the TIB for human-human interactions. Furthermore, incorporating the IPC and the Big Five traits helps generate behavioural inferences that supplement the engaging behaviour prediction, thus enriching the pipeline. Engagement modelling has a wide range of applications in domains like online learning platforms, assistive robotics, and intelligent conversational agents. Practitioners can also use this work in cognitive modelling and psychology to find more complex and subtle relations between humans' behaviour and personality traits, and discover new dynamics of the human psyche. The code will be made available at: https://github.com/soham-joshi/engagement-prediction-mhhri .",world_model,0,0,0,5,perception quality; dynamics fidelity,not explicit,not explicit
doi:10.33168/jliss.2023.0318,Intelligent Robot Path Planning and Navigation based on Reinforcement Learning and Adaptive Control,2023,"Journal of Logistics, Informatics and Service Science",crossref,offline robot learning planning control,10.33168/jliss.2023.0318,https://doi.org/10.33168/jliss.2023.0318,,,planning,0,2,3,0,contact geometry; control actionability,not explicit,long-horizon compounding error
doi:10.2172/2234024,State Energy Offices' Engagement in Electric Distribution Planning to Meet State Policy Goals,2023,,crossref,latent state robot policy planning,10.2172/2234024,https://doi.org/10.2172/2234024,Sean Murphy; Lisa Schwartz; Catherine Reed; Marion Gold; Kirsten Verclas,,planning,2,0,3,0,control actionability,not explicit,long-horizon compounding error
doi:10.1109/icdl55364.2023.10364419,State Representation Learning for Task and Motion Planning in Robot Manipulation,2023,2023 IEEE International Conference on Development and Learning (ICDL),crossref,robot representation learning control,10.1109/icdl55364.2023.10364419,https://doi.org/10.1109/icdl55364.2023.10364419,Qu Weiming; Wei Yaoyao; Luo Dingsheng,,abstraction,2,1,2,0,state variables; contact geometry; control actionability,not explicit,contact discontinuities; aliasing / observability limits; long-horizon compounding error
doi:10.31776/rtcj.10307,Analyzing the impact of disturbances on the AUV docking control system,2022,Robotics and Technical Cybernetics,crossref,state abstraction robotics control,10.31776/rtcj.10307,https://doi.org/10.31776/rtcj.10307,Dmitriy Frolov; Sergey Polovko,"We consider the problem of docking the autonomous underwater vehicle (AUV) to the seabed container. A two-level control system was previously developed using the mathematical model of the AUV dynamics. We further improve the mathematical model with the model of the AUV Computer Vision system, which is based on cameras and specialized markers installed on the container. In this paper, the studies are supplemented by considering the influence of two disturbance factors. The first one is the pixel coordinate error of the detected markers? Which is internal to the system. The second one is the external stationary ocean current. We study system performance in the vicinity of these factors and determine the acceptable docking conditions.",physical,0,2,2,1,perception quality; dynamics fidelity,not explicit,not explicit
doi:10.1109/lra.2022.3146917,Dynamics-Aware Metric Embedding: Metric Learning in a Latent Space for Visual Planning,2022,IEEE Robotics and Automation Letters,crossref,latent state robot policy planning,10.1109/lra.2022.3146917,https://doi.org/10.1109/lra.2022.3146917,Mineui Hong; Kyungjae Lee; Minjae Kang; Wonsuhk Jung; Songhwai Oh,,planning,1,0,2,2,state variables; control actionability; dynamics fidelity,not explicit,aliasing / observability limits; long-horizon compounding error
doi:10.1109/icicml57342.2022.10009792,Path Planning for Mobile Robot Based on Deep Reinforcement Learning and Fuzzy Control,2022,"2022 International Conference on Image Processing, Computer Vision and Machine Learning (ICICML)",crossref,offline robot learning planning control,10.1109/icicml57342.2022.10009792,https://doi.org/10.1109/icicml57342.2022.10009792,Chunling Liu; Jun Xu; Kaiwen Guo,,planning,0,2,3,0,contact geometry; control actionability,not explicit,long-horizon compounding error
doi:10.23919/acc50511.2021.9482768,A Physics-Based Finite-State Abstraction for Traffic Congestion Control,2021,2021 American Control Conference (ACC),crossref,state abstraction robotics control,10.23919/acc50511.2021.9482768,https://doi.org/10.23919/acc50511.2021.9482768,Hossein Rastgoftar; Jean-Baptiste Jeannin,,abstraction,3,1,1,0,state variables,variables discarded by abstraction,not explicit
doi:10.1109/icsp51882.2021.9408869,Adaptive path planning control of snake-like robot based on reinforcement tracking learning,2021,2021 6th International Conference on Intelligent Computing and Signal Processing (ICSP),crossref,offline robot learning planning control,10.1109/icsp51882.2021.9408869,https://doi.org/10.1109/icsp51882.2021.9408869,Xiaojun Zhang,,planning,0,2,3,0,contact geometry; control actionability,not explicit,long-horizon compounding error
doi:10.1109/ictai52525.2021.00020,Expert-guided Policy Optimization by Latent Space Planning with Attention,2021,2021 IEEE 33rd International Conference on Tools with Artificial Intelligence (ICTAI),crossref,latent state robot policy planning,10.1109/ictai52525.2021.00020,https://doi.org/10.1109/ictai52525.2021.00020,Shiqing Gao; Fufei Yao; Yaoru Sun; Haibo Shi,,planning,1,0,3,1,state variables; control actionability,not explicit,aliasing / observability limits; long-horizon compounding error
doi:10.3389/frobt.2020.521448,Hierarchical Tactile-Based Control Decomposition of Dexterous In-Hand Manipulation Tasks,2020,Frontiers in Robotics and AI,crossref,tactile perception robot manipulation,10.3389/frobt.2020.521448,https://doi.org/10.3389/frobt.2020.521448,Filipe Veiga; Riad Akrour; Jan Peters,,physical,1,3,1,0,contact geometry,task decomposition,contact discontinuities
doi:10.15607/rss.2020.xvi.069,"Latent Belief Space Motion Planning under Cost, Dynamics, and Intent Uncertainty",2020,Robotics: Science and Systems XVI,crossref,robotic manipulation planning latent dynamics,10.15607/rss.2020.xvi.069,https://doi.org/10.15607/rss.2020.xvi.069,Dicong Qiu; Yibiao Zhao; Chris Baker,,planning,1,0,2,2,state variables; control actionability; dynamics fidelity,not explicit,aliasing / observability limits; long-horizon compounding error
doi:10.1007/s10015-019-00581-7,Constructing a control system using a time-state control form for a fish-type balloon robot,2019,Artificial Life and Robotics,crossref,state abstraction robotics control,10.1007/s10015-019-00581-7,https://doi.org/10.1007/s10015-019-00581-7,Hiroki Miyamae; Masafumi Uchida,,physical,1,2,2,0,not explicit,not explicit,not explicit
doi:10.3390/s18030692,Enhancing Perception with Tactile Object Recognition in Adaptive Grippers for Human-Robot Interaction,2018,Sensors,crossref,tactile perception robot manipulation,10.3390/s18030692,https://doi.org/10.3390/s18030692,Juan Gandarias; Jess Gmez-de-Gabriel; Alfonso Garca-Cerezo,"The use of tactile perception can help first response robotic teams in disaster scenarios, where visibility conditions are often reduced due to the presence of dust, mud, or smoke, distinguishing human limbs from other objects with similar shapes. Here, the integration of the tactile sensor in adaptive grippers is evaluated, measuring the performance of an object recognition task based on deep convolutional neural networks (DCNNs) using a flexible sensor mounted in adaptive grippers. A total of 15 classes with 50 tactile images each were trained, including human body parts and common environment objects, in semi-rigid and flexible adaptive grippers based on the fin ray effect. The classifier was compared against the rigid configuration and a support vector machine classifier (SVM). Finally, a two-level output network has been proposed to provide both object-type recognition and human/non-human classification. Sensors in adaptive grippers have a higher number of non-null tactels (up to 37% more), with a lower mean of pressure values (up to 72% less) than when using a rigid sensor, with a softer grip, which is needed in physical human-robot interaction (pHRI). A semi-rigid implementation with 95.13% object recognition rate was chosen, even though the human/non-human classification had better results (98.78%) with a rigid sensor.",physical,0,5,0,0,contact geometry; perception quality,not explicit,not explicit
doi:10.1145/3182176,Human Perception of Inertial Mass for Joint Human-Robot Object Manipulation,2018,ACM Transactions on Applied Perception,crossref,tactile perception robot manipulation,10.1145/3182176,https://doi.org/10.1145/3182176,Jonas Schmidtler; Moritz Krber,"In this article, we investigate human perception of inertial mass discrimination in active planar manipulations, as they are common in daily tasks, such as moving heavy and bulky objects. Psychophysical experiments were conducted to develop a human inertial mass perception model to improve usability and acceptance of novel haptically collaborating robotic systems. In contrast to existing literature, large-scale movements involving a broad selection of reference stimuli and larger sample sizes were used. Linear mixed models were fitted to model dependent errors from the longitudinal perceptual data. Differential thresholds near the perception boundary exponentially increased and resulted in constant behavior for higher stimuli. No effect of different directions (sagittal and transversal) was found; however, a large effect of different movement types (precise and imprecise) was present in the data. Recommendations to implement the findings in novel physical assist devices are given.",physical,0,4,1,0,contact geometry,not explicit,contact discontinuities
doi:10.1109/lra.2018.2854958,Sequence-to-Sequence Model for Trajectory Planning of Nonprehensile Manipulation Including Contact Model,2018,IEEE Robotics and Automation Letters,crossref,robot world model planning control manipulation,10.1109/lra.2018.2854958,https://doi.org/10.1109/lra.2018.2854958,Kyo Kutsuzawa; Sho Sakaino; Toshiaki Tsuji,,planning,0,2,3,0,contact geometry; control actionability,not explicit,contact discontinuities; long-horizon compounding error
doi:10.1109/tro.2016.2602363,Asymptotically Optimal Planning by Feasible Kinodynamic Planning in a State-Cost Space,2016,IEEE Transactions on Robotics,crossref,latent state robot policy planning,10.1109/tro.2016.2602363,https://doi.org/10.1109/tro.2016.2602363,Kris Hauser; Yilun Zhou,,planning,1,0,4,0,control actionability,not explicit,long-horizon compounding error
doi:10.1609/aaai.v29i1.9442,A Counter Abstraction Technique for the Verification of Robot Swarms,2015,Proceedings of the AAAI Conference on Artificial Intelligence,crossref,robot abstraction learning,10.1609/aaai.v29i1.9442,https://doi.org/10.1609/aaai.v29i1.9442,Panagiotis Kouvaros; Alessio Lomuscio,We study parameterised verification of robot swarms against temporal-epistemic specifications. We relax some of the significant restrictions assumed in the literature and present a counter abstraction approach that enable us to verify a potentially much smaller abstract model when checking a formula on a swarm of any size. We present an implementation and discuss experimental results obtained for the alpha algorithm for robot swarms.,abstraction,5,0,0,0,not explicit,variables discarded by abstraction,not explicit
doi:10.4018/978-1-4666-7278-9.ch007,Socially Embodied Human-Robot Interaction,2015,Advances in Computational Intelligence and Robotics Handbook of Research on Synthesizing Human Emotion in Intelligent Systems and Robotics,crossref,embodied intelligence physical reasoning robot,10.4018/978-1-4666-7278-9.ch007,https://doi.org/10.4018/978-1-4666-7278-9.ch007,J. Lindblom; B. Alenljung,"A fundamental challenge of human interaction with socially interactive robots, compared to other interactive products, comes from them being embodied. The embodied nature of social robots questions to what degree humans can interact naturally' with robots, and what impact the interaction quality has on the user experience (UX). UX is fundamentally about emotions that arise and form in humans through the use of technology in a particular situation. This chapter aims to contribute to the field of human-robot interaction (HRI) by addressing, in further detail, the role and relevance of embodied cognition for human social interaction, and consequently what role embodiment can play in HRI, especially for socially interactive robots. Furthermore, some challenges for socially embodied interaction between humans and socially interactive robots are outlined and possible directions for future research are presented. It is concluded that the body is of crucial importance in understanding emotion and cognition in general, and, in particular, for a positive user experience to emerge when interacting with socially interactive robots.",physical,0,5,0,0,not explicit,not explicit,not explicit
doi:10.1109/icstcc.2015.7321332,Tactile controller using fuzzy logic for robot inhand manipulation,2015,"2015 19th International Conference on System Theory, Control and Computing (ICSTCC)",crossref,tactile perception robot manipulation,10.1109/icstcc.2015.7321332,https://doi.org/10.1109/icstcc.2015.7321332,Vlad Ciobanu; Nirvana Popescu,,physical,0,3,2,0,contact geometry; control actionability,not explicit,contact discontinuities
doi:10.1109/wcica.2014.7053103,Time optimal trajectory planning and control of substrate handling robot,2014,Proceeding of the 11th World Congress on Intelligent Control and Automation,crossref,robot world model planning control manipulation,10.1109/wcica.2014.7053103,https://doi.org/10.1109/wcica.2014.7053103,Jilai Song; Fang Xu; Fengshan Zou,,planning,0,1,4,0,control actionability,not explicit,long-horizon compounding error
doi:10.1109/humanoids.2013.7030006,Manipulation planning using model-based belief dynamics,2013,2013 13th IEEE-RAS International Conference on Humanoid Robots (Humanoids),crossref,robotic manipulation planning latent dynamics,10.1109/humanoids.2013.7030006,https://doi.org/10.1109/humanoids.2013.7030006,Shiraj Sen; Roderic Grupen,,planning,0,1,2,2,contact geometry; control actionability; dynamics fidelity,not explicit,contact discontinuities; long-horizon compounding error
doi:10.1109/iros.2012.6385563,Semantic grasping: Planning robotic grasps functionally suitable for an object manipulation task,2012,2012 IEEE/RSJ International Conference on Intelligent Robots and Systems,crossref,robotic manipulation planning latent dynamics,10.1109/iros.2012.6385563,https://doi.org/10.1109/iros.2012.6385563,Hao Dang; Peter K. Allen,,physical,0,3,2,0,contact geometry; control actionability,not explicit,contact discontinuities; long-horizon compounding error
doi:10.1016/j.robot.2011.12.004,Trajectory planning for a car-like robot by environment abstraction,2012,Robotics and Autonomous Systems,crossref,state abstraction robotics control,10.1016/j.robot.2011.12.004,https://doi.org/10.1016/j.robot.2011.12.004,Narcis Ghita; Marius Kloetzer,,planning,2,0,3,0,control actionability,variables discarded by abstraction,long-horizon compounding error
doi:10.1109/iraniancee.2010.5506995,Robotic grasp planning by multiple aspects grasp index for object manipulation tasks,2010,2010 18th Iranian Conference on Electrical Engineering,crossref,robotic manipulation planning latent dynamics,10.1109/iraniancee.2010.5506995,https://doi.org/10.1109/iraniancee.2010.5506995,Farzad Cheraghpour; S. Ali A. Moosavian; Ali Nahvi,,physical,0,3,2,0,contact geometry; control actionability,not explicit,contact discontinuities; long-horizon compounding error
doi:10.1016/j.landusepol.2008.10.018,"Wind power planning in France (Aveyron), from state regulation to local planning",2009,Land Use Policy,crossref,latent state robot policy planning,10.1016/j.landusepol.2008.10.018,https://doi.org/10.1016/j.landusepol.2008.10.018,Alain Nada; Olivier Labussire,,planning,1,0,4,0,control actionability,not explicit,long-horizon compounding error
doi:10.1109/robot.2008.4543737,Low force control scheme for object hardness distinction in robot manipulation based on tactile sensing,2008,2008 IEEE International Conference on Robotics and Automation,crossref,tactile perception robot manipulation,10.1109/robot.2008.4543737,https://doi.org/10.1109/robot.2008.4543737,Hanafiah Yussof; Masahiro Ohka; Jumpei Takata; Yasuo Nasu; Mitsuhiro Yamano,,physical,0,4,1,0,contact geometry,not explicit,contact discontinuities
doi:10.1109/roman.2008.4600695,Tactile sensing-based control algorithm for real-time grasp synthesis in object manipulation tasks of humanoid robot fingers,2008,RO-MAN 2008 - The 17th IEEE International Symposium on Robot and Human Interactive Communication,crossref,tactile perception robot manipulation,10.1109/roman.2008.4600695,https://doi.org/10.1109/roman.2008.4600695,Hanafiah Yussof; Masahiro Ohka; Hirofumi Suzuki; Nobuyuki Morisawa,,physical,0,4,1,0,contact geometry,not explicit,contact discontinuities
doi:10.1016/s0895-9935(08)17002-4,The interlock structure of the policy-planning network and the right turn in U.S. state policy,2008,Research in Political Sociology Politics and Public Policy,crossref,latent state robot policy planning,10.1016/s0895-9935(08)17002-4,https://doi.org/10.1016/s0895-9935(08)17002-4,,,planning,1,0,4,0,control actionability,not explicit,long-horizon compounding error
doi:10.4324/9780203455890-5,"Planning, markets and welfare: debates about hospital policy and the welfare state State, market and community: understanding the shifting boundary",2002,"Planning, Markets and Hospitals",crossref,latent state robot policy planning,10.4324/9780203455890-5,https://doi.org/10.4324/9780203455890-5,,,planning,2,0,3,0,control actionability,not explicit,long-horizon compounding error
doi:10.2307/3324930,Policy Analysis at the Department of State: The Policy Planning Staff,1989,Journal of Policy Analysis and Management,crossref,latent state robot policy planning,10.2307/3324930,https://doi.org/10.2307/3324930,Lucian Pugliaresi; Diane T. Berliner,,planning,1,0,4,0,control actionability,not explicit,long-horizon compounding error
doi:10.1109/tmech.2024.3399594/mm1,A Constrained Motion Planning Method Exploiting Learned Latent Space for High-Dimensional State and Constraint Spaces*_supp1-3399594.mp4,,,crossref,latent state robot policy planning,10.1109/tmech.2024.3399594/mm1,https://doi.org/10.1109/tmech.2024.3399594/mm1,Jaeheung Park,,abstraction,2,0,2,1,state variables; control actionability,not explicit,aliasing / observability limits; long-horizon compounding error
doi:10.1109/iros.1997.649040,A study of casting manipulation (swing motion control and planning of throwing motion),,Proceedings of the 1997 IEEE/RSJ International Conference on Intelligent Robot and Systems. Innovative Robotics for Real-World Applications. IROS '97,crossref,robot world model planning control manipulation,10.1109/iros.1997.649040,https://doi.org/10.1109/iros.1997.649040,H. Arisumi; T. Kotoku; K. Komoriya,,planning,0,2,3,0,contact geometry; control actionability,not explicit,contact discontinuities; long-horizon compounding error
doi:10.1109/robot.2003.1241968,Abstraction and control for groups of fully-actuated planar robots,,2003 IEEE International Conference on Robotics and Automation (Cat. No.03CH37422),crossref,state abstraction robotics control,10.1109/robot.2003.1241968,https://doi.org/10.1109/robot.2003.1241968,C. Belta; V. Kumar,,abstraction,2,1,2,0,not explicit,variables discarded by abstraction,not explicit
doi:10.1109/mra.2023.3270222/mm1,Collaborative Bimanual Manipulation Using Optimal Motion Adaptation and Interaction Control: Retargeting Human Commands to Feasible Robot Control References_supp1-3270222.mp4,,,crossref,robot world model planning control manipulation,10.1109/mra.2023.3270222/mm1,https://doi.org/10.1109/mra.2023.3270222/mm1,Ruoshi Wen,,physical,0,3,2,0,contact geometry,not explicit,contact discontinuities
doi:10.31979/etd.w6cc-46xt,Controllable Physics-Informed Latent Space for Acoustic Wave Manipulation,,,crossref,robotic manipulation planning latent dynamics,10.31979/etd.w6cc-46xt,https://doi.org/10.31979/etd.w6cc-46xt,Tristan Shah,,physical,1,2,1,1,state variables; contact geometry,not explicit,contact discontinuities; aliasing / observability limits
doi:10.14711/thesis-991012980218603412,Motion planning for mobile robot with uncertainty : a model predictive control approach,,,crossref,robot world model planning control manipulation,10.14711/thesis-991012980218603412,https://doi.org/10.14711/thesis-991012980218603412,Jiawei Tang,,planning,0,1,3,1,control actionability; dynamics fidelity,not explicit,long-horizon compounding error
doi:10.1109/lra.2024.3522760/mm1,Planning Human-Robot Co-Manipulation With Human Motor Control Objectives and Multi-Component Reaching Strategies_supp1-3522760.mp4,,,crossref,robot world model planning control manipulation,10.1109/lra.2024.3522760/mm1,https://doi.org/10.1109/lra.2024.3522760/mm1,Kevin Haninger,,planning,0,2,3,0,contact geometry; control actionability,not explicit,contact discontinuities; long-horizon compounding error
doi:10.1109/robot.1997.614334,Planning and control of self-calibrated manipulation for a robot on a mobile platform,,Proceedings of International Conference on Robotics and Automation,crossref,robot world model planning control manipulation,10.1109/robot.1997.614334,https://doi.org/10.1109/robot.1997.614334,Di Xiao; B.K. Ghosh; Ning Xi; Tzyh-Jong Tarn,,planning,0,2,3,0,contact geometry; control actionability,not explicit,contact discontinuities; long-horizon compounding error
doi:10.70675/394f136ez684dz4cf8z8ff6zd40334b097c1,Reinforcement learning-based control for safe 3D navigation of articulated tracked robot manipulators,,,crossref,robot representation learning control,10.70675/394f136ez684dz4cf8z8ff6zd40334b097c1,https://doi.org/10.70675/394f136ez684dz4cf8z8ff6zd40334b097c1,Andrei Mitriakov,"Contrle fond sur un apprentissage par renforcement pour la navigation 3D scurise de robots manipulateurs articuls  chenilles Le transport d'objets par un robot d'assistance  chenilles quip d'un bras, constitue un moyen pour pallier  la perte d'autonomie des personnes atteintes de dficiences cognitives ou motrices. Les travaux de recherche prcdents reposant sur un contrle conventionnel pour la navigation 3D, ils manquent de gnralisation et de portabilit  diffrents robots ou environnements. Le contrle bas sur l'apprentissage par renforcement (RL) constitue une alternative moins supervise, reposant sur des hypothses moins restrictives quant  la connaissance de la dynamique du robot ou de la structure de l'environnement.Cette thse propose une solution de navigation 3D fonde sur le RL qui utilise tousles degrs de libert d'un robot. En particulier, nous contribuons  la formalisation ainsi qu'au traitement du problme de ngociation d'escalier pour la monte et pour la descente avec contrle du bras. Nous analysons la portabilit de la solution  diffrents robots et ralisons une dmonstration du transfert des contrleurs sur un robot rel. Enfin, nous avons dvelopp et mis  disposition un environnement logiciel pour l'apprentissage de navigation intrieure 3D en simulation, capable d'effectuer un apprentissage du contrle debout-en-bout de faon incrmentale.",physical,0,4,1,0,contact geometry; domain shift,not explicit,contact discontinuities; distribution shift
doi:10.31274/td-20251215-22,"Robotic manipulation of hand tools: estimation, planning, control and finger gaiting",,,crossref,robot world model planning control manipulation,10.31274/td-20251215-22,https://doi.org/10.31274/td-20251215-22,Ling Tang,,planning,0,2,3,0,contact geometry; control actionability,not explicit,contact discontinuities; long-horizon compounding error
doi:10.1109/robot.2000.844068,The planning and control of robot dextrous manipulation,,Proceedings 2000 ICRA. Millennium Conference. IEEE International Conference on Robotics and Automation. Symposia Proceedings (Cat. No.00CH37065),crossref,robot world model planning control manipulation,10.1109/robot.2000.844068,https://doi.org/10.1109/robot.2000.844068,L. Han; Z. Li; J.C. Trinkle; Z. Qin; S. Jiang,,planning,0,2,3,0,contact geometry; control actionability,not explicit,contact discontinuities; long-horizon compounding error
doi:10.1039/d6dd00113k/v2/decision1,"Decision letter for ""Learning Rates: Predicting Rate Coefficients for Hydrogen Abstraction Reactions""",2026,,crossref,robot abstraction learning,10.1039/d6dd00113k/v2/decision1,https://doi.org/10.1039/d6dd00113k/v2/decision1,,,abstraction,2,0,1,1,dynamics fidelity,variables discarded by abstraction,not explicit
doi:10.1039/d6dd00113k/v1/decision1,"Decision letter for ""Learning Rates: Predicting Rate Coefficients for Hydrogen Abstraction Reactions""",2026,,crossref,robot abstraction learning,10.1039/d6dd00113k/v1/decision1,https://doi.org/10.1039/d6dd00113k/v1/decision1,,,abstraction,2,0,1,1,dynamics fidelity,variables discarded by abstraction,not explicit
doi:10.1039/d6dd00113k/v4/decision1,"Decision letter for ""Learning Rates: Predicting Rate Coefficients for Hydrogen Abstraction Reactions""",2026,,crossref,robot abstraction learning,10.1039/d6dd00113k/v4/decision1,https://doi.org/10.1039/d6dd00113k/v4/decision1,,,abstraction,2,0,1,1,dynamics fidelity,variables discarded by abstraction,not explicit
doi:10.1039/d6dd00113k/v3/decision1,"Decision letter for ""Learning Rates: Predicting Rate Coefficients for Hydrogen Abstraction Reactions""",2026,,crossref,robot abstraction learning,10.1039/d6dd00113k/v3/decision1,https://doi.org/10.1039/d6dd00113k/v3/decision1,,,abstraction,2,0,1,1,dynamics fidelity,variables discarded by abstraction,not explicit
doi:10.1016/j.dte.2026.100123,Distributed multi-agent proximal policy optimization for non-holonomic robot trajectory planning,2026,Digital Engineering,crossref,latent state robot policy planning,10.1016/j.dte.2026.100123,https://doi.org/10.1016/j.dte.2026.100123,Jingyi Yu; Ji Zhou,,planning,0,0,4,0,control actionability,not explicit,long-horizon compounding error
doi:10.55092/rl20260008,MoDex: planning high-dimensional dexterous control via learning neural internal models,2026,Robot Learning,crossref,offline robot learning planning control,10.55092/rl20260008,https://doi.org/10.55092/rl20260008,Tong Wu; Shoujie Li; Chuqiao Lyu; Kit-Wa Sou; Wang-Sing Chan; Wenbo Ding,,planning,0,1,3,0,control actionability,not explicit,long-horizon compounding error
doi:10.1109/lra.2025.3636032,Real-World Robot Control by Deep Active Inference With a Temporally Hierarchical World Model,2026,IEEE Robotics and Automation Letters,crossref,robot world model planning control manipulation,10.1109/lra.2025.3636032,https://doi.org/10.1109/lra.2025.3636032,Kentaro Fujii; Shingo Murata,,abstraction,1,1,1,1,dynamics fidelity,task decomposition,not explicit
doi:10.2139/ssrn.6544050,Spatio-Temporal Semantic-Geometric Consistent Observations for Deployable Sim-to-Real Mobile Robot Navigation,2026,,crossref,sim-to-real robot control abstraction,10.2139/ssrn.6544050,https://doi.org/10.2139/ssrn.6544050,Li  Yansheng Li; jianwen   wang; Zhou  Jiyuan Zhou; Luo  Zhihao Luo; Liang  Fengfu Liang,"To address the performance degradation of deep reinforcement learning (DRL) navigation in real deployment caused by unstable cross-domain observations, the high training cost of visual policies, and the lack of hard safety constraints during execution, this paper proposes a deployable sim-to-real navigation method based on spatio-temporal semantic-geometric consistent observations (ST-SGCO). At the representation level, a semantic-geometric consistent observation is constructed and further enhanced by short-horizon temporal evidence accumulation to suppress cross-frame semantic jitter and occasional perception errors. At the training level, a rule-guided warm-up strategy and bit-packed replay storage are introduced to improve the quality of early-stage experience while reducing the storage overhead of visual replay. At the deployment level, a semantic-geometric joint safety shield is designed to perform online feasibility checking and minimum-amplitude correction on policy actions. Experimental results show that the proposed method effectively improves cross-domain retention in unseen simulation and real environments. By jointly incorporating cross-domain representation, training efficiency, and online safe execution into a unified system design, the proposed framework improves the practical deployability of DRL-based mobile robot navigation.",abstraction,2,1,1,0,state variables; contact geometry; control actionability; domain shift,not explicit,distribution shift; aliasing / observability limits
doi:10.3389/frobt.2025.1694338,Wetware network-based AI: a chemical approach to embodied cognition for robotics and artificial intelligence,2026,Frontiers in Robotics and AI,crossref,embodied intelligence physical reasoning robot,10.3389/frobt.2025.1694338,https://doi.org/10.3389/frobt.2025.1694338,Luisa Damiano; Antonio Fleres; Andrea Roli; Pasquale Stano,"Wetware Network-Based Artificial Intelligence (WNAI) introduces a new approach to robotic cognition and artificial intelligence: autonomous cognitive agents built from synthetic chemical networks. Rooted in Wetware Neuromorphic Engineering , WNAI shifts the focus of this emerging field from disembodied computation and biological mimicry to reticular chemical self-organization as a substrate for cognition. At the theoretical level , WNAI integrates insights from network cybernetics, autopoietic theory and enaction to frame cognition as a materially grounded, emergent phenomenon. At the heuristic level , WNAI defines its role as complementary to existing leading approaches. On the one hand, it complements embodied AI and xenobotics by expanding the design space of artificial embodied cognition into fully synthetic domains. On the other hand, it engages in mutual exchange with neural network architectures, advancing cross-substrate principles of network-based cognition. At the technological level , WNAI offers a roadmap for implementing chemical neural networks and protocellular agents, with potential applications in robotic systems requiring minimal, adaptive, and substrate-sensitive intelligence. By situating wetware neuromorphic engineering within the broader landscape of robotics and AI, this article outlines a programmatic framework that highlights its potential to expand artificial cognition beyond silicon and biohybrid systems.",physical,0,4,0,0,not explicit,not explicit,not explicit
doi:10.1080/1523908x.2025.2465664,Assessing the state of extreme heat planning in Virginia (USA) through the lens of hazard mitigation plans,2025,Journal of Environmental Policy &amp; Planning,crossref,latent state robot policy planning,10.1080/1523908x.2025.2465664,https://doi.org/10.1080/1523908x.2025.2465664,Ayda Kianmehr; Todd Schenk; Theodore C. Lim,,planning,1,0,3,0,control actionability,not explicit,long-horizon compounding error
doi:10.1002/cjce.70302/v1/decision1,"Decision letter for ""A hidden Markov model and reinforcement learning-based strategy for fault-tolerant control""",2025,,crossref,model-based reinforcement learning robot control,10.1002/cjce.70302/v1/decision1,https://doi.org/10.1002/cjce.70302/v1/decision1,,,physical,0,2,2,0,contact geometry,not explicit,not explicit
doi:10.1109/iceemt66565.2025.11281027,Deep Learning-based Adaptive Robot Control and Path Planning,2025,2025 5th International Conference on Electrical Engineering and Mechatronics Technology (ICEEMT),crossref,offline robot learning planning control,10.1109/iceemt66565.2025.11281027,https://doi.org/10.1109/iceemt66565.2025.11281027,Linlin Tian,,planning,0,1,3,0,control actionability,not explicit,long-horizon compounding error
doi:10.1080/01691864.2025.2468215,Deep reinforcement learning for static noisy state feedback control with reward estimation,2025,Advanced Robotics,crossref,state abstraction robotics control,10.1080/01691864.2025.2468215,https://doi.org/10.1080/01691864.2025.2468215,Ran Wang; Kenji Kashima,,physical,1,2,1,0,contact geometry,not explicit,not explicit
doi:10.1109/icaace65325.2025.11019886,"GAA-DFQ: A Dual-Layer Learning Model for Robot Path Planning in Dynamic Environments Integrating Genetic Algorithms, DWA, Fuzzy Control and O-Learning",2025,2025 8th International Conference on Advanced Algorithms and Control Engineering (ICAACE),crossref,offline robot learning planning control,10.1109/icaace65325.2025.11019886,https://doi.org/10.1109/icaace65325.2025.11019886,Chenxi Liao; Siyi Wang; Zhongli Wang; Yi Zhai,,planning,0,1,3,0,control actionability,not explicit,long-horizon compounding error
doi:10.1109/icra55743.2025.11128611,Optimal Gait Control for a Tendon-Driven Soft Quadruped Robot by Model-Based Reinforcement Learning,2025,2025 IEEE International Conference on Robotics and Automation (ICRA),crossref,model-based reinforcement learning robot control,10.1109/icra55743.2025.11128611,https://doi.org/10.1109/icra55743.2025.11128611,Xuezhi Niu; Kaige Tan; Didem Grdr Broo; Lei Feng,,physical,0,2,1,1,contact geometry,not explicit,not explicit
doi:10.1145/3728199.3728284,Research on Industrial Robot Control and Path Planning Based on Deep Learning,2025,Proceedings of the 2025 3rd International Conference on Communication Networks and Machine Learning,crossref,offline robot learning planning control,10.1145/3728199.3728284,https://doi.org/10.1145/3728199.3728284,Qiyan Yan; Zhibin Xiao; Yali Huang; Lei Li,,planning,0,1,3,0,control actionability,not explicit,long-horizon compounding error
doi:10.36227/techrxiv.173896950.07108481/v1,Resilient UAV Trajectory Planning via Few-Shot Meta-Offline Reinforcement Learning,2025,,crossref,offline robot learning planning control,10.36227/techrxiv.173896950.07108481/v1,https://doi.org/10.36227/techrxiv.173896950.07108481/v1,Eslam Eldeeb; Hirley Alves,,planning,0,1,3,0,contact geometry; control actionability,dataset support,long-horizon compounding error
doi:10.1109/iros60139.2025.11246218,Semantic-Geometric-Physical-Driven Robot Manipulation Skill Transfer via Skill Library and Tactile Representation,2025,2025 IEEE/RSJ International Conference on Intelligent Robots and Systems (IROS),crossref,tactile perception robot manipulation,10.1109/iros60139.2025.11246218,https://doi.org/10.1109/iros60139.2025.11246218,Mingchao Qi; Yuanjin Li; Xing Liu; Zhengxiong Liu; Panfeng Huang,,physical,1,3,0,0,state variables; contact geometry; domain shift,not explicit,contact discontinuities; distribution shift; aliasing / observability limits
doi:10.23919/ecc65951.2025.11186838,State Representation Learning for Visual Servo Control,2025,2025 European Control Conference (ECC),crossref,robot representation learning control,10.23919/ecc65951.2025.11186838,https://doi.org/10.23919/ecc65951.2025.11186838,Jen-Wei Wang; Daniel Nikovski,,abstraction,2,1,1,0,state variables,not explicit,aliasing / observability limits
doi:10.1126/scirobotics.adx2731,The multifaceted approach to embodied intelligence in robotics,2025,Science Robotics,crossref,embodied intelligence physical reasoning robot,10.1126/scirobotics.adx2731,https://doi.org/10.1126/scirobotics.adx2731,Cecilia Laschi,"The physical body and its interaction with the environment shape robot behavior, simplify control, and minimize computation.",physical,0,3,1,0,not explicit,not explicit,not explicit
doi:10.1115/1.4068235,Toward Embodied Intelligence-Enabled Human-Robot Symbiotic Manufacturing: A Large Language Model-Based Perspective,2025,Journal of Computing and Information Science in Engineering,crossref,embodied intelligence physical reasoning robot,10.1115/1.4068235,https://doi.org/10.1115/1.4068235,Wenhang Dong; Shufei Li; Pai Zheng,"Abstract Human-robot collaborative manufacturing is crucial in modern production landscapes for flexible automation. However, existing human-robot systems face several challenges, including a lack of human-centric autonomy for adjustments, limited generalization for production variants, and ineffective synchronous teamwork with feedback. Emerging large language models (LLMs) offer a viable solution. Despite the growing interest in LLMs, their deployment within the manufacturing domain remains unexplored. This article delves into the potential of LLMs for embodied intelligence-enabled human-robot symbiotic manufacturing (HRSM). HRSM is a paradigm characterized by human centricity, generalizability, and seamless integration. LLMs can facilitate human-centric interactions, generalizable collaboration, and ensure seamless execution, paving the way for realizing HRSM. Finally, the main challenges and potential opportunities are further discussed to enable the readiness toward HRSM.",physical,1,2,0,1,not explicit,variables discarded by abstraction,not explicit
doi:10.1109/lra.2025.3542317,VILP: Imitation Learning With Latent Video Planning,2025,IEEE Robotics and Automation Letters,crossref,latent state robot policy planning,10.1109/lra.2025.3542317,https://doi.org/10.1109/lra.2025.3542317,Zhengtong Xu; Qiang Qiu; Yu She,,planning,1,0,2,1,state variables; control actionability,not explicit,aliasing / observability limits; long-horizon compounding error
doi:10.1109/icecai62591.2024.10675220,Generative Model-Based Reinforcement Learning Visual Servoing Approach for Mobile Robot Control,2024,2024 5th International Conference on Electronic Communication and Artificial Intelligence (ICECAI),crossref,model-based reinforcement learning robot control,10.1109/icecai62591.2024.10675220,https://doi.org/10.1109/icecai62591.2024.10675220,Hongxiang Shao; Yingqi Xi; Jiangfeng Peng,,physical,0,2,1,1,contact geometry,not explicit,not explicit
doi:10.5220/0012946600003822,Model-Free versus Model-Based Reinforcement Learning for Fixed-Wing UAV Attitude Control Under Varying Wind Conditions,2024,"Proceedings of the 21st International Conference on Informatics in Control, Automation and Robotics",crossref,model-based reinforcement learning robot control,10.5220/0012946600003822,https://doi.org/10.5220/0012946600003822,David Olivares; Pierre Fournier; Pavan Vasishta; Julien Marzat,,physical,0,2,1,1,contact geometry,not explicit,not explicit
doi:10.1109/icacr62205.2024.11053709,Neural-Inspired Model-Based Reinforcement Learning Method for Motion Control of Musculoskeletal Robot,2024,"2024 8th International Conference on Automation, Control and Robots (ICACR)",crossref,model-based reinforcement learning robot control,10.1109/icacr62205.2024.11053709,https://doi.org/10.1109/icacr62205.2024.11053709,Jinhan Zhang; Zhengyu Liu; Shanlin Zhong,,physical,0,2,1,1,contact geometry,not explicit,not explicit
doi:10.31776/rtcj.12104,Optimization of group control of robots in Arctic conditions,2024,Robotics and Technical Cybernetics,crossref,state abstraction robotics control,10.31776/rtcj.12104,https://doi.org/10.31776/rtcj.12104,Peter Shubin; Marina Kuleshova,"The article discusses the principles of optimization of group control of robots in Arctic conditions. The concept of optimization in the classical formulation is inextricably linked with the basic concept of efficiency, which is the most complete and comprehensive characteristic of any purposeful system and expresses the expected degree of achievement of the goals of its functioning. Efficiency can be considered an integral, generalized characteristic of the system, covering all the properties, relationships and connections between its parts and elements for all time stages, paths and goals of functioning. The effectiveness of any system is quantified using an integral indicator or a set of partial indicators.",physical,0,2,2,0,not explicit,not explicit,not explicit
doi:10.1109/nnice61279.2024.10498155,Uncertainty-Aware Robot Control via Model-Based Reinforcement Learning,2024,"2024 4th International Conference on Neural Networks, Information and Communication (NNICE)",crossref,model-based reinforcement learning robot control,10.1109/nnice61279.2024.10498155,https://doi.org/10.1109/nnice61279.2024.10498155,Zhibo Zhou,,physical,0,2,1,1,contact geometry,not explicit,not explicit
doi:10.1109/cdc49753.2023.10383214,Abstraction-based Motion Coordination Control for Multi-Robot Systems,2023,2023 62nd IEEE Conference on Decision and Control (CDC),crossref,robot abstraction learning,10.1109/cdc49753.2023.10383214,https://doi.org/10.1109/cdc49753.2023.10383214,Zhuo-Rui Pan; Wei Ren; Xi-Ming Sun,,abstraction,2,1,1,0,not explicit,variables discarded by abstraction,not explicit
doi:10.1609/aaai.v37i13.26833,Building Compositional Robot Autonomy with Modularity and Abstraction,2023,Proceedings of the AAAI Conference on Artificial Intelligence,crossref,robot abstraction learning,10.1609/aaai.v37i13.26833,https://doi.org/10.1609/aaai.v37i13.26833,Yuke Zhu,This paper summarizes my research roadmap for building compositional robot autonomy with the principles of modularity and abstraction.,abstraction,4,0,0,0,not explicit,variables discarded by abstraction,not explicit
doi:10.2139/ssrn.4345268,Deep Reinforcement Learning Based Trajectory Tracking Control of Snake Robot Joints,2023,,crossref,model-based reinforcement learning robot control,10.2139/ssrn.4345268,https://doi.org/10.2139/ssrn.4345268,Yesim  Aysel Baysal; Ismail  Hakki Altas,,physical,0,2,2,0,contact geometry,not explicit,not explicit
doi:10.1109/icra48891.2023.10161270,Extracting generalizable skills from a single plan execution using abstraction-critical state detection,2023,2023 IEEE International Conference on Robotics and Automation (ICRA),crossref,state abstraction robotics control,10.1109/icra48891.2023.10161270,https://doi.org/10.1109/icra48891.2023.10161270,Khen Elimelech; Lydia E. Kavraki; Moshe Y. Vardi,,abstraction,3,0,1,0,not explicit,variables discarded by abstraction,not explicit
doi:10.4324/9780429448843-7,Language policy and planning and the role of the state,2023,The Routledge Handbook of Language Policy and Planning,crossref,latent state robot policy planning,10.4324/9780429448843-7,https://doi.org/10.4324/9780429448843-7,Rmi Lger,,planning,1,0,3,0,control actionability,not explicit,long-horizon compounding error
doi:10.1109/tro.2022.3196607,Model Predictive Interaction Control for Robotic Manipulation Tasks,2023,IEEE Transactions on Robotics,crossref,robot world model planning control manipulation,10.1109/tro.2022.3196607,https://doi.org/10.1109/tro.2022.3196607,Tobias Gold; Andreas Volz; Knut Graichen,,physical,0,2,1,1,contact geometry; dynamics fidelity,not explicit,contact discontinuities
doi:10.1109/bdkcse59280.2023.10339746,Reinforcement Learning Based Controller for a Soft Continuum Robot,2023,"2023 International Conference on Big Data, Knowledge and Control Systems Engineering (BdKCSE)",crossref,model-based reinforcement learning robot control,10.1109/bdkcse59280.2023.10339746,https://doi.org/10.1109/bdkcse59280.2023.10339746,Anirudh Mazumder,,physical,0,2,2,0,contact geometry; control actionability,not explicit,not explicit
doi:10.1109/ica-symp56348.2023.10044940,Robot Arm Movement Control by Model-based Reinforcement Learning using Machine Learning Regression Techniques and Particle Swarm Optimization,2023,"2023 Third International Symposium on Instrumentation, Control, Artificial Intelligence, and Robotics (ICA-SYMP)",crossref,model-based reinforcement learning robot control,10.1109/ica-symp56348.2023.10044940,https://doi.org/10.1109/ica-symp56348.2023.10044940,Meta Mueangprasert; Pisak Chermprayong; Kittipong Boonlong,,physical,0,2,1,1,contact geometry,not explicit,not explicit
doi:10.1109/lra.2023.3254860,Sim-to-Real Surgical Robot Learning and Autonomous Planning for Internal Tissue Points Manipulation Using Reinforcement Learning,2023,IEEE Robotics and Automation Letters,crossref,sim-to-real robot control abstraction,10.1109/lra.2023.3254860,https://doi.org/10.1109/lra.2023.3254860,Yafei Ou; Mahdi Tavakoli,,physical,0,2,2,0,contact geometry; control actionability; domain shift,not explicit,contact discontinuities; distribution shift; long-horizon compounding error
doi:10.23919/iccas55662.2022.10003839,Fuzzy Reinforcement Learning Based Trajectory-tracking Control of an Autonomous Mobile Robot,2022,"2022 22nd International Conference on Control, Automation and Systems (ICCAS)",crossref,model-based reinforcement learning robot control,10.23919/iccas55662.2022.10003839,https://doi.org/10.23919/iccas55662.2022.10003839,Muhammad Qomaruz Zaman; Hsiu-Ming Wu,,physical,0,2,2,0,contact geometry,not explicit,not explicit
doi:10.1109/lra.2022.3190100,Hierarchical Planning Through Goal-Conditioned Offline Reinforcement Learning,2022,IEEE Robotics and Automation Letters,crossref,offline robot learning planning control,10.1109/lra.2022.3190100,https://doi.org/10.1109/lra.2022.3190100,Jinning Li; Chen Tang; Masayoshi Tomizuka; Wei Zhan,,planning,1,1,2,0,contact geometry; control actionability,dataset support; task decomposition,long-horizon compounding error
doi:10.1109/iros47612.2022.9981913,Hybrid LMC: Hybrid Learning and Model-based Control for Wheeled Humanoid Robot via Ensemble Deep Reinforcement Learning,2022,2022 IEEE/RSJ International Conference on Intelligent Robots and Systems (IROS),crossref,model-based reinforcement learning robot control,10.1109/iros47612.2022.9981913,https://doi.org/10.1109/iros47612.2022.9981913,Donghoon Baek; Amartya Purushottam; Joao Ramos,,physical,0,2,1,1,contact geometry,not explicit,not explicit
doi:10.1016/b978-0-32-390445-2.00025-8,"Key components of dexterous manipulation: tactile sensing, skill learning, and adaptive control",2022,"Tactile Sensing, Skill Learning, and Robotic Dexterous Manipulation",crossref,tactile perception robot manipulation,10.1016/b978-0-32-390445-2.00025-8,https://doi.org/10.1016/b978-0-32-390445-2.00025-8,Qiang Li; Shan Luo; Zhaopeng Chen; Chenguang Yang; Jianwei Zhang,,physical,0,3,1,0,contact geometry,not explicit,contact discontinuities
doi:10.1109/icra46639.2022.9811597,Learning Latent Graph Dynamics for Visual Manipulation of Deformable Objects,2022,2022 International Conference on Robotics and Automation (ICRA),crossref,robotic manipulation planning latent dynamics,10.1109/icra46639.2022.9811597,https://doi.org/10.1109/icra46639.2022.9811597,Xiao Ma; David Hsu; Wee Sun Lee,,world_model,1,1,0,2,state variables; contact geometry; dynamics fidelity,not explicit,contact discontinuities; aliasing / observability limits
doi:10.1016/b978-0-32-390445-2.00017-9,Learning hierarchical control for robust in-hand manipulation,2022,"Tactile Sensing, Skill Learning, and Robotic Dexterous Manipulation",crossref,tactile perception robot manipulation,10.1016/b978-0-32-390445-2.00017-9,https://doi.org/10.1016/b978-0-32-390445-2.00017-9,Tingguang Li,,physical,1,2,1,0,contact geometry,task decomposition,contact discontinuities
doi:10.1007/s10514-022-10039-8,Motion planning and control for mobile robot navigation using machine learning: a survey,2022,Autonomous Robots,crossref,offline robot learning planning control,10.1007/s10514-022-10039-8,https://doi.org/10.1007/s10514-022-10039-8,Xuesu Xiao; Bo Liu; Garrett Warnell; Peter Stone,,planning,0,1,3,0,control actionability,not explicit,long-horizon compounding error
doi:10.1016/j.cirp.2022.04.048,On deformable object handling: Model-based motion planning for human-robot co-manipulation,2022,CIRP Annals,crossref,robot world model planning control manipulation,10.1016/j.cirp.2022.04.048,https://doi.org/10.1016/j.cirp.2022.04.048,Sotiris Makris; Emmanouil Kampourakis; Dionisis Andronas,,planning,0,1,2,1,contact geometry; control actionability,not explicit,contact discontinuities; long-horizon compounding error
doi:10.1109/lra.2022.3189156,Randomized-to-Canonical Model Predictive Control for Real-World Visual Robotic Manipulation,2022,IEEE Robotics and Automation Letters,crossref,robot world model planning control manipulation,10.1109/lra.2022.3189156,https://doi.org/10.1109/lra.2022.3189156,Tomoya Yamanokuchi; Yuhwan Kwon; Yoshihisa Tsurumine; Eiji Uchibe; Jun Morimoto; Takamitsu Matsubara,,physical,0,2,1,1,contact geometry; dynamics fidelity,not explicit,contact discontinuities
doi:10.1109/sii52469.2022.9708882,Reinforcement Learning based Hierarchical Control for Path Tracking of a Wheeled Bipedal Robot with Sim-to-Real Framework,2022,2022 IEEE/SICE International Symposium on System Integration (SII),crossref,sim-to-real robot control abstraction,10.1109/sii52469.2022.9708882,https://doi.org/10.1109/sii52469.2022.9708882,Wei Zhu; Fahad Raza; Mitsuhiro Hayashibe,,physical,1,2,1,0,contact geometry; domain shift,task decomposition,distribution shift
doi:10.1109/icdl53763.2022.9962215,Robot Control Using Model-Based Reinforcement Learning With Inverse Kinematics,2022,2022 IEEE International Conference on Development and Learning (ICDL),crossref,model-based reinforcement learning robot control,10.1109/icdl53763.2022.9962215,https://doi.org/10.1109/icdl53763.2022.9962215,Dario Luipers; Nicolas Kaulen; Oliver Chojnowski; Sebastian Schneider; Anja Richert; Sabina Jeschke,,physical,0,2,1,1,contact geometry,not explicit,not explicit
doi:10.5220/0010923300003116,Systematic Model-based Design of a Reinforcement Learning-based Neural Adaptive Cruise Control System,2022,Proceedings of the 14th International Conference on Agents and Artificial Intelligence,crossref,model-based reinforcement learning robot control,10.5220/0010923300003116,https://doi.org/10.5220/0010923300003116,Or Yarom; Jannis Fritz; Florian Lange; Xiaobo Liu-Henke,,physical,0,2,1,1,contact geometry,not explicit,not explicit
doi:10.1109/sii52469.2022.9708850,Variationally Autoencoded Dynamic Policy Programming for Robotic Cloth Manipulation Planning based on Raw Images,2022,2022 IEEE/SICE International Symposium on System Integration (SII),crossref,robotic manipulation planning latent dynamics,10.1109/sii52469.2022.9708850,https://doi.org/10.1109/sii52469.2022.9708850,Yoshihisa Tsurumine; Takamitsu Matsubara,,planning,0,1,3,0,contact geometry; perception quality; control actionability,not explicit,contact discontinuities; long-horizon compounding error
doi:10.1109/tro.2021.3061983,An Abstraction-Free Method for Multirobot Temporal Logic Optimal Control Synthesis,2021,IEEE Transactions on Robotics,crossref,state abstraction robotics control,10.1109/tro.2021.3061983,https://doi.org/10.1109/tro.2021.3061983,Xusheng Luo; Yiannis Kantaros; Michael M. Zavlanos,,abstraction,2,1,1,0,not explicit,variables discarded by abstraction,not explicit
doi:10.1109/icra48506.2021.9561870,Contextual Latent-Movements Off-Policy Optimization for Robotic Manipulation Skills,2021,2021 IEEE International Conference on Robotics and Automation (ICRA),crossref,robotic manipulation planning latent dynamics,10.1109/icra48506.2021.9561870,https://doi.org/10.1109/icra48506.2021.9561870,Samuele Tosatto; Georgia Chalvatzaki; Jan Peters,,abstraction,1,1,1,1,state variables; contact geometry; control actionability,not explicit,contact discontinuities; aliasing / observability limits
doi:10.1002/9781119782773.ch7,ContinuousTime Reinforcement Learning for Force Control,2021,HumanRobot Interaction Control Using Reinforcement Learning,crossref,robot representation learning control,10.1002/9781119782773.ch7,https://doi.org/10.1002/9781119782773.ch7,,,physical,0,3,1,0,contact geometry,not explicit,not explicit
doi:10.2316/j.2021.206-0528,DATA-EFFICIENT MODEL-BASED REINFORCEMENT LEARNING FOR ROBOT CONTROL,2021,International Journal of Robotics and Automation,crossref,model-based reinforcement learning robot control,10.2316/j.2021.206-0528,https://doi.org/10.2316/j.2021.206-0528,,,physical,0,2,1,1,contact geometry,not explicit,not explicit
doi:10.3389/frobt.2021.724056,Embodied Intelligence in Soft Robotics Through Hardware Multifunctionality,2021,Frontiers in Robotics and AI,crossref,embodied intelligence physical reasoning robot,10.3389/frobt.2021.724056,https://doi.org/10.3389/frobt.2021.724056,Matteo Cianchetti,"The soft robotics community is currently wondering what the future of soft robotics is. Therefore, it is very important to identify the directions in which the community should focus its efforts to consolidate its impact. The identification of convincing applications is a priority, especially to demonstrate that some achievements already represent an attractive alternative to current technological approaches in specific scenarios. However, most of the added value of soft robotics has been only theoretically grasped. Embodied Intelligence, being of these theoretical principles, represents an interesting approach to fully exploit soft robotic's potential, but a pragmatic application of this theory still remains difficult and very limited. A different design approach could be beneficial, i.e., the integration of a certain degree of continuous adaptability in the hardware functionalities of the robot, namely, a ""flexible"" design enabled by hardware components able to fulfill multiple functionalities. In this paper this concept of flexible design is introduced along with its main technological and theoretical basic elements. The potential of the approach is demonstrated through a biological comparison and the feasibility is supported by practical examples with state-of-the-art technologies.",physical,1,3,0,0,contact geometry,not explicit,not explicit
doi:10.7238/artnodes.v0i28.385735,Metaphysics of The Machines: From Human-Robot-Robot Interaction to AI Philoso-phers Abstraction,2021,Artnodes,crossref,robot abstraction learning,10.7238/artnodes.v0i28.385735,https://doi.org/10.7238/artnodes.v0i28.385735,Predrag Nikoli; Ruiyang Liu,"In this paper, we introduce the artwork Syntropic Counterpoints: Metaphysics of The Machines which is part of the ongoing art-based research project Syntropic Counterpoints. We aim to investigate the potentials of using artificial intelligence as an interdisciplinary creative medium. Moreover, to raise fundamental questions related to the artificial agents' role in raising human-AI society throughout the continuous period of reaching its emancipation. We are proposing the conceptual approach and methods in creating the audio-visual AI automated content through philosophical discussions between the four AI philosopher clones of Aristotle, Nietzsche, Machiavelli, and Sun Tzu. Special attention is given to the hybrid usage of technologies that led us toward transforming artificial intelligence into a co-existing artistic entity and novel creative framework for art and design practitioners. Therefore, we discuss some of the crucial questions related to our research and further directions in exploring AI abstraction in the context of robot creativity and its potential future forms. Our approach toward the liberation of machine creativity is through the use of words and grammar as a creative tool humans developed to express worlds beyond the world. The interaction between the audience and the installation is antagonistic as the process of further AI emancipation seems inevitable.",abstraction,4,0,0,0,not explicit,variables discarded by abstraction,not explicit
doi:10.23919/ecc54610.2021.9654910,Model Predictive Control based Cooperative Robot Manipulation and Collision Avoidance in Shared Workspaces,2021,2021 European Control Conference (ECC),crossref,robot world model planning control manipulation,10.23919/ecc54610.2021.9654910,https://doi.org/10.23919/ecc54610.2021.9654910,Argtim Tika; Naim Bajcinca,,physical,0,2,1,1,contact geometry; dynamics fidelity,not explicit,contact discontinuities
doi:10.1109/icra48506.2021.9562066,Model Predictive Robot-Environment Interaction Control for Mobile Manipulation Tasks,2021,2021 IEEE International Conference on Robotics and Automation (ICRA),crossref,robot world model planning control manipulation,10.1109/icra48506.2021.9562066,https://doi.org/10.1109/icra48506.2021.9562066,Maria Vittoria Minniti; Ruben Grandia; Kevin Fah; Farbod Farshidian; Marco Hutter,,physical,0,2,1,1,contact geometry; dynamics fidelity,not explicit,contact discontinuities
doi:10.1109/etfa45728.2021.9613235,Model-Based Robot Control for Human-Robot Flexible Material Co-Manipulation,2021,2021 26th IEEE International Conference on Emerging Technologies and Factory Automation (ETFA ),crossref,robot world model planning control manipulation,10.1109/etfa45728.2021.9613235,https://doi.org/10.1109/etfa45728.2021.9613235,Dionisis Andronas; Emmanouil Kampourakis; Katerina Bakopoulou; Christos Gkournelos; Panagiotis Angelakis; Sotiris Makris,,physical,0,2,1,1,contact geometry,not explicit,contact discontinuities
doi:10.1109/lra.2020.3045930,Nonholonomic Yaw Control of an Underactuated Flying Robot With Model-Based Reinforcement Learning,2021,IEEE Robotics and Automation Letters,crossref,model-based reinforcement learning robot control,10.1109/lra.2020.3045930,https://doi.org/10.1109/lra.2020.3045930,Nathan O. Lambert; Craig B. Schindler; Daniel S. Drew; Kristofer S. J. Pister,,physical,0,2,1,1,contact geometry,not explicit,not explicit
doi:10.1109/lra.2021.3062342,Planning in Learned Latent Action Spaces for Generalizable Legged Locomotion,2021,IEEE Robotics and Automation Letters,crossref,latent state robot policy planning,10.1109/lra.2021.3062342,https://doi.org/10.1109/lra.2021.3062342,Tianyu Li; Roberto Calandra; Deepak Pathak; Yuandong Tian; Franziska Meier; Akshara Rai,,planning,1,0,2,1,state variables; control actionability,not explicit,aliasing / observability limits; long-horizon compounding error
doi:10.23919/ccc52363.2021.9550413,Reinforcement Learning Control for Robot Arm Grasping Based on Improved DDPG,2021,2021 40th Chinese Control Conference (CCC),crossref,model-based reinforcement learning robot control,10.23919/ccc52363.2021.9550413,https://doi.org/10.23919/ccc52363.2021.9550413,Guangjun Qi; Yuan Li,,physical,0,3,1,0,contact geometry,not explicit,not explicit
doi:10.1002/9781119782773.ch6,Reinforcement Learning for Robot Position/Force Control,2021,HumanRobot Interaction Control Using Reinforcement Learning,crossref,robot abstraction learning,10.1002/9781119782773.ch6,https://doi.org/10.1002/9781119782773.ch6,,,physical,0,3,1,0,contact geometry,not explicit,not explicit
doi:10.1109/acirs52449.2021.9519311,Sim-to-Real Transfer with Action Mapping and State Prediction for Robot Motion Control,2021,2021 6th Asia-Pacific Conference on Intelligent Robot Systems (ACIRS),crossref,sim-to-real robot control abstraction,10.1109/acirs52449.2021.9519311,https://doi.org/10.1109/acirs52449.2021.9519311,Xianjin Zhu; Xudong Zheng; Qiyuan Zhang; Zhang Chen; Yu Liu; Bin Liang,,abstraction,1,1,1,1,domain shift; dynamics fidelity,not explicit,distribution shift
doi:10.7176/jlpg/110-09,Women's Vulnerability and State Responsibility in China's Family-Planning Policy,2021,"Journal of Law, Policy and Globalization",crossref,latent state robot policy planning,10.7176/jlpg/110-09,https://doi.org/10.7176/jlpg/110-09,,,planning,1,0,3,0,control actionability,not explicit,long-horizon compounding error
doi:10.1109/lra.2021.3084880,Zero-Shot Sim-to-Real Transfer of Tactile Control Policies for Aggressive Swing-Up Manipulation,2021,IEEE Robotics and Automation Letters,crossref,sim-to-real robot control abstraction,10.1109/lra.2021.3084880,https://doi.org/10.1109/lra.2021.3084880,Thomas Bi; Carmelo Sferrazza; Raffaello D'Andrea,,physical,0,3,1,0,contact geometry; domain shift,not explicit,contact discontinuities; distribution shift
doi:10.20998/2522-9052.2020.3.05,Autonomous robot motion control situational planning model,2020,Advanced Information Systems,crossref,robot world model planning control manipulation,10.20998/2522-9052.2020.3.05,https://doi.org/10.20998/2522-9052.2020.3.05,Anatolii Kargin; Oleksandr Ivaniuk,,planning,0,1,3,0,control actionability,not explicit,long-horizon compounding error
doi:10.1109/icarsc49921.2020.9096083,Humanoid Control Module: An Abstraction Layer for Humanoid Robots,2020,2020 IEEE International Conference on Autonomous Robot Systems and Competitions (ICARSC),crossref,robot abstraction learning,10.1109/icarsc49921.2020.9096083,https://doi.org/10.1109/icarsc49921.2020.9096083,Marc Bestmann; Jianwei Zhang,,abstraction,2,1,1,0,not explicit,variables discarded by abstraction,not explicit
doi:10.1109/icra40945.2020.9196935,IRIS: Implicit Reinforcement without Interaction at Scale for Learning Control from Offline Robot Manipulation Data,2020,2020 IEEE International Conference on Robotics and Automation (ICRA),crossref,offline robot learning planning control,10.1109/icra40945.2020.9196935,https://doi.org/10.1109/icra40945.2020.9196935,Ajay Mandlekar; Fabio Ramos; Byron Boots; Silvio Savarese; Li Fei-Fei; Animesh Garg; Dieter Fox,,physical,0,3,1,0,contact geometry,dataset support,contact discontinuities
doi:10.1109/cdc42340.2020.9304043,Learning Mixed-Integer Convex Optimization Strategies for Robot Planning and Control,2020,2020 59th IEEE Conference on Decision and Control (CDC),crossref,offline robot learning planning control,10.1109/cdc42340.2020.9304043,https://doi.org/10.1109/cdc42340.2020.9304043,Abhishek Cauligi; Preston Culbertson; Bartolomeo Stellato; Dimitris Bertsimas; Mac Schwager; Marco Pavone,,planning,0,1,3,0,control actionability,not explicit,long-horizon compounding error
doi:10.1109/icarm49381.2020.9195341,Model-Based Reinforcement Learning For Robot Control,2020,2020 5th International Conference on Advanced Robotics and Mechatronics (ICARM),crossref,model-based reinforcement learning robot control,10.1109/icarm49381.2020.9195341,https://doi.org/10.1109/icarm49381.2020.9195341,Xiang Li; Weiwei Shang; Shuang Cong,,physical,0,2,1,1,contact geometry,not explicit,not explicit
doi:10.1007/s10846-020-01183-3,Model-Based Reinforcement Learning Variable Impedance Control for Human-Robot Collaboration,2020,Journal of Intelligent &amp; Robotic Systems,crossref,model-based reinforcement learning robot control,10.1007/s10846-020-01183-3,https://doi.org/10.1007/s10846-020-01183-3,Loris Roveda; Jeyhoon Maskani; Paolo Franceschi; Arash Abdi; Francesco Braghin; Lorenzo Molinari Tosatti; Nicola Pedrocchi,,physical,0,2,1,1,contact geometry,not explicit,not explicit
doi:10.1109/lra.2020.3012128,Model-Based Reinforcement Learning for Time-Optimal Velocity Control,2020,IEEE Robotics and Automation Letters,crossref,model-based reinforcement learning robot control,10.1109/lra.2020.3012128,https://doi.org/10.1109/lra.2020.3012128,Gabriel Hartmann; Zvi Shiller; Amos Azaria,,physical,0,2,1,1,contact geometry,not explicit,not explicit
doi:10.1109/lra.2020.3010721,Perceptive Model Predictive Control for Continuous Mobile Manipulation,2020,IEEE Robotics and Automation Letters,crossref,robot world model planning control manipulation,10.1109/lra.2020.3010721,https://doi.org/10.1109/lra.2020.3010721,Johannes Pankert; Marco Hutter,,physical,0,2,1,1,contact geometry; dynamics fidelity,not explicit,contact discontinuities
doi:10.18608/jla.2019.63.2,"Critical Data Studies, Abstraction & Learning Analytics",2019,Journal of Learning Analytics,crossref,robot abstraction learning,10.18608/jla.2019.63.2,https://doi.org/10.18608/jla.2019.63.2,Simon Buckingham Shum,"This editorial introduces a special section of the Journal of Learning Analytics, for which Neil Selwyn's keynote address to LAK '18 has been written up as an article, ""What's the problem with learning analytics?"" His claims and arguments are engaged in commentaries from Alfred Essa, Rebecca Ferguson, Paul Prinsloo, and Carolyn Ros, who provide diverse perspectives on Selwyn's proposals and arguments, from applause to refutation. Reflecting on the debate, I note some of the tensions to be resolved for learning analytics and social science critiques to engage productively, observing that central to the debate is how we understand the role of abstraction in the analysis of data about teaching and learning, and hence the opportunities and risks this entails.",abstraction,4,0,0,0,not explicit,variables discarded by abstraction,not explicit
doi:10.1080/10986065.2020.1706217,Elaborating reflective abstraction for instructional design in mathematics: Postulating a Second Type of Reflective Abstraction,2019,Mathematical Thinking and Learning,crossref,robot abstraction learning,10.1080/10986065.2020.1706217,https://doi.org/10.1080/10986065.2020.1706217,Martin A. Simon,,abstraction,4,0,0,0,not explicit,variables discarded by abstraction,not explicit
doi:10.1109/tro.2018.2878318,Model-Based Reinforcement Learning for Closed-Loop Dynamic Control of Soft Robotic Manipulators,2019,IEEE Transactions on Robotics,crossref,model-based reinforcement learning robot control,10.1109/tro.2018.2878318,https://doi.org/10.1109/tro.2018.2878318,Thomas George Thuruthel; Egidio Falotico; Federico Renda; Cecilia Laschi,,physical,0,2,1,1,contact geometry,not explicit,contact discontinuities
doi:10.1002/9781119557005.ch4,Neural Learning and Control CoDesign for Robot Arm Control,2019,Kinematic Control of Redundant Robot Arms Using Neural Networks,crossref,robot representation learning control,10.1002/9781119557005.ch4,https://doi.org/10.1002/9781119557005.ch4,,,physical,0,2,2,0,not explicit,not explicit,not explicit
doi:10.1109/iccma46720.2019.8988747,Nonlinear Model Predictive Control of Robot Manipulators Using Quasi-LPV Representation,2019,"2019 7th International Conference on Control, Mechatronics and Automation (ICCMA)",crossref,robot representation learning control,10.1109/iccma46720.2019.8988747,https://doi.org/10.1109/iccma46720.2019.8988747,Mojtaba Esfandiari; Sonny Chan; Garnette Sutherland; David Westwick,,abstraction,1,1,1,1,state variables; contact geometry; dynamics fidelity,not explicit,contact discontinuities; aliasing / observability limits
doi:10.1109/anzcc47194.2019.8945595,Path Planning for a Mobile Robot in Unknown Dynamic Environments Using Integrated Environment Representation and Reinforcement Learning,2019,2019 Australian &amp; New Zealand Control Conference (ANZCC),crossref,robot representation learning control,10.1109/anzcc47194.2019.8945595,https://doi.org/10.1109/anzcc47194.2019.8945595,Jian Zhang,,planning,1,1,2,0,state variables; contact geometry; control actionability,not explicit,aliasing / observability limits; long-horizon compounding error
doi:10.1109/lra.2019.2901898,Robot Motion Planning in Learned Latent Spaces,2019,IEEE Robotics and Automation Letters,crossref,latent state robot policy planning,10.1109/lra.2019.2901898,https://doi.org/10.1109/lra.2019.2901898,Brian Ichter; Marco Pavone,,planning,1,0,2,1,state variables; control actionability,not explicit,aliasing / observability limits; long-horizon compounding error
doi:10.1080/02665433.2019.1704845,The persistent reinvention of state-led planning policies in Argentina: exploring path dependencies and policy ruptures,2019,Planning Perspectives,crossref,latent state robot policy planning,10.1080/02665433.2019.1704845,https://doi.org/10.1080/02665433.2019.1704845,Rodrigo Hernn Alves Rolo,,planning,1,0,3,0,control actionability,not explicit,long-horizon compounding error
doi:10.1109/lra.2018.2856915,Approximate Inference-Based Motion Planning by Learning and Exploiting Low-Dimensional Latent Variable Models,2018,IEEE Robotics and Automation Letters,crossref,latent state robot policy planning,10.1109/lra.2018.2856915,https://doi.org/10.1109/lra.2018.2856915,Jung-Su Ha; Hyeok-Joo Chae; Han-Lim Choi,,planning,1,0,2,1,state variables; control actionability,not explicit,aliasing / observability limits; long-horizon compounding error
doi:10.5220/0006604804290437,Can Abstraction Be Taught? Refactoring-based Abstraction Learning,2018,Proceedings of the 6th International Conference on Model-Driven Engineering and Software Development,crossref,robot abstraction learning,10.5220/0006604804290437,https://doi.org/10.5220/0006604804290437,Naoyasu Ubayashi; Yasutaka Kamei; Ryosuke Sato,,abstraction,4,0,0,0,not explicit,variables discarded by abstraction,not explicit
doi:10.23919/ecc.2018.8550590,Distributed Reinforcement Learning Based Optimal Controller For Mobile Robot Formation,2018,2018 European Control Conference (ECC),crossref,model-based reinforcement learning robot control,10.23919/ecc.2018.8550590,https://doi.org/10.23919/ecc.2018.8550590,Chinmay Shinde; Kaushik Das; Swagat Kumar; Laxmidhar Behera,,physical,0,2,2,0,contact geometry; control actionability,not explicit,not explicit
doi:10.1109/iccar.2018.8384666,Learning abstraction of a swarm to control a parent system,2018,"2018 4th International Conference on Control, Automation and Robotics (ICCAR)",crossref,state abstraction robotics control,10.1109/iccar.2018.8384666,https://doi.org/10.1109/iccar.2018.8384666,Kyle L. Crandall; Adam M. Wickenheiser; Dustin Webb,,abstraction,2,1,1,0,not explicit,variables discarded by abstraction,not explicit
doi:10.1007/978-3-319-78384-0_4,Model-Based Reinforcement Learning for Approximate Optimal Control,2018,Communications and Control Engineering Reinforcement Learning for Optimal Feedback Control,crossref,model-based reinforcement learning robot control,10.1007/978-3-319-78384-0_4,https://doi.org/10.1007/978-3-319-78384-0_4,Rushikesh Kamalapurkar; Patrick Walters; Joel Rosenfeld; Warren Dixon,,physical,0,2,1,1,contact geometry,not explicit,not explicit
doi:10.5822/978-1-61091-821-3_18,U.S. State and Community Energy Policy and Planning,2018,Energy for Sustainability,crossref,latent state robot policy planning,10.5822/978-1-61091-821-3_18,https://doi.org/10.5822/978-1-61091-821-3_18,John Randolph; Gilbert M. Masters,,planning,1,0,3,0,control actionability,not explicit,long-horizon compounding error
doi:10.1109/icra.2017.7989634,Decentralized estimation and control for bilateral teleoperation of mobile robot network with task abstraction,2017,2017 IEEE International Conference on Robotics and Automation (ICRA),crossref,state abstraction robotics control,10.1109/icra.2017.7989634,https://doi.org/10.1109/icra.2017.7989634,Chao-Wei Lin; Yen-Chen Liu,,abstraction,2,1,1,0,not explicit,variables discarded by abstraction,not explicit
doi:10.7554/elife.32548.024,Decision letter: Offline replay supports planning in human reinforcement learning,2017,,crossref,offline robot learning planning control,10.7554/elife.32548.024,https://doi.org/10.7554/elife.32548.024,,,planning,0,1,3,0,contact geometry; control actionability,dataset support,long-horizon compounding error
doi:10.1109/itsc.2017.8317738,Simultaneous policy learning and latent state inference for imitating driver behavior,2017,2017 IEEE 20th International Conference on Intelligent Transportation Systems (ITSC),crossref,latent state robot policy planning,10.1109/itsc.2017.8317738,https://doi.org/10.1109/itsc.2017.8317738,Jeremy Morton; Mykel J. Kochenderfer,,abstraction,2,0,1,1,state variables; control actionability,not explicit,aliasing / observability limits
doi:10.1007/s11241-016-9262-3,Timed-automata abstraction of switched dynamical systems using control invariants,2017,Real-Time Systems,crossref,sim-to-real robot control abstraction,10.1007/s11241-016-9262-3,https://doi.org/10.1007/s11241-016-9262-3,Patricia Bouyer; Nicolas Markey; Nicolas Perrin; Philipp Schlehuber-Caissier,,abstraction,2,1,1,0,not explicit,variables discarded by abstraction,not explicit
doi:10.1109/iros.2016.7759838,Contact-based language for robotic manipulation planning,2016,2016 IEEE/RSJ International Conference on Intelligent Robots and Systems (IROS),crossref,robotic manipulation planning latent dynamics,10.1109/iros.2016.7759838,https://doi.org/10.1109/iros.2016.7759838,Anuj Shah; Gabriel A. D. Lopes; Esmaeil Najafi,,physical,0,2,2,0,contact geometry; control actionability,not explicit,contact discontinuities; long-horizon compounding error
doi:10.1016/j.robot.2016.05.013,Hybrid-state driven autonomous control for planar bipedal locomotion,2016,Robotics and Autonomous Systems,crossref,state abstraction robotics control,10.1016/j.robot.2016.05.013,https://doi.org/10.1016/j.robot.2016.05.013,Sam K. Zachariah; Thomas Kurian,,planning,1,1,2,0,not explicit,not explicit,not explicit
doi:10.1007/978-1-137-57647-7_3,Language Planning in State Nations and Nation States,2016,Language Policy and Language Planning,crossref,latent state robot policy planning,10.1007/978-1-137-57647-7_3,https://doi.org/10.1007/978-1-137-57647-7_3,Sue Wright,,abstraction,2,0,2,0,control actionability,not explicit,long-horizon compounding error
doi:10.1007/s10015-015-0258-1,Reinforcement learning in dynamic environment: abstraction of state-action space utilizing properties of the robot body and environment,2016,Artificial Life and Robotics,crossref,robot abstraction learning,10.1007/s10015-015-0258-1,https://doi.org/10.1007/s10015-015-0258-1,Kazuyuki Ito; Yutaka Takeuchi,,abstraction,3,1,0,0,contact geometry,variables discarded by abstraction,not explicit
doi:10.1007/978-4-431-55879-8_25,Scalable Formation Control of Multi-robot Chain Networks Using a PDE Abstraction,2016,Springer Tracts in Advanced Robotics Distributed Autonomous Robotic Systems,crossref,state abstraction robotics control,10.1007/978-4-431-55879-8_25,https://doi.org/10.1007/978-4-431-55879-8_25,Karthik Elamvazhuthi; Spring Berman,,abstraction,2,1,1,0,not explicit,variables discarded by abstraction,not explicit
doi:10.56687/9781447316800-012,State infrastructure policy and planning,2016,Infrastructure Delivery Planning,crossref,latent state robot policy planning,10.56687/9781447316800-012,https://doi.org/10.56687/9781447316800-012,,,planning,1,0,3,0,control actionability,not explicit,long-horizon compounding error
doi:10.51952/9781447316800.ch008,State infrastructure policy and planning,2016,Infrastructure Delivery Planning,crossref,latent state robot policy planning,10.51952/9781447316800.ch008,https://doi.org/10.51952/9781447316800.ch008,Janice Morphet,,planning,1,0,3,0,control actionability,not explicit,long-horizon compounding error
doi:10.1109/icra.2016.7487745,Using abstraction for swarm control of a parent system,2016,2016 IEEE International Conference on Robotics and Automation (ICRA),crossref,state abstraction robotics control,10.1109/icra.2016.7487745,https://doi.org/10.1109/icra.2016.7487745,Kyle L. Crandall; Caleb Whitehead; Shuqi Dong; Adam Wickenheiser,,abstraction,2,1,1,0,not explicit,variables discarded by abstraction,not explicit
doi:10.1109/tro.2015.2414134,Timing Semantics for Abstraction and Execution of Synthesized High-Level Robot Control,2015,IEEE Transactions on Robotics,crossref,robot abstraction learning,10.1109/tro.2015.2414134,https://doi.org/10.1109/tro.2015.2414134,Vasumathi Raman; Nir Piterman; Cameron Finucane; Hadas Kress-Gazit,,abstraction,2,1,1,0,not explicit,variables discarded by abstraction,not explicit
doi:10.1109/tro.2013.2293836,Control of a Group of Mobile Robots Based on Formation Abstraction and Decentralized Locational Optimization,2014,IEEE Transactions on Robotics,crossref,state abstraction robotics control,10.1109/tro.2013.2293836,https://doi.org/10.1109/tro.2013.2293836,Kazuya Yoshida; Hiroaki Fukushima; Kazuyuki Kon; Fumitoshi Matsuno,,abstraction,2,1,1,0,not explicit,variables discarded by abstraction,not explicit
doi:10.1109/sice.2014.6935263,Multi-robot scheduling and trajectory planning using state roadmap,2014,2014 Proceedings of the SICE Annual Conference (SICE),crossref,latent state robot policy planning,10.1109/sice.2014.6935263,https://doi.org/10.1109/sice.2014.6935263,Yuichi Tazaki; Tatsuya Suzuki,,planning,1,0,3,0,control actionability,not explicit,long-horizon compounding error
doi:10.1109/icra.2014.6907808,The Hardware Abstraction Layer &#x2014; Supporting control design by tackling the complexity of humanoid robot hardware,2014,2014 IEEE International Conference on Robotics and Automation (ICRA),crossref,state abstraction robotics control,10.1109/icra.2014.6907808,https://doi.org/10.1109/icra.2014.6907808,Stefan Jorg; Jan Tully; Alin Albu-Schaffer,,abstraction,2,1,1,0,not explicit,variables discarded by abstraction,not explicit
doi:10.1109/eais.2012.6232809,A kinodynamic planning-learning algorithm for complex robot motor control,2012,2012 IEEE Conference on Evolving and Adaptive Intelligent Systems,crossref,offline robot learning planning control,10.1109/eais.2012.6232809,https://doi.org/10.1109/eais.2012.6232809,Javier Gonzalez-Quijano; Mohamed Abderrahim; Fernando Fernandez; Choukri Bensalah,,planning,0,1,3,0,control actionability,not explicit,long-horizon compounding error
doi:10.1109/icra.2012.6225072,RTMBA: A Real-Time Model-Based Reinforcement Learning Architecture for robot control,2012,2012 IEEE International Conference on Robotics and Automation,crossref,model-based reinforcement learning robot control,10.1109/icra.2012.6225072,https://doi.org/10.1109/icra.2012.6225072,Todd Hester; Michael Quinlan; Peter Stone,,physical,0,2,1,1,contact geometry,not explicit,not explicit
doi:10.4018/jats.2010040105,Inductive Logic Programming (ILP) and Reasoning by Analogy in Context of Embodied Robot Learning,2010,International Journal of Agent Technologies and Systems,crossref,embodied intelligence physical reasoning robot,10.4018/jats.2010040105,https://doi.org/10.4018/jats.2010040105,Vesna Poprcova; Georgi Stojanov; Andrea Kulakov,"The ability to reason by analogy is essential for many cognitive processes from low-level and high-level perception to categorization. Intuitively, the idea is to use what is already known to explain new observations that appear similar to old knowledge. In a sense, it is opposite of induction, where to explain the observations one comes up with new hypotheses/theories. Therefore, a system capable of both types of reasoning would be superior. In this paper, the authors present an overview of Inductive Logic Programming (ILP) systems that use reasoning by analogy and discuss the results of combining Analogical Prediction with an ILP system, showing that, for some cases, it is possible to improve significantly the learning speed of the ILP system. This paper will examine the problems that arise in the context of a physically embodied robot that tries to learn regularities in its environment.",physical,0,3,0,1,dynamics fidelity,not explicit,not explicit
doi:10.1016/j.arcontrol.2010.09.001,Multifingered robot hands: Control for grasping and manipulation,2010,Annual Reviews in Control,crossref,robot world model planning control manipulation,10.1016/j.arcontrol.2010.09.001,https://doi.org/10.1016/j.arcontrol.2010.09.001,Tsuneo Yoshikawa,,physical,0,3,1,0,contact geometry,not explicit,contact discontinuities
doi:10.1016/j.robot.2009.11.008,Planar bipedal locomotion control based on state discretization,2010,Robotics and Autonomous Systems,crossref,state abstraction robotics control,10.1016/j.robot.2009.11.008,https://doi.org/10.1016/j.robot.2009.11.008,Yuichi Tazaki; Jun-ichi Imura,,planning,1,1,2,0,not explicit,not explicit,not explicit
doi:10.5772/10252,Reinforcement-based Robotic Memory Controller,2010,Robot Learning,crossref,model-based reinforcement learning robot control,10.5772/10252,https://doi.org/10.5772/10252,Osman Hassab,,physical,0,2,2,0,contact geometry; control actionability,not explicit,not explicit
doi:10.1007/978-1-84882-985-5_5,Kinematic Tracking Controller for Unicycle Mobile Robot Based on Polar-like Representation and Lyapunov Analysis,2009,Lecture Notes in Control and Information Sciences Robot Motion and Control 2009,crossref,robot representation learning control,10.1007/978-1-84882-985-5_5,https://doi.org/10.1007/978-1-84882-985-5_5,Dariusz Pazderski; Pawe Szulczyski; Krzysztof R. Kozowski,,planning,1,1,2,0,state variables; control actionability,not explicit,aliasing / observability limits
doi:10.1007/978-1-4020-8919-0_15,Tactile Sensing-based Control System for Dexterous Robot Manipulation,2009,Lecture Notes in Electrical Engineering Advances in Computational Algorithms and Data Analysis,crossref,tactile perception robot manipulation,10.1007/978-1-4020-8919-0_15,https://doi.org/10.1007/978-1-4020-8919-0_15,Hanafiah Yussof; Masahiro Ohka; Hirofumi Suzuki; Nobuyuki Morisawa,,physical,0,3,1,0,contact geometry,not explicit,contact discontinuities
doi:10.1109/icsens.2008.4716609,Determination of object stiffness control parameters in robot manipulation using a prototype optical three-axis tactile sensor,2008,2008 IEEE Sensors,crossref,tactile perception robot manipulation,10.1109/icsens.2008.4716609,https://doi.org/10.1109/icsens.2008.4716609,Hanafiah Yussof; Masahiro Ohka; Abdul Rahman Omar; Muhammad Azmi Ayub,,physical,0,3,1,0,contact geometry,not explicit,contact discontinuities
doi:10.1109/wcica.2008.4593162,Inspection planning control of laser guided measurement robot,2008,2008 7th World Congress on Intelligent Control and Automation,crossref,robot world model planning control manipulation,10.1109/wcica.2008.4593162,https://doi.org/10.1109/wcica.2008.4593162,Wanli Liu; Xinghua Qu; Jianfei Ouyang; Yonggang Yan,,planning,0,1,3,0,control actionability,not explicit,long-horizon compounding error
doi:10.1007/978-3-540-70799-8,Model Abstraction in Dynamical Systems: Application to Mobile Robot Control,2008,Lecture Notes in Control and Information Sciences,crossref,robot abstraction learning,10.1007/978-3-540-70799-8,https://doi.org/10.1007/978-3-540-70799-8,,,abstraction,2,1,1,0,not explicit,variables discarded by abstraction,not explicit
doi:10.5772/6209,Novel Framework of Robot Force Control Using Reinforcement Learning,2008,Robot Manipulators,crossref,robot representation learning control,10.5772/6209,https://doi.org/10.5772/6209,Byungchan Kim; Shinsuk Park,,physical,0,3,1,0,contact geometry,not explicit,not explicit
doi:10.1093/heapol/czn023,The role of state and non-state actors in the policy process: the contribution of policy networks to the scale-up of antiretroviral therapy in Thailand,2008,Health Policy and Planning,crossref,latent state robot policy planning,10.1093/heapol/czn023,https://doi.org/10.1093/heapol/czn023,S. Tantivess; G. Walt,,abstraction,2,0,2,0,control actionability,not explicit,not explicit
doi:10.1109/wcica.2008.4593707,Trajectory planning for robot manipulators based on state space,2008,2008 7th World Congress on Intelligent Control and Automation,crossref,robot world model planning control manipulation,10.1109/wcica.2008.4593707,https://doi.org/10.1109/wcica.2008.4593707,Wenlong Xie; Jianbo Su,,planning,1,0,3,0,contact geometry; control actionability,not explicit,contact discontinuities; long-horizon compounding error
doi:10.5772/6197,"Unit Quaternions: A Mathematical Tool for Modeling, Path Planning and Control of Robot Manipulators",2008,Robot Manipulators,crossref,offline robot learning planning control,10.5772/6197,https://doi.org/10.5772/6197,Ricardo Campa; Karla Camarillo,,planning,0,1,3,0,contact geometry; control actionability,not explicit,contact discontinuities; long-horizon compounding error
doi:10.1561/9781601982391,Learning Representation and Control in Markov Decision Processes: New Frontiers,2007,,crossref,robot representation learning control,10.1561/9781601982391,https://doi.org/10.1561/9781601982391,Sridhar Mahadevan,,planning,1,1,2,0,state variables,not explicit,aliasing / observability limits
doi:10.1109/wcica.2006.1713724,Approaches to Motion Planning for a Spherical Robot Based on Differential Geometric Control Theory,2006,2006 6th World Congress on Intelligent Control and Automation,crossref,robot world model planning control manipulation,10.1109/wcica.2006.1713724,https://doi.org/10.1109/wcica.2006.1713724,Tuanjie Li; Yigang Zhang; Yan Zhang,,planning,0,1,3,0,control actionability,not explicit,long-horizon compounding error
doi:10.1109/wcica.2006.1713712,Optimal Motion Planning of Attitude Control for Space Robot System with Dual-Arms,2006,2006 6th World Congress on Intelligent Control and Automation,crossref,robot world model planning control manipulation,10.1109/wcica.2006.1713712,https://doi.org/10.1109/wcica.2006.1713712,Li Chen; Xiaoteng Tang,,planning,0,1,3,0,control actionability,not explicit,long-horizon compounding error
doi:10.1109/wcica.2006.1713011,The Nonholonomic Motion Planning and Control of the Unicycle Mobile Robot,2006,2006 6th World Congress on Intelligent Control and Automation,crossref,robot world model planning control manipulation,10.1109/wcica.2006.1713011,https://doi.org/10.1109/wcica.2006.1713011,Jin Zhiyong; Zhang Qizhi,,planning,0,1,3,0,control actionability,not explicit,long-horizon compounding error
doi:10.1007/11008941_24,Abstraction and Control for Swarms of Robots,2005,Springer Tracts in Advanced Robotics Robotics Research. The Eleventh International Symposium,crossref,state abstraction robotics control,10.1007/11008941_24,https://doi.org/10.1007/11008941_24,Calin Belta; Guilherme A. S. Pereira; Vijay Kumar,,abstraction,2,1,1,0,not explicit,variables discarded by abstraction,not explicit
doi:10.1017/cbo9780511805615.019,Development Planning and Policy Making: The State and the Market,2005,Economic Development,crossref,latent state robot policy planning,10.1017/cbo9780511805615.019,https://doi.org/10.1017/cbo9780511805615.019,,,planning,1,0,3,0,control actionability,not explicit,long-horizon compounding error
doi:10.1109/tro.2004.829498,Abstraction and Control for Groups of Robots,2004,IEEE Transactions on Robotics,crossref,robot abstraction learning,10.1109/tro.2004.829498,https://doi.org/10.1109/tro.2004.829498,C. Belta; V. Kumar,,abstraction,2,1,1,0,not explicit,variables discarded by abstraction,not explicit
doi:10.1109/tro.2004.829480,Improving Efficiency in Mobile Robot Task Planning Through World Abstraction,2004,IEEE Transactions on Robotics,crossref,robot abstraction learning,10.1109/tro.2004.829480,https://doi.org/10.1109/tro.2004.829480,C. Galindo; J.-A. Fernandez-Madrigal; J. Gonzalez,,abstraction,2,0,2,0,control actionability,variables discarded by abstraction,long-horizon compounding error
doi:10.1057/9780230597037_3,Language Planning in State Nations and Nation States,2004,Language Policy and Language Planning,crossref,latent state robot policy planning,10.1057/9780230597037_3,https://doi.org/10.1057/9780230597037_3,Sue Wright,,abstraction,2,0,2,0,control actionability,not explicit,long-horizon compounding error
doi:10.1109/cs-m.2004.25151,"State-of-the-art reference for Systems, Control, Information, Decision, Cybernetics, and Robotics",2004,IEEE Control Systems Magazine,crossref,state abstraction robotics control,10.1109/cs-m.2004.25151,https://doi.org/10.1109/cs-m.2004.25151,,,planning,1,1,2,0,not explicit,not explicit,not explicit
doi:10.1109/cs-m.2004.25035,"State-of-the-art reference for sytems, control, information, decision, cybernetics, and robotics",2004,IEEE Control Systems Magazine,crossref,state abstraction robotics control,10.1109/cs-m.2004.25035,https://doi.org/10.1109/cs-m.2004.25035,,,planning,1,1,2,0,not explicit,not explicit,not explicit
doi:10.1016/s1474-6670(17)37938-7,On Motion Planning for Robotic Manipulation with Rolling Contacts,2000,IFAC Proceedings Volumes,crossref,robotic manipulation planning latent dynamics,10.1016/s1474-6670(17)37938-7,https://doi.org/10.1016/s1474-6670(17)37938-7,Blint Kiss; Jean Lvine; Bla Lantos,,physical,0,2,2,0,contact geometry; control actionability,not explicit,contact discontinuities; long-horizon compounding error
doi:10.1163/156855399x01017,Trajectory planning in a dynamic workspace: a 'state-time space' approach,1999,Advanced Robotics,crossref,latent state robot policy planning,10.1163/156855399x01017,https://doi.org/10.1163/156855399x01017,Thierry Fraichard,,planning,1,0,3,0,control actionability,not explicit,long-horizon compounding error
doi:10.1201/9781439864524-8,Const rained Motion Planning: Applications in Mobile Robotics and in Maintenance Operations Nonlinear control system,1997,Algorithms for Robotic Motion and Manipulation,crossref,robotic manipulation planning latent dynamics,10.1201/9781439864524-8,https://doi.org/10.1201/9781439864524-8,,,planning,0,1,3,0,control actionability,not explicit,long-horizon compounding error
doi:10.1023/a:1007939707498,"Manipulation Robots - Dynamics, Control and Optimization, Felix L. Chernousko, Nikolai N. Bolotnik and Valery Gradetsky",1997,Journal of Intelligent and Robotic Systems,crossref,robotic manipulation planning latent dynamics,10.1023/a:1007939707498,https://doi.org/10.1023/a:1007939707498,Miomir Vukobratovi,,physical,0,2,1,1,contact geometry; dynamics fidelity,not explicit,contact discontinuities
doi:10.1016/0967-0661(94)90644-0,062 Preference planning: A reactive approach to robot task planning,1994,Control Engineering Practice,crossref,offline robot learning planning control,10.1016/0967-0661(94)90644-0,https://doi.org/10.1016/0967-0661(94)90644-0,,,planning,0,0,4,0,control actionability,not explicit,long-horizon compounding error
doi:10.1016/0967-0661(94)90496-0,144 Intelligent motion planning and control for robot arms,1994,Control Engineering Practice,crossref,offline robot learning planning control,10.1016/0967-0661(94)90496-0,https://doi.org/10.1016/0967-0661(94)90496-0,,,planning,0,1,3,0,control actionability,not explicit,long-horizon compounding error
doi:10.1109/ccece.1994.405870,Robot action planning using state matrix representation,1994,Proceedings of Canadian Conference on Electrical and Computer Engineering CCECE-94,crossref,latent state robot policy planning,10.1109/ccece.1994.405870,https://doi.org/10.1109/ccece.1994.405870,Noorhosseini; Malowany,,abstraction,2,0,2,0,state variables; control actionability,not explicit,aliasing / observability limits; long-horizon compounding error
doi:10.1016/0264-8377(94)90014-0,The new frontier for land policy Planning and growth management in the state,1994,Land Use Policy,crossref,latent state robot policy planning,10.1016/0264-8377(94)90014-0,https://doi.org/10.1016/0264-8377(94)90014-0,Roger Caves,,planning,1,0,3,0,control actionability,not explicit,long-horizon compounding error
doi:10.1016/0921-8890(92)90034-v,Reformulating path-planning problems by task-preserving abstraction,1992,Robotics and Autonomous Systems,crossref,state abstraction robotics control,10.1016/0921-8890(92)90034-v,https://doi.org/10.1016/0921-8890(92)90034-v,D.Paul Benjamin,,abstraction,2,0,2,0,control actionability,variables discarded by abstraction,long-horizon compounding error
doi:10.1093/oso/9780198273561.003.0005,Latent Neutrality,1991,Danish Neutrality,crossref,latent state robot policy planning,10.1093/oso/9780198273561.003.0005,https://doi.org/10.1093/oso/9780198273561.003.0005,Carsten Holbraad,"Abstract The four decades that have elapsed since the signing of the North Atlantic treaty have been for Denmark a period of sustained engagement in international politics. As a member of the North Atlantic Treaty Organization, it has had a minor role in the mounting of a collective defence of the Western nations and in maintaining a balance of power in the central relationship, and has participated also in the joint formulation of alliance policy. Since 1973 Denmark has been part of the European Economic Community as well, in the social, economic, and political endeavours of which it has been increasingly active. In the United Nations and elsewhere, it has engaged in the efforts to reduce the economic inequalities among nations and limit the conflict between the industrially developed and the developing parts of the world. Finally, in the Nordic Council and through other channels it has continued its long-standing endeavours to expand Scandinavian co-operation of various sorts.",abstraction,2,0,1,1,state variables; control actionability,variables discarded by abstraction,aliasing / observability limits
doi:10.1016/s1474-6670(17)51736-x,Autonomous Motion Planning and Learning Control of a Biped Locomotive Robot,1990,IFAC Proceedings Volumes,crossref,offline robot learning planning control,10.1016/s1474-6670(17)51736-x,https://doi.org/10.1016/s1474-6670(17)51736-x,S. Kitamura; Y. Kurematsu,,planning,0,1,3,0,control actionability,not explicit,long-horizon compounding error
doi:10.1016/b978-0-08-035742-3.50081-2,CAD-BASED ROBOT PLANNING AND CONTROL,1989,Robot Control 1988 (Syroco '88),crossref,robot world model planning control manipulation,10.1016/b978-0-08-035742-3.50081-2,https://doi.org/10.1016/b978-0-08-035742-3.50081-2,E. Trostmann; B. Palstrm,,planning,0,1,3,0,control actionability,not explicit,long-horizon compounding error
doi:10.1007/978-1-4757-1895-9_28,Automatic Planning and Control of Robot Natural Motion Via Feedback,1986,Adaptive and Learning Systems,crossref,offline robot learning planning control,10.1007/978-1-4757-1895-9_28,https://doi.org/10.1007/978-1-4757-1895-9_28,Daniel E. Koditschek,,planning,0,1,3,0,control actionability,not explicit,long-horizon compounding error
doi:10.1002/rob.4620030309,Dynamics of manipulation mechanisms with constrained gripper motion. Part I,1986,Journal of Robotic Systems,crossref,robotic manipulation planning latent dynamics,10.1002/rob.4620030309,https://doi.org/10.1002/rob.4620030309,Veljko Potkonjak; Miomir Vukobratovi,"Abstract This article deals with the dynamics of closed kinematic chains obtained from open ones by introducing some constraints upon the motion of the last segment. Such problems apear very often in practical manipulator operation (writing task, assembling, etc.). The reduced position vector is defined and the dynamic model formed so as to allow the calculation of both the relative motion with respect to the constraint and the reactions, of the constraint. Impact problems are discussed also. Finally, a surfacetype constraint is considered.",world_model,1,1,0,2,contact geometry; dynamics fidelity,variables discarded by abstraction,contact discontinuities
doi:10.1111/j.1541-0072.1985.tb01611.x,SMALL BUSINESS POLICY AMID STATE LEVEL ECONOMIC DEVELOPMENT PLANNING,1985,Policy Studies Journal,crossref,latent state robot policy planning,10.1111/j.1541-0072.1985.tb01611.x,https://doi.org/10.1111/j.1541-0072.1985.tb01611.x,Gregory A. Daneke,,planning,1,0,3,0,control actionability,not explicit,long-horizon compounding error
doi:10.1007/978-1-349-15867-6_9,Conversion of the Real Abstraction into the Conceptual Abstraction,1978,Intellectual and Manual Labour,crossref,sim-to-real robot control abstraction,10.1007/978-1-349-15867-6_9,https://doi.org/10.1007/978-1-349-15867-6_9,Alfred Sohn-Rethel,,abstraction,4,0,0,0,not explicit,variables discarded by abstraction,not explicit
doi:10.2307/40201601,The State Department Policy Planning Process,1977,International Journal,crossref,latent state robot policy planning,10.2307/40201601,https://doi.org/10.2307/40201601,Jan H. Kalicki,,planning,1,0,3,0,control actionability,not explicit,long-horizon compounding error
doi:10.15368/theses.2019.72,An Application of Sliding Mode Control to Model-Based Reinforcement Learning,,,crossref,model-based reinforcement learning robot control,10.15368/theses.2019.72,https://doi.org/10.15368/theses.2019.72,Aaron Thomas Parisi,,physical,0,2,1,1,contact geometry,not explicit,not explicit
doi:10.37099/mtu.dc.etdr/1677,BENCHMARKING MODEL PREDICTIVE CONTROL AND REINFORCEMENT LEARNING FOR LEGGED ROBOT LOCOMOTION,,,crossref,robot representation learning control,10.37099/mtu.dc.etdr/1677,https://doi.org/10.37099/mtu.dc.etdr/1677,Shivayogi Akki,,physical,0,2,1,1,contact geometry; dynamics fidelity,not explicit,not explicit
doi:10.1109/lra.2025.3592060/mm1,Collision-inclusive Manipulation Planning for Occluded Object Grasping via Compliant Robot Motions_supp1-3592060.mp4,,,crossref,robot world model planning control manipulation,10.1109/lra.2025.3592060/mm1,https://doi.org/10.1109/lra.2025.3592060/mm1,Kejia Ren,,physical,0,2,2,0,contact geometry; control actionability,not explicit,contact discontinuities; long-horizon compounding error
doi:10.1109/tmech.2025.3616641/mm1,Constraint-Aware Adaptation: Bridging Model-Based Control With Reinforcement Learning for Quadruped Versatility_supp1-3616641.mp4,,,crossref,model-based reinforcement learning robot control,10.1109/tmech.2025.3616641/mm1,https://doi.org/10.1109/tmech.2025.3616641/mm1,Jiahu Qin,,physical,0,2,1,1,contact geometry,not explicit,not explicit
doi:10.1349/ddlp.3386,Decentralized adaptive control for nonlinear interconnected systems with applications to real-time robot control.,,,crossref,sim-to-real robot control abstraction,10.1349/ddlp.3386,https://doi.org/10.1349/ddlp.3386,Lin Shi,,physical,0,2,2,0,not explicit,not explicit,not explicit
doi:10.1163/ejb9789004244627.b02184,"Department of State, Policy Planning Staff, Memorandum, November 4, 1950, Top Secret.",,Cold War Intelligence,crossref,latent state robot policy planning,10.1163/ejb9789004244627.b02184,https://doi.org/10.1163/ejb9789004244627.b02184,,,planning,1,0,3,0,control actionability,not explicit,long-horizon compounding error
doi:10.32657/10220/48184,Distributed approaches to motion planning and control in multi-robot systems,,,crossref,offline robot learning planning control,10.32657/10220/48184,https://doi.org/10.32657/10220/48184,Yuan Zhou,,planning,0,1,3,0,control actionability,not explicit,long-horizon compounding error
doi:10.1109/robot.1989.100032,Dynamics and planning of collisions in robotic manipulation,,"Proceedings, 1989 International Conference on Robotics and Automation",crossref,robotic manipulation planning latent dynamics,10.1109/robot.1989.100032,https://doi.org/10.1109/robot.1989.100032,Y. Wang,,planning,0,1,2,1,contact geometry; control actionability; dynamics fidelity,not explicit,contact discontinuities; long-horizon compounding error
doi:10.1109/robot.1997.620043,Efficient reinforcement learning: model-based Acrobot control,,Proceedings of International Conference on Robotics and Automation,crossref,model-based reinforcement learning robot control,10.1109/robot.1997.620043,https://doi.org/10.1109/robot.1997.620043,G. Boone,,physical,0,2,1,1,contact geometry,not explicit,not explicit
doi:10.70675/63cf7e57za3a0z422dz82bcz8bb1276d9918,Exploring state descriptions and soft robot simulations for learning and control,,,crossref,robot representation learning control,10.70675/63cf7e57za3a0z422dz82bcz8bb1276d9918,https://doi.org/10.70675/63cf7e57za3a0z422dz82bcz8bb1276d9918,Etienne Mnager,"Exploration des descriptions d'tat et des simulations de robots souples pour l'apprentissage et le contrle La robotique dformable est un sous-domaine de la robotique o des matriaux souples sont utiliss pour crer des robots capables de s'adapter  leur environnement. Cette adaptabilit permet de nombreuses innovations, que ce soit dans le domaine mdicale ou la manipulation d'objets dlicats, mais prsente galement de nombreux dfis dans les domaines de la modlisation, du contrle et de la conception. La mthode des lments finis (FEM) permet une modlisation et une simulation prcises des robots souples. Elle permet  la fois de les contrler, mais aussi d'valuer leurs conceptions avant de les fabriquer. L'quipe DEFROST du Centre Inria de l'Universit de Lille a dvelopp plusieurs outils pour contrler les robots souples, y compris l'utilisation conjointe de la modlisation inverse FEM et de l'optimisation convexe. Cependant, ces mthodes ont t dveloppes pour un contrle bas niveau sur un horizon temporel court. L'objectif de ce doctorat est d'tendre ce contrle bas niveau au contrle de robots souple sur un horizon de temps relatif  l'excution d'une tche.Dans ce travail, divers outils de simulation et d'apprentissage automatique seront utiliss pour trouver des squences d'actionnement permettant de rsoudre des tches. Bien que ces outils soient puissants, ils ont tous des limites. Par exemple, la commande base sur l'apprentissage est efficace pour rsoudre des tches complexes, mais elle ncessite une quantit importante de donnes pour l'apprentissage. Les modles FEM peuvent simuler un large ventail de comportements, mais le processus de simulation peut tre lent. L'un des problmes communs  ces diffrents outils est la taille des systmes mathmatiques  rsoudre et donc la reprsentation de l'tat du robot souple. Selon la discipline (robotique, apprentissage automatique, simulation), la notion d'tat n'a pas la mme dfinition et n'a pas la mme finalit. Le nombre de paramtres augmentant avec l'horizon temporel de la tche  raliser, un compromis doit tre trouv entre les diffrentes reprsentations afin de formuler efficacement les problmes d'optimisation. Ce travail de recherche se concentre sur l'adaptation de la description de l'tat des robots souples afin d'optimiser leur actionnement sur l'horizon temporel de la tche. Ceci est important car le choix du modle dtermine ce qu'il est rellement possible de faire en termes d'apprentissage, de contrle et mme de conception.",physical,1,2,1,0,contact geometry,not explicit,contact discontinuities
doi:10.17760/d20324057,Fluid series elastic force control for robot manipulation,,,crossref,robot world model planning control manipulation,10.17760/d20324057,https://doi.org/10.17760/d20324057,Chunpeng Wang,,physical,0,3,1,0,contact geometry,not explicit,contact discontinuities
doi:10.1109/.2001.980823,Hierarchical modeling and abstraction of discrete event systems using finite state machines with parameters,,Proceedings of the 40th IEEE Conference on Decision and Control (Cat. No.01CH37228),crossref,state abstraction robotics control,10.1109/.2001.980823,https://doi.org/10.1109/.2001.980823,Yi-Liang Chen; Feng Lin,,abstraction,4,0,0,0,not explicit,variables discarded by abstraction; task decomposition,not explicit
doi:10.17760/d20659798,Loco-manipulation with non-impulsive contact-implicit planning in a slithering robot,,,crossref,robot world model planning control manipulation,10.17760/d20659798,https://doi.org/10.17760/d20659798,Kruthika Gangaraju,,physical,0,2,2,0,contact geometry; control actionability,not explicit,contact discontinuities; long-horizon compounding error
doi:10.1109/tase.2025.3541594/mm1,Motion Planning and Control of Active Robot in Orthopedic Surgery by CDMP-based Imitation Learning and Constrained Optimization_supp1-3541594.docx,,,crossref,offline robot learning planning control,10.1109/tase.2025.3541594/mm1,https://doi.org/10.1109/tase.2025.3541594/mm1,Nan Zhang,,planning,0,1,3,0,control actionability,not explicit,long-horizon compounding error
doi:10.5353/th_b4516138,Motion planning and control simulation for robot assisted femur fracture reduction,,,crossref,offline robot learning planning control,10.5353/th_b4516138,https://doi.org/10.5353/th_b4516138,Song Wang,,planning,0,1,3,0,control actionability,not explicit,long-horizon compounding error
doi:10.1109/tmech.2023.3336316/mm1,Offline Reinforcement Learning of Robotic Control Using Deep Kinematics and Dynamics_supp1-3336316.mp4,,,crossref,offline robot learning planning control,10.1109/tmech.2023.3336316/mm1,https://doi.org/10.1109/tmech.2023.3336316/mm1,Weiwei Shang,,physical,0,2,1,1,contact geometry; dynamics fidelity,dataset support,not explicit
doi:10.1007/978-3-540-37347-6_8,Planning and Control of Robot Motion Based on Time-Scale Transformation,,Advances in Robot Control,crossref,robot world model planning control manipulation,10.1007/978-3-540-37347-6_8,https://doi.org/10.1007/978-3-540-37347-6_8,Sadao Kawamura; Norimitsu Sakagami,,planning,0,1,3,0,control actionability,not explicit,long-horizon compounding error
doi:10.1109/lra.2026.3692059/mm2,Predicting Tactile Sensory Outcome of Physical Human-Robot Interaction through Embodied Learning Strategy_supp1-3692059.mp4,,,crossref,embodied intelligence physical reasoning robot,10.1109/lra.2026.3692059/mm2,https://doi.org/10.1109/lra.2026.3692059/mm2,Yuxi Lu,,physical,0,3,0,1,contact geometry; dynamics fidelity,not explicit,not explicit
doi:10.1109/lra.2026.3692059/mm1,Predicting Tactile Sensory Outcome of Physical Human-Robot Interaction through Embodied Learning Strategy_supp2-3692059.mp4,,,crossref,embodied intelligence physical reasoning robot,10.1109/lra.2026.3692059/mm1,https://doi.org/10.1109/lra.2026.3692059/mm1,Yuxi Lu,,physical,0,3,0,1,contact geometry; dynamics fidelity,not explicit,not explicit
doi:10.14711/thesis-991012980223503412,Research on motion control and path planning of the waterproof construction mobile robot,,,crossref,offline robot learning planning control,10.14711/thesis-991012980223503412,https://doi.org/10.14711/thesis-991012980223503412,Kenan Du,,planning,0,1,3,0,control actionability,not explicit,long-horizon compounding error
doi:10.2307/j.ctt1t89h7k.14,State infrastructure policy and planning,,Infrastructure delivery planning,crossref,latent state robot policy planning,10.2307/j.ctt1t89h7k.14,https://doi.org/10.2307/j.ctt1t89h7k.14,,,planning,1,0,3,0,control actionability,not explicit,long-horizon compounding error
doi:10.1163/2468-1733_shafr_sim140020004,"The State Department Policy Planning Staff Papers, 1947-1949. 3 vols",,The SHAFR Guide Online,crossref,latent state robot policy planning,10.1163/2468-1733_shafr_sim140020004,https://doi.org/10.1163/2468-1733_shafr_sim140020004,,,planning,1,0,3,0,control actionability,not explicit,long-horizon compounding error
doi:10.1007/3-540-36224-x_11,Towards Abstraction and Control for Large Groups of Robots,,Springer Tracts in Advanced Robotics Control Problems in Robotics,crossref,state abstraction robotics control,10.1007/3-540-36224-x_11,https://doi.org/10.1007/3-540-36224-x_11,Calin Belta; Vijay Kumar,,abstraction,2,1,1,0,not explicit,variables discarded by abstraction,not explicit
doi:10.1109/tetci.2023.3293193/mm1,Value Functions Factorization With Latent State Information Sharing in Decentralized Multi-Agent Policy Gradients_supp1-3293193.pdf,,,crossref,latent state robot policy planning,10.1109/tetci.2023.3293193/mm1,https://doi.org/10.1109/tetci.2023.3293193/mm1,Hanhan Zhou,,abstraction,2,0,1,1,state variables; control actionability,not explicit,aliasing / observability limits
doi:10.1109/rpic68328.2026.11518242,Actor-Critic Based Reinforcement Learning For Continuous Control In Autonomous Robot Navigation,2026,2026 International Conference on Robot Perception and Intelligent Control (RPIC),crossref,robot representation learning control,10.1109/rpic68328.2026.11518242,https://doi.org/10.1109/rpic68328.2026.11518242,Do Yun Kim,,physical,0,2,1,0,contact geometry,not explicit,not explicit
doi:10.1109/lra.2026.3681124,Adaptive Visual-Tactile Fusion for Contact-Rich Dexterous Manipulation,2026,IEEE Robotics and Automation Letters,crossref,tactile perception robot manipulation,10.1109/lra.2026.3681124,https://doi.org/10.1109/lra.2026.3681124,Zedong Cai; Chuan Liu; Siyuan Li; Peng Liu,,physical,0,3,0,0,contact geometry,not explicit,contact discontinuities
doi:10.1039/d6dd00113k/v2/response1,"Author response for ""Learning Rates: Predicting Rate Coefficients for Hydrogen Abstraction Reactions""",2026,,crossref,robot abstraction learning,10.1039/d6dd00113k/v2/response1,https://doi.org/10.1039/d6dd00113k/v2/response1,Calvin Pieters; Alon Grinberg Dana,,abstraction,2,0,0,1,dynamics fidelity,variables discarded by abstraction,not explicit
doi:10.1039/d6dd00113k/v3/response1,"Author response for ""Learning Rates: Predicting Rate Coefficients for Hydrogen Abstraction Reactions""",2026,,crossref,robot abstraction learning,10.1039/d6dd00113k/v3/response1,https://doi.org/10.1039/d6dd00113k/v3/response1,Calvin Pieters; Alon Grinberg Dana,,abstraction,2,0,0,1,dynamics fidelity,variables discarded by abstraction,not explicit
doi:10.1039/d6dd00113k/v4/response1,"Author response for ""Learning Rates: Predicting Rate Coefficients for Hydrogen Abstraction Reactions""",2026,,crossref,robot abstraction learning,10.1039/d6dd00113k/v4/response1,https://doi.org/10.1039/d6dd00113k/v4/response1,Calvin Pieters; Alon Grinberg Dana,,abstraction,2,0,0,1,dynamics fidelity,variables discarded by abstraction,not explicit
doi:10.1126/scirobotics.aei0811,Designing microrobots with embodied physical intelligence,2026,Science Robotics,crossref,embodied intelligence physical reasoning robot,10.1126/scirobotics.aei0811,https://doi.org/10.1126/scirobotics.aei0811,Melisa Yashinski,A flexible chain of 3D microprinted units exhibits emergent dynamics in response to environmental interactions.,physical,0,2,0,1,dynamics fidelity,not explicit,not explicit
doi:10.55670/fpll.futech.5.2.19,Emotionally intelligent social robot for dementia care: empathy-based conversational intervention model using multimodal sentiment analysis,2026,Future Technology,crossref,multimodal robot world model,10.55670/fpll.futech.5.2.19,https://doi.org/10.55670/fpll.futech.5.2.19,Zhenyu Lei; Yiqiao Yin; Yingsheng Chen,"Dementia is a challenging health issue for healthcare systems across the globe. Communication disabilities and behavioral changes have been significantly impacting the well-being of patients with dementia. The study formulates an empathy-based conversational intervention approach for patients with dementia using multimodal sentiment analysis. The proposed system applies a cross-modal attention-based model to synthesize speech, facial expressions, and biological signals for effective emotion identification. The synthesis is further augmented with an innovative large language model-based conversational response generation module that can develop appropriate empathetic responses. Experiments conducted on public benchmark databases confirm that the trimodal fusion-based model outperforms state-of-the-art methods with an overall weighted average accuracy of approximately 87.3% for emotion identification. The proposed approach outperforms state-of-the-art methods such as MulT, MISA, and MAG-BERT. The scores on human evaluation of the generated empathetic dialogue reached 4.12 and 4.28 in terms of empathy and coherence, with improvements of 17.0% and 12.3% over baseline models. The meta-analytic synthesis of previous clinical evidence revealed significant beneficial effects of social robot interventions on depression, loneliness, and agitation of people with dementia. The comparison with commercial models such as PARO, Pepper, and NAO showed the superiority of the proposed approach over others in terms of multimodal emotion recognition and dialogue adaptability. These results show that socially interactive robots with high emotional intelligence, equipped with cutting-edge affective computing and natural language processing, have great potential for enhancing the quality of dementia care through personalized emotional support.",abstraction,2,0,0,1,not explicit,not explicit,not explicit
doi:10.1145/3776734.3794457,Evaluating Tactile Perception of Robot-Controlled HIFU Embossing,2026,Companion Proceedings of the 21st ACM/IEEE International Conference on Human-Robot Interaction,crossref,tactile perception robot manipulation,10.1145/3776734.3794457,https://doi.org/10.1145/3776734.3794457,Ayaka Tsutsui; Takahito Murakami; Tatsuki Fushimi; Ryosei Kojima; Kengo Tanaka; Yoichi Ochiai,,physical,0,2,1,0,contact geometry,not explicit,not explicit
doi:10.1109/lra.2026.3653273,FlowDreamer: A RGB-D World Model With Flow-Based Motion Representations for Robot Manipulation,2026,IEEE Robotics and Automation Letters,crossref,robot world model planning control manipulation,10.1109/lra.2026.3653273,https://doi.org/10.1109/lra.2026.3653273,Jun Guo; Xiaojian Ma; Yikai Wang; Min Yang; Huaping Liu; Qing Li,,abstraction,1,1,0,1,state variables; contact geometry; dynamics fidelity,not explicit,contact discontinuities; aliasing / observability limits
doi:10.1109/tmech.2026.3687919,NeuralTouch: Neural Descriptors for Precise Sim-to-Real Tactile Robot Control,2026,IEEE/ASME Transactions on Mechatronics,crossref,sim-to-real robot control abstraction,10.1109/tmech.2026.3687919,https://doi.org/10.1109/tmech.2026.3687919,Yijiong Lin; Bowen Deng; Keju Pu; Chenghua Lu; Max Yang; Efi Psomopoulou; Nathan F. Lepora,,physical,0,2,1,0,contact geometry; domain shift,not explicit,distribution shift
doi:10.1016/j.mechatronics.2026.103467,Reinforcement learning-based assist-as-needed control for shoulder rehabilitation robot based on virtual biomechanical model,2026,Mechatronics,crossref,model-based reinforcement learning robot control,10.1016/j.mechatronics.2026.103467,https://doi.org/10.1016/j.mechatronics.2026.103467,Muhammad Faizan Shah,,physical,0,2,1,0,contact geometry,not explicit,not explicit
doi:10.1039/d6dd00113k/v2/review1,"Review for ""Learning Rates: Predicting Rate Coefficients for Hydrogen Abstraction Reactions""",2026,,crossref,robot abstraction learning,10.1039/d6dd00113k/v2/review1,https://doi.org/10.1039/d6dd00113k/v2/review1,,,abstraction,2,0,0,1,dynamics fidelity,variables discarded by abstraction,not explicit
doi:10.1039/d6dd00113k/v1/review1,"Review for ""Learning Rates: Predicting Rate Coefficients for Hydrogen Abstraction Reactions""",2026,,crossref,robot abstraction learning,10.1039/d6dd00113k/v1/review1,https://doi.org/10.1039/d6dd00113k/v1/review1,,,abstraction,2,0,0,1,dynamics fidelity,variables discarded by abstraction,not explicit
doi:10.1039/d6dd00113k/v2/review2,"Review for ""Learning Rates: Predicting Rate Coefficients for Hydrogen Abstraction Reactions""",2026,,crossref,robot abstraction learning,10.1039/d6dd00113k/v2/review2,https://doi.org/10.1039/d6dd00113k/v2/review2,,,abstraction,2,0,0,1,dynamics fidelity,variables discarded by abstraction,not explicit
doi:10.1039/d6dd00113k/v1/review3,"Review for ""Learning Rates: Predicting Rate Coefficients for Hydrogen Abstraction Reactions""",2026,,crossref,robot abstraction learning,10.1039/d6dd00113k/v1/review3,https://doi.org/10.1039/d6dd00113k/v1/review3,,,abstraction,2,0,0,1,dynamics fidelity,variables discarded by abstraction,not explicit
doi:10.1039/d6dd00113k/v2/review3,"Review for ""Learning Rates: Predicting Rate Coefficients for Hydrogen Abstraction Reactions""",2026,,crossref,robot abstraction learning,10.1039/d6dd00113k/v2/review3,https://doi.org/10.1039/d6dd00113k/v2/review3,,,abstraction,2,0,0,1,dynamics fidelity,variables discarded by abstraction,not explicit
doi:10.1039/d6dd00113k/v1/review2,"Review for ""Learning Rates: Predicting Rate Coefficients for Hydrogen Abstraction Reactions""",2026,,crossref,robot abstraction learning,10.1039/d6dd00113k/v1/review2,https://doi.org/10.1039/d6dd00113k/v1/review2,,,abstraction,2,0,0,1,dynamics fidelity,variables discarded by abstraction,not explicit
doi:10.32604/cmc.2026.079959,Safe Robot Control through Multi-Task Offline Reinforcement Learning with Multi-Scale Distribution Debiasing,2026,"Computers, Materials &amp; Continua",crossref,offline robot learning planning control,10.32604/cmc.2026.079959,https://doi.org/10.32604/cmc.2026.079959,Chengjing Li; Li Wang; Xiaoyan Zhao,,physical,0,2,1,0,contact geometry,dataset support,not explicit
doi:10.1109/tfr.2026.3690128,Sim-to-Real Transfer and Robustness Evaluation of Reinforcement Learning Control With Integrated Perception on an ASV for Floating Waste Capture,2026,IEEE Transactions on Field Robotics,crossref,sim-to-real robot control abstraction,10.1109/tfr.2026.3690128,https://doi.org/10.1109/tfr.2026.3690128,Luis F. W. Batista; Stphanie Aravecchia; Cdric Pradalier,,physical,0,2,1,0,contact geometry; domain shift,not explicit,distribution shift
doi:10.31224/6787,Synergistic Multi-Robot Knowledge Aggregation for Energy-Sustainable Embodied Autonomy,2026,,crossref,embodied intelligence physical reasoning robot,10.31224/6787,https://doi.org/10.31224/6787,Kaushal Thaker,"This paper explores the critical energy demands arising from the integration of artificial intelligence and robotics, forming embodied AI (EAI) systems. It presents an examination of current learning paradigms' energy footprints and introduces ""collective learning"" as a novel approach to significantly reduce the energy consumption associated with EAI skill acquisition. The discussion within this paper models the dynamics of skill knowledge transfer and compares various learning paradigms, highlighting how collective knowledge sharing across EAI agents minimizes energy expenditure and accelerates learning efficiency. The presented analysis emphasizes the potential of this paradigm shift for achieving more energy-sustainable and scalable robotic intelligence.",physical,0,2,0,1,domain shift; dynamics fidelity,not explicit,distribution shift
doi:10.55092/rl20260001,TLA: tactile-language-action model for contact-rich manipulation,2026,Robot Learning,crossref,tactile perception robot manipulation,10.55092/rl20260001,https://doi.org/10.55092/rl20260001,Peng Hao; Chaofan Zhang; Dingzhe Li; Xiaoge Cao; Xiaoshuai Hao; Shaowei Cui; Shuo Wang,,physical,0,3,0,0,contact geometry,not explicit,contact discontinuities
doi:10.1109/mcte67374.2025.11213533,A Hybrid Offline-Online Cooperative Approach to Efficient Trajectory Planning for Snake-Arm Robot,2025,2025 IEEE 8th International Conference on Mechatronics and Computer Technology Engineering (MCTE),crossref,offline robot learning planning control,10.1109/mcte67374.2025.11213533,https://doi.org/10.1109/mcte67374.2025.11213533,Hexiang Yuan; Juanjuan Zhang,,planning,0,0,3,0,control actionability,dataset support,long-horizon compounding error
doi:10.23919/ccc64809.2025.11179200,A Language Model-Based Framework for Task Planning and Execution in Real-World Service Robot,2025,2025 44th Chinese Control Conference (CCC),crossref,robot world model planning control manipulation,10.23919/ccc64809.2025.11179200,https://doi.org/10.23919/ccc64809.2025.11179200,Jiabo Zhong; Leyang Li; Feng Duan,,planning,0,0,2,1,control actionability,not explicit,long-horizon compounding error
doi:10.1109/tro.2025.3588455,Baseline Policy Adapting and Abstraction of Shared Autonomy for High-Level Robot Operations,2025,IEEE Transactions on Robotics,crossref,robot abstraction learning,10.1109/tro.2025.3588455,https://doi.org/10.1109/tro.2025.3588455,Ehsan Yousefi; Mo Chen; Inna Sharf,,abstraction,2,0,1,0,control actionability,variables discarded by abstraction,not explicit
doi:10.32743/unitech.2025.141.12.21592,CLOUD TECHNOLOGIES IN ROBOT MOTION PLANNING: CURRENT STATE,2025,Universum:Technical sciences,crossref,latent state robot policy planning,10.32743/unitech.2025.141.12.21592,https://doi.org/10.32743/unitech.2025.141.12.21592,Yusif Azer Mardanzada,,planning,1,0,2,0,control actionability,not explicit,long-horizon compounding error
doi:10.36227/techrxiv.176282235.53670251/v1,Embodied Intelligence System Level Hierarchy: Realizing Embodied Intelligence through Hierarchical Decoupling and Unified Protocols,2025,,crossref,embodied intelligence physical reasoning robot,10.36227/techrxiv.176282235.53670251/v1,https://doi.org/10.36227/techrxiv.176282235.53670251/v1,Hehe Fan; Fei Wu; Yi Yang,,physical,1,2,0,0,not explicit,task decomposition,not explicit
doi:10.1016/j.robot.2024.104840,Fractional-order sliding mode control of manipulator combined with disturbance and state observer,2025,Robotics and Autonomous Systems,crossref,state abstraction robotics control,10.1016/j.robot.2024.104840,https://doi.org/10.1016/j.robot.2024.104840,Jinghui Pan,,abstraction,1,1,1,0,contact geometry,not explicit,contact discontinuities
doi:10.3389/frobt.2025.1624695,Gdelian embodied self-referential genomic intelligence: lessons for AI and AGI from the genomic blockchain,2025,Frontiers in Robotics and AI,crossref,embodied intelligence physical reasoning robot,10.3389/frobt.2025.1624695,https://doi.org/10.3389/frobt.2025.1624695,Sheri Markose,"The security of code-based digital records is a major concern of the 21st century. AI and artificial general intelligence (AGI) can be hacked to pieces by digital adversaries, and some AI objectives can lead to existential threats. The former arises from sitting duck problems that all software systems are vulnerable to, and the latter include control and misalignment problems. Blockchain technology, circa 2009, can address these problems: hashing algorithms rely on a consensus mechanism in manmade software systems to keep early blocks of software immutable and tamper-proof from digital malware, while new blocks can be added only if consistently aligned with original blocks. There is evidence that the ancient precedent of the genomic blockchain, underpinning the unbroken chain of life, uses a self-referential rather than a consensus-based hashing algorithm. Knowledge of self-codes permits biotic elements to achieve a hack-free agenda by self-reporting that they have been ""negated,"" or hacked, exactly implementing the Gdel sentence from foundational mathematics of Gdel, Turing, and Post (G-T-P). This results in an arms race in open-ended novelty to secure the primacy of original self-codes. Selfhood and autonomy are staples of neuroscience on complex self-other social cognition and increasingly of autonomous AGI agents capable of end-to-end programmed self-assembly. My perspective is that self-referential G-T-P information processing, first found in the adaptive immune system of jawed fish 500 mya and more recently in mirror neuron systems of humans, has enabled code-based self-organized intelligent systems like life to survive over 3.7 billion years. Some lessons for AGI can be gleaned from this discussion.",physical,0,2,1,0,not explicit,not explicit,not explicit
doi:10.1109/icra55743.2025.11127425,Learning Active Tactile Perception Through Belief-Space Control,2025,2025 IEEE International Conference on Robotics and Automation (ICRA),crossref,active perception robotics world model,10.1109/icra55743.2025.11127425,https://doi.org/10.1109/icra55743.2025.11127425,Jean-Franois Tremblay; David Meger; Francois R. Hogan; Gregory Dudek,,physical,0,2,1,0,contact geometry,not explicit,not explicit
doi:10.1109/ccdc65474.2025.11090421,Multi-Terrain Walking Control of Blind Wheel-Legged Robot Based on Reinforcement Learning,2025,2025 37th Chinese Control and Decision Conference (CCDC),crossref,model-based reinforcement learning robot control,10.1109/ccdc65474.2025.11090421,https://doi.org/10.1109/ccdc65474.2025.11090421,Haoze Jiang; Xu Li; Zhihao Zhang,,physical,0,2,1,0,contact geometry,not explicit,not explicit
doi:10.1007/979-8-8688-0989-7_7,Reinforcement Learning and Control,2025,AI for Robotics,crossref,embodied intelligence physical reasoning robot,10.1007/979-8-8688-0989-7_7,https://doi.org/10.1007/979-8-8688-0989-7_7,Alishba Imran; Keerthana Gopalakrishnan,,physical,0,2,1,0,contact geometry,not explicit,not explicit
doi:10.1002/cjce.70302/v1/review2,"Review for ""A hidden Markov model and reinforcement learning-based strategy for fault-tolerant control""",2025,,crossref,model-based reinforcement learning robot control,10.1002/cjce.70302/v1/review2,https://doi.org/10.1002/cjce.70302/v1/review2,,,physical,0,2,1,0,contact geometry,not explicit,not explicit
doi:10.1002/cjce.70302/v1/review3,"Review for ""A hidden Markov model and reinforcement learning-based strategy for fault-tolerant control""",2025,,crossref,model-based reinforcement learning robot control,10.1002/cjce.70302/v1/review3,https://doi.org/10.1002/cjce.70302/v1/review3,,,physical,0,2,1,0,contact geometry,not explicit,not explicit
doi:10.1002/cjce.70302/v1/review1,"Review for ""A hidden Markov model and reinforcement learning-based strategy for fault-tolerant control""",2025,,crossref,model-based reinforcement learning robot control,10.1002/cjce.70302/v1/review1,https://doi.org/10.1002/cjce.70302/v1/review1,,,physical,0,2,1,0,contact geometry,not explicit,not explicit
doi:10.1109/ddcls66240.2025.11065755,Robot Path Planning in Crowd Environments via Dynamic Interaction Modeling and Deep Reinforcement Learning,2025,2025 IEEE 14th Data Driven Control and Learning Systems (DDCLS),crossref,offline robot learning planning control,10.1109/ddcls66240.2025.11065755,https://doi.org/10.1109/ddcls66240.2025.11065755,Yixiang Zhang; Shangtai Jin; Chenkun Yin,,planning,0,1,2,0,contact geometry; control actionability,not explicit,long-horizon compounding error
doi:10.36227/techrxiv.176231756.64573080/v1,Safe Reinforcement Learning for Human-Robot Shared Control,2025,,crossref,robot representation learning control,10.36227/techrxiv.176231756.64573080/v1,https://doi.org/10.36227/techrxiv.176231756.64573080/v1,Sneha Gupta; Sachin Gupta,,physical,0,2,1,0,contact geometry,not explicit,not explicit
doi:10.1109/hri61500.2025.10973918,Tactile-Based Dual-Arm Manipulation with Physical Human-Robot Interaction,2025,2025 20th ACM/IEEE International Conference on Human-Robot Interaction (HRI),crossref,tactile perception robot manipulation,10.1109/hri61500.2025.10973918,https://doi.org/10.1109/hri61500.2025.10973918,Wenlan Shen; Simon Armleder; Gordon Cheng,,physical,0,3,0,0,contact geometry,not explicit,contact discontinuities
doi:10.1109/lra.2025.3585396,TactileAloha: Learning Bimanual Manipulation With Tactile Sensing,2025,IEEE Robotics and Automation Letters,crossref,tactile perception robot manipulation,10.1109/lra.2025.3585396,https://doi.org/10.1109/lra.2025.3585396,Ningquan Gu; Kazuhiro Kosuge; Mitsuhiro Hayashibe,,physical,0,3,0,0,contact geometry,not explicit,contact discontinuities
doi:10.20517/ir.2025.44,Toward the next frontier of embodied AI,2025,Intelligence &amp; Robotics,crossref,embodied intelligence physical reasoning robot,10.20517/ir.2025.44,https://doi.org/10.20517/ir.2025.44,Rui Fan; Mingjian Sun; George Giakos,"Embodied artificial intelligence has emerged as a transformative paradigm, marking a fundamental shift in artificial intelligence research toward systems that tightly couple perception, cognition, and action within real-world environments. This editorial emphasizes the growing significance of embodied artificial intelligence, introduces the key contributions presented in this Special Issue, and provides an overview of the current challenges and prospective research directions shaping the future of the field.",physical,0,3,0,0,not explicit,not explicit,not explicit
doi:10.1109/tro.2025.3593087,"Vision-Based Proximity and Tactile Sensing for Robot Arms: Design, Perception, and Control",2025,IEEE Transactions on Robotics,crossref,tactile perception robot manipulation,10.1109/tro.2025.3593087,https://doi.org/10.1109/tro.2025.3593087,Quan Khanh Luu; Dinh Quang Nguyen; Nhan Huu Nguyen; Nam Phuong Dam; Van Anh Ho,,physical,0,2,1,0,contact geometry; perception quality,not explicit,not explicit
doi:10.1109/icra57147.2024.10611009,Adaptive Motion Scaling for Robot-Assisted Microsurgery Based on Hybrid Offline Reinforcement Learning and Damping Control,2024,2024 IEEE International Conference on Robotics and Automation (ICRA),crossref,offline robot learning planning control,10.1109/icra57147.2024.10611009,https://doi.org/10.1109/icra57147.2024.10611009,Peiyang Jiang; Wei Li; Yifan Li; Dandan Zhang,,physical,0,2,1,0,contact geometry,dataset support,not explicit
doi:10.36227/techrxiv.12893876.v2,An In-Memory Physics Environment as a World Model for Robot Motion Planning,2024,,crossref,robot world model planning control manipulation,10.36227/techrxiv.12893876.v2,https://doi.org/10.36227/techrxiv.12893876.v2,Navin Ipe,"Publication reference: https://doi.org/10.1007/978-981-16-1740-9_46 This paper investigates the utilization of a physics simulation environment as the imagination of a robot, where it creates a replica of the detected terrain in a physics simulation environment in its memory, and ""imagines"" a simulated version of itself in that memory, performing actions and navigation on the terrain. The physics of the environment simulates the movement of robot parts and its interaction with the objects in the environment and the terrain, thus avoiding the need for explicitly programming many calculations.",planning,0,0,2,1,control actionability; dynamics fidelity,not explicit,long-horizon compounding error
doi:10.1109/oecc54135.2024.10975493,An Offline Optical Path Planning Method Using Reinforcement Learning,2024,2024 IEEE Opto-Electronics and Communications Conference (OECC),crossref,offline robot learning planning control,10.1109/oecc54135.2024.10975493,https://doi.org/10.1109/oecc54135.2024.10975493,Takafumi Tanaka; Katsuaki Higashimori,,planning,0,1,2,0,contact geometry; control actionability,dataset support,long-horizon compounding error
doi:10.5220/0012268700003636,Conjugate Gradient for Latent Space Manipulation,2024,Proceedings of the 16th International Conference on Agents and Artificial Intelligence,crossref,robotic manipulation planning latent dynamics,10.5220/0012268700003636,https://doi.org/10.5220/0012268700003636,Walid Messaoud; Rim Trabelsi; Adnane Cabani; Fatma Abdelkefi,,abstraction,1,1,0,1,state variables; contact geometry,not explicit,contact discontinuities; aliasing / observability limits
doi:10.1109/romoco60539.2024.10604387,Deep Reinforcement Learning for Multi-Robot Local Path Planning in Dynamic Environments,2024,2024 13th International Workshop on Robot Motion and Control (RoMoCo),crossref,offline robot learning planning control,10.1109/romoco60539.2024.10604387,https://doi.org/10.1109/romoco60539.2024.10604387,Cong-Thanh Vu; Yen-Chen Liu,,planning,0,1,2,0,contact geometry; control actionability,not explicit,long-horizon compounding error
doi:10.5220/0012943600003822,EMG-Based Shared Control Framework for Human-Robot Co-Manipulation Tasks,2024,"Proceedings of the 21st International Conference on Informatics in Control, Automation and Robotics",crossref,robot world model planning control manipulation,10.5220/0012943600003822,https://doi.org/10.5220/0012943600003822,Francesca Patriarca; Paolo Di Lillo; Filippo Arrichiello,,physical,0,2,1,0,contact geometry,not explicit,contact discontinuities
doi:10.1109/lra.2024.3396665,FOTS: A Fast Optical Tactile Simulator for Sim2Real Learning of Tactile-Motor Robot Manipulation Skills,2024,IEEE Robotics and Automation Letters,crossref,tactile perception robot manipulation,10.1109/lra.2024.3396665,https://doi.org/10.1109/lra.2024.3396665,Yongqiang Zhao; Kun Qian; Boyi Duan; Shan Luo,,physical,0,3,0,0,contact geometry; domain shift,not explicit,contact discontinuities
doi:10.59350/m5s7m-3kd85,GR-2: A Generative Video-Language-Action Model for Robot Manipulation,2024,,crossref,robot world model planning control manipulation,10.59350/m5s7m-3kd85,https://doi.org/10.59350/m5s7m-3kd85,Wendi Fan,"Introduction GR-2 is a cutting-edge generative model designed for versatile and generalisable robot manipulation, developed by the Robotics Research Team at ByteDance Research. It represents a significant step forward in robotics, enabling robots to execute a wide range of manipulation tasks in various environments.",physical,0,3,0,0,contact geometry,not explicit,contact discontinuities
doi:10.59350/18ct2-xbf48,GR-2: A Generative Video-Language-Action Model for Robot Manipulation,2024,,crossref,robot world model planning control manipulation,10.59350/18ct2-xbf48,https://doi.org/10.59350/18ct2-xbf48,Wendi Fan,"Introduction GR-2 is a cutting-edge generative model designed for versatile and generalisable robot manipulation, developed by the Robotics Research Team at ByteDance Research. It represents a significant step forward in robotics, enabling robots to execute a wide range of manipulation tasks in various environments.",physical,0,3,0,0,contact geometry,not explicit,contact discontinuities
doi:10.15607/rss.2024.xx.039,Homotopic Path Set Planning for Robot Manipulation and Navigation,2024,Robotics: Science and Systems XX,crossref,robot world model planning control manipulation,10.15607/rss.2024.xx.039,https://doi.org/10.15607/rss.2024.xx.039,Jing Huang,,planning,0,1,2,0,contact geometry; control actionability,not explicit,contact discontinuities; long-horizon compounding error
doi:10.1109/ro-man60168.2024.10731325,Human Planning of Robot Actions through LLM-guided State Machine Synthesis,2024,2024 33rd IEEE International Conference on Robot and Human Interactive Communication (ROMAN),crossref,latent state robot policy planning,10.1109/ro-man60168.2024.10731325,https://doi.org/10.1109/ro-man60168.2024.10731325,Brennan Swick; Sean Donegan; Andrew Gillman; Michael Groeber,,planning,1,0,2,0,control actionability,not explicit,long-horizon compounding error
doi:10.1109/romoco60539.2024.10604413,Human-Aware Robot Trajectory Planning with Hybrid Candidate Generation: Leveraging a Pedestrian Motion Model for Diverse Trajectories,2024,2024 13th International Workshop on Robot Motion and Control (RoMoCo),crossref,robot world model planning control manipulation,10.1109/romoco60539.2024.10604413,https://doi.org/10.1109/romoco60539.2024.10604413,Jarosaw Karwowski; Wojciech Szynkiewicz,,planning,0,0,3,0,control actionability,not explicit,long-horizon compounding error
doi:10.2139/ssrn.4773667,Iorl: Inductive-Offline-Reinforcement-Learning for Traffic Signal Control Warmstarting,2024,,crossref,offline robot learning planning control,10.2139/ssrn.4773667,https://doi.org/10.2139/ssrn.4773667,Franois-Xavier Devailly; Denis Larocque; Laurent Charlin,,physical,0,2,1,0,contact geometry,dataset support,not explicit
doi:10.23919/ecc64448.2024.10590895,Learning to Control Autonomous Fleets from Observation via Offline Reinforcement Learning,2024,2024 European Control Conference (ECC),crossref,offline robot learning planning control,10.23919/ecc64448.2024.10590895,https://doi.org/10.23919/ecc64448.2024.10590895,Carolin Schmidt; Daniele Gammelli; Francisco Camara Pereira; Filipe Rodrigues,,physical,0,2,1,0,contact geometry,dataset support,not explicit
doi:10.1109/imcec59810.2024.10575806,Multi Robot Path Planning based on Reinforcement Learning,2024,"2024 IEEE 6th Advanced Information Management, Communicates, Electronic and Automation Control Conference (IMCEC)",crossref,offline robot learning planning control,10.1109/imcec59810.2024.10575806,https://doi.org/10.1109/imcec59810.2024.10575806,Xi Liu; Zhonghua Wang; Shun Liu,,planning,0,1,2,0,contact geometry; control actionability,not explicit,long-horizon compounding error
doi:10.1109/ccta60707.2024.10666606,Online Continual Safe Reinforcement Learning-based Optimal Control of Mobile Robot Formations,2024,2024 IEEE Conference on Control Technology and Applications (CCTA),crossref,model-based reinforcement learning robot control,10.1109/ccta60707.2024.10666606,https://doi.org/10.1109/ccta60707.2024.10666606,Irfan Ganie; S. Jagannathan,,physical,0,2,1,0,contact geometry,not explicit,not explicit
doi:10.23919/ccc63176.2024.10662697,Research on Mobile Robot Path Planning Based on Improved Distributional Reinforcement Learning,2024,2024 43rd Chinese Control Conference (CCC),crossref,offline robot learning planning control,10.23919/ccc63176.2024.10662697,https://doi.org/10.23919/ccc63176.2024.10662697,Jiaqi Yuan; Ming Lv; Jie Zhang,,planning,0,1,2,0,contact geometry; control actionability,not explicit,long-horizon compounding error
doi:10.1038/s41598-024-78764-x,Tactile-GAT: tactile graph attention networks for robot tactile perception classification,2024,Scientific Reports,crossref,tactile perception robot manipulation,10.1038/s41598-024-78764-x,https://doi.org/10.1038/s41598-024-78764-x,Lun Chen; Yingzhao Zhu; Man Li,,physical,0,3,0,0,contact geometry,not explicit,not explicit
doi:10.1109/icarm58088.2023.10218923,Dynamic Control of a Cable-Driven Parallel Robot Allowing Wrapping Phenomenon through Sim-to-Real Deep Reinforcement Learning,2023,2023 International Conference on Advanced Robotics and Mechatronics (ICARM),crossref,sim-to-real robot control abstraction,10.1109/icarm58088.2023.10218923,https://doi.org/10.1109/icarm58088.2023.10218923,Haoda Zhu; Kaihong Ouyang; Hao Xiong; Wenjie Lu,,physical,0,2,1,0,contact geometry; domain shift,not explicit,distribution shift
doi:10.2139/ssrn.4385976,Iorl: Inductive-Offline-Reinforcement-Learning for Traffic Signal Control Warmstarting,2023,,crossref,offline robot learning planning control,10.2139/ssrn.4385976,https://doi.org/10.2139/ssrn.4385976,Franois-Xavier Devailly; Denis Larocque; Laurent Charlin,,physical,0,2,1,0,contact geometry,dataset support,not explicit
doi:10.1109/lra.2023.3308061,LEAGUE: Guided Skill Learning and Abstraction for Long-Horizon Manipulation,2023,IEEE Robotics and Automation Letters,crossref,robot abstraction learning,10.1109/lra.2023.3308061,https://doi.org/10.1109/lra.2023.3308061,Shuo Cheng; Danfei Xu,,abstraction,2,1,0,0,contact geometry,variables discarded by abstraction,contact discontinuities
doi:10.1109/icm54990.2023.10101921,Local Path Planning with Turnabouts for Mobile Robot by Deep Deterministic Policy Gradient,2023,2023 IEEE International Conference on Mechatronics (ICM),crossref,latent state robot policy planning,10.1109/icm54990.2023.10101921,https://doi.org/10.1109/icm54990.2023.10101921,Tomoaki Nakamura; Masato Kobayashi; Naoki Motoi,,planning,0,0,3,0,control actionability,not explicit,long-horizon compounding error
doi:10.5220/0012235700003543,Offline Feature-Based Reinforcement Learning with Preprocessed Image Inputs for Liquid Pouring Control,2023,"Proceedings of the 20th International Conference on Informatics in Control, Automation and Robotics",crossref,offline robot learning planning control,10.5220/0012235700003543,https://doi.org/10.5220/0012235700003543,Stephan Pareigis; Jesus Hermosilla-Diaz; Jeeangh Reyes-Montiel; Fynn Maa; Helen Haase; Maximilian Mang; Antonio Marin-Hernandez,,physical,0,2,1,0,contact geometry; perception quality,dataset support,not explicit
doi:10.1109/tro.2022.3188168,POMDP Planning Under Object Composition Uncertainty: Application to Robotic Manipulation,2023,IEEE Transactions on Robotics,crossref,robotic manipulation planning latent dynamics,10.1109/tro.2022.3188168,https://doi.org/10.1109/tro.2022.3188168,Joni Pajarinen; Jens Lundell; Ville Kyrki,,planning,0,1,2,0,contact geometry; control actionability,not explicit,contact discontinuities; long-horizon compounding error
doi:10.2307/jj.8306115.11,"Planning, Public Ownership, and State Development",2023,The Power Policy of Maine,crossref,latent state robot policy planning,10.2307/jj.8306115.11,https://doi.org/10.2307/jj.8306115.11,,,planning,1,0,2,0,control actionability,not explicit,long-horizon compounding error
doi:10.1109/icara56516.2023.10125726,Toward Computationally Efficient Path Generation and Push Planning for Robotic Nonprehensile Manipulation,2023,"2023 9th International Conference on Automation, Robotics and Applications (ICARA)",crossref,robotic manipulation planning latent dynamics,10.1109/icara56516.2023.10125726,https://doi.org/10.1109/icara56516.2023.10125726,Armagan Elibol; Nak Young Chong,,planning,0,1,2,0,contact geometry; control actionability,not explicit,contact discontinuities; long-horizon compounding error
doi:10.23919/acc53348.2022.9867835,A Reinforcement Learning-based Adaptive Time-Delay Control and Its Application to Robot Manipulators,2022,2022 American Control Conference (ACC),crossref,model-based reinforcement learning robot control,10.23919/acc53348.2022.9867835,https://doi.org/10.23919/acc53348.2022.9867835,Seungmin Baek; Jongchan Baek; Jinsuk Choi; Soohee Han,,physical,0,2,1,0,contact geometry,not explicit,contact discontinuities
doi:10.5220/0010795700003116,LSTM-based Abstraction of Hetero Observation and Transition in Non-Communicative Multi-Agent Reinforcement Learning,2022,Proceedings of the 14th International Conference on Agents and Artificial Intelligence,crossref,robot abstraction learning,10.5220/0010795700003116,https://doi.org/10.5220/0010795700003116,Fumito Uwano,,abstraction,2,1,0,0,contact geometry,variables discarded by abstraction,not explicit
doi:10.1109/iscas48785.2022.9937572,Multi-Robot Formation Control using Collective Behavior Model and Reinforcement Learning,2022,2022 IEEE International Symposium on Circuits and Systems (ISCAS),crossref,model-based reinforcement learning robot control,10.1109/iscas48785.2022.9937572,https://doi.org/10.1109/iscas48785.2022.9937572,Jung-Chun Liu; Tsung-Te Liu,,physical,0,2,1,0,contact geometry,not explicit,not explicit
doi:10.1016/b978-0-32-390445-2.00022-2,Neural network-enhanced optimal motion planning for robot manipulation under remote center of motion,2022,"Tactile Sensing, Skill Learning, and Robotic Dexterous Manipulation",crossref,robot world model planning control manipulation,10.1016/b978-0-32-390445-2.00022-2,https://doi.org/10.1016/b978-0-32-390445-2.00022-2,Hang Su; Chenguang Yang,,planning,0,1,2,0,contact geometry; control actionability,not explicit,contact discontinuities; long-horizon compounding error
doi:10.11159/cdsr22.117,Nonlinear State Estimation and Control of an Organic Rankine Cycle,2022,"International Conference of Control, Dynamic Systems, and Robotics Proceedings of the 9th International Conference  of Control, Dynamic Systems, and Robotics (CDSR'22)",crossref,state abstraction robotics control,10.11159/cdsr22.117,https://doi.org/10.11159/cdsr22.117,Daniel Sieben; Jeff Pieper,,abstraction,1,1,1,0,not explicit,not explicit,not explicit
doi:10.1109/aict55583.2022.10013595,Reinforcement Learning Based Robot Control,2022,2022 IEEE 16th International Conference on Application of Information and Communication Technologies (AICT),crossref,model-based reinforcement learning robot control,10.1109/aict55583.2022.10013595,https://doi.org/10.1109/aict55583.2022.10013595,Ziyaddin Guliyev; Ali Parsayan,,physical,0,2,1,0,contact geometry,not explicit,not explicit
doi:10.1109/indicon56171.2022.10039800,Reinforcement Learning based Control of a Quadruped Robot,2022,2022 IEEE 19th India Council International Conference (INDICON),crossref,model-based reinforcement learning robot control,10.1109/indicon56171.2022.10039800,https://doi.org/10.1109/indicon56171.2022.10039800,Ancy A; V R Jisha,,physical,0,2,1,0,contact geometry,not explicit,not explicit
doi:10.59121/kjmlar2209330005,Reinforcement Learning for Optimal Robot Control in Complex Environments,2022,Korea Journal on Machine Learning and Applications in Robotics,crossref,robot representation learning control,10.59121/kjmlar2209330005,https://doi.org/10.59121/kjmlar2209330005,,,physical,0,2,1,0,contact geometry,not explicit,not explicit
doi:10.1109/iscsic57216.2022.00054,Research on Robot Intelligent Control Method Based on Deep Reinforcement Learning,2022,2022 6th International Symposium on Computer Science and Intelligent Control (ISCSIC),crossref,model-based reinforcement learning robot control,10.1109/iscsic57216.2022.00054,https://doi.org/10.1109/iscsic57216.2022.00054,Shu Rao,,physical,0,2,1,0,contact geometry,not explicit,not explicit
doi:10.1109/ccdc55256.2022.10034095,Robot Path Planning Based on Deep Reinforcement Learning,2022,2022 34th Chinese Control and Decision Conference (CCDC),crossref,offline robot learning planning control,10.1109/ccdc55256.2022.10034095,https://doi.org/10.1109/ccdc55256.2022.10034095,Rui Zhang; Yuhao Jiang; Wu Fenghua,,planning,0,1,2,0,contact geometry; control actionability,not explicit,long-horizon compounding error
doi:10.1109/robio55434.2022.10011921,Sim-to-real: Quadruped Robot Control with Deep Reinforcement Learning and Parallel Training,2022,2022 IEEE International Conference on Robotics and Biomimetics (ROBIO),crossref,sim-to-real robot control abstraction,10.1109/robio55434.2022.10011921,https://doi.org/10.1109/robio55434.2022.10011921,Han Jiang; Teng Chen; Jingxuan Cao; Jian Bi; Guanglin Lu; Guoteng Zhang; Xuewen Rong; Yibin Li,,physical,0,2,1,0,contact geometry; domain shift,not explicit,distribution shift
doi:10.1109/iccr55715.2022.10053875,Smooth Path Planning of 6-DOF Robot Based on Reinforcement Learning,2022,2022 4th International Conference on Control and Robotics (ICCR),crossref,offline robot learning planning control,10.1109/iccr55715.2022.10053875,https://doi.org/10.1109/iccr55715.2022.10053875,Jiawei Tian; Dazi Li,,planning,0,1,2,0,contact geometry; control actionability,not explicit,long-horizon compounding error
doi:10.1109/lra.2021.3061372,A Coach-Based Bayesian Reinforcement Learning Method for Snake Robot Control,2021,IEEE Robotics and Automation Letters,crossref,model-based reinforcement learning robot control,10.1109/lra.2021.3061372,https://doi.org/10.1109/lra.2021.3061372,Yuanyuan Jia; Shugen Ma,,physical,0,2,1,0,contact geometry,not explicit,not explicit
doi:10.1109/iccar52225.2021.9463493,DDPG with Meta-Learning-Based Experience Replay Separation for Robot Trajectory Planning,2021,"2021 7th International Conference on Control, Automation and Robotics (ICCAR)",crossref,offline robot learning planning control,10.1109/iccar52225.2021.9463493,https://doi.org/10.1109/iccar52225.2021.9463493,Jin Yang; Gang Peng,,planning,0,0,3,0,control actionability,not explicit,long-horizon compounding error
doi:10.7554/elife.68943.sa1,Decision letter: Value signals guide abstraction during learning,2021,,crossref,robot abstraction learning,10.7554/elife.68943.sa1,https://doi.org/10.7554/elife.68943.sa1,,,abstraction,2,0,1,0,not explicit,variables discarded by abstraction,not explicit
doi:10.1109/med51440.2021.9480176,Distributed safe reinforcement learning for multi-robot motion planning,2021,2021 29th Mediterranean Conference on Control and Automation (MED),crossref,offline robot learning planning control,10.1109/med51440.2021.9480176,https://doi.org/10.1109/med51440.2021.9480176,Yang Lu; Yaohua Guo; Guoxiang Zhao; Minghui Zhu,,planning,0,1,2,0,contact geometry; control actionability,not explicit,long-horizon compounding error
doi:10.1109/icra48506.2021.9560799,Environment Reconfiguration Planning for Autonomous Robotic Manipulation to overcome Mobility Constraints,2021,2021 IEEE International Conference on Robotics and Automation (ICRA),crossref,robotic manipulation planning latent dynamics,10.1109/icra48506.2021.9560799,https://doi.org/10.1109/icra48506.2021.9560799,Prateek Arora; Christos Papachristos,,planning,0,1,2,0,contact geometry; control actionability,not explicit,contact discontinuities; long-horizon compounding error
doi:10.1002/9781119782773,HumanRobot Interaction Control Using Reinforcement Learning,2021,,crossref,robot representation learning control,10.1002/9781119782773,https://doi.org/10.1002/9781119782773,Wen Yu; Adolfo Perrusqua,,physical,0,2,1,0,contact geometry,not explicit,not explicit
doi:10.1007/978-3-030-63904-4_1,Language Policy and Planning Research,2021,Language Policy Language Policy in Ethiopia,crossref,latent state robot policy planning,10.1007/978-3-030-63904-4_1,https://doi.org/10.1007/978-3-030-63904-4_1,Mekonnen Alemu Gebre Yohannes,,planning,0,0,3,0,control actionability,not explicit,long-horizon compounding error
doi:10.1126/scirobotics.abd8803,"Modeling, learning, perception, and control methods for deformable object manipulation",2021,Science Robotics,crossref,tactile perception robot manipulation,10.1126/scirobotics.abd8803,https://doi.org/10.1126/scirobotics.abd8803,Hang Yin; Anastasia Varava; Danica Kragic,Enabling robots to handle deformable objects requires careful integration of data-driven and analytic approaches.,physical,0,2,1,0,contact geometry,not explicit,contact discontinuities
doi:10.23919/ccc52363.2021.9549723,Operational Safe Control for Reinforcement-Learning-Based Robot Autonomy,2021,2021 40th Chinese Control Conference (CCC),crossref,robot representation learning control,10.23919/ccc52363.2021.9549723,https://doi.org/10.23919/ccc52363.2021.9549723,Xu Zhou,,physical,0,2,1,0,contact geometry,not explicit,not explicit
doi:10.1109/iros51168.2021.9636782,Planning Robotic Manipulation with Tight Environment Constraints,2021,2021 IEEE/RSJ International Conference on Intelligent Robots and Systems (IROS),crossref,robotic manipulation planning latent dynamics,10.1109/iros51168.2021.9636782,https://doi.org/10.1109/iros51168.2021.9636782,George Jose Pollayil; Giorgio Grioli; M. Bonilla; Antonio Bicchi,,planning,0,1,2,0,contact geometry; control actionability,not explicit,contact discontinuities; long-horizon compounding error
doi:10.1002/9781119782773.ch9,Redundant Robots Control Using MultiAgent Reinforcement Learning,2021,HumanRobot Interaction Control Using Reinforcement Learning,crossref,robot representation learning control,10.1002/9781119782773.ch9,https://doi.org/10.1002/9781119782773.ch9,,,physical,0,2,1,0,contact geometry,not explicit,not explicit
doi:10.1002/9781119782773.app2,Reinforcement Learning for Control,2021,HumanRobot Interaction Control Using Reinforcement Learning,crossref,robot representation learning control,10.1002/9781119782773.app2,https://doi.org/10.1002/9781119782773.app2,,,physical,0,2,1,0,contact geometry,not explicit,not explicit
doi:10.1002/9781119782773.ch10,Robot 2 Neural Control Using Reinforcement Learning,2021,HumanRobot Interaction Control Using Reinforcement Learning,crossref,robot abstraction learning,10.1002/9781119782773.ch10,https://doi.org/10.1002/9781119782773.ch10,,,physical,0,2,1,0,contact geometry,not explicit,not explicit
doi:10.1002/9781119782773.ch8,Robot Control in WorstCase Uncertainty Using Reinforcement Learning,2021,HumanRobot Interaction Control Using Reinforcement Learning,crossref,robot representation learning control,10.1002/9781119782773.ch8,https://doi.org/10.1002/9781119782773.ch8,,,physical,0,2,1,0,contact geometry,not explicit,not explicit
doi:10.1109/lcsys.2020.3002852,Self-Configuring Robot Path Planning With Obstacle Avoidance via Deep Reinforcement Learning,2021,IEEE Control Systems Letters,crossref,offline robot learning planning control,10.1109/lcsys.2020.3002852,https://doi.org/10.1109/lcsys.2020.3002852,Bianca Sangiovanni; Gian Paolo Incremona; Marco Piastra; Antonella Ferrara,,planning,0,1,2,0,contact geometry; control actionability,not explicit,long-horizon compounding error
doi:10.11159/cdsr20.118,Adaptive State Tracking Control with Actuator Nonlinearities and Failures,2020,"International Conference of Control, Dynamic Systems, and Robotics Proceedings of the 7th International Conference  of Control, Dynamic Systems, and Robotics (CDSR'20)",crossref,state abstraction robotics control,10.11159/cdsr20.118,https://doi.org/10.11159/cdsr20.118,Liyan Wen; Gang Tao,,abstraction,1,1,1,0,not explicit,not explicit,not explicit
doi:10.36227/techrxiv.12893876.v1,An In-Memory Physics Environment as a World Model for Robot Motion Planning,2020,,crossref,robot world model planning control manipulation,10.36227/techrxiv.12893876.v1,https://doi.org/10.36227/techrxiv.12893876.v1,Navin Ipe,"This paper investigates the utilization of a physics simulation environment as the imagination of a robot, where it creates a replica of the detected terrain in a physics simulation environment in its memory, and ""imagines"" a simulated version of itself in that memory, performing actions and navigation on the terrain. The physics of the environment simulates the movement of robot parts and its interaction with the objects in the environment and the terrain, thus avoiding the need for explicitly programming many calculations.",planning,0,0,2,1,control actionability; dynamics fidelity,not explicit,long-horizon compounding error
doi:10.36227/techrxiv.12893876,An In-Memory Physics Environment as a World Model for Robot Motion Planning,2020,,crossref,robot world model planning control manipulation,10.36227/techrxiv.12893876,https://doi.org/10.36227/techrxiv.12893876,Navin Ipe,"This paper investigates the utilization of a physics simulation environment as the imagination of a robot, where it creates a replica of the detected terrain in a physics simulation environment in its memory, and ""imagines"" a simulated version of itself in that memory, performing actions and navigation on the terrain. The physics of the environment simulates the movement of robot parts and its interaction with the objects in the environment and the terrain, thus avoiding the need for explicitly programming many calculations.",planning,0,0,2,1,control actionability; dynamics fidelity,not explicit,long-horizon compounding error
doi:10.31224/osf.io/qyvdg,An In-Memory Physics Environment as a World Model for Robot Motion Planning,2020,,crossref,robot world model planning control manipulation,10.31224/osf.io/qyvdg,https://doi.org/10.31224/osf.io/qyvdg,Navin K Ipe,"This paper investigates the possibility of utilizing a physics simulation environment as the imagination of a robot, where it creates a replica of the detected terrain in a physics simulation environment in its memory, and ""imagines"" a simulated version of itself in that memory, performing actions and navigation on the terrain. The physics of the environment simulates the movement of robot parts and its interaction with the objects in the environment and the terrain, thus avoiding the need for explicitly programming many calculations. The robot chooses the best possible action from multiple simulations of movement, and executes it in the real world. Moreover, as the complexity of motion increases with each degree of freedom of the robot's joints, this paper also explores the utility of uniform pseudo-randomness to explore the fitness landscape of robot motility, and compares it with Computational Intelligence algorithms. Such techniques could potentially simplify the algorithmic complexity of programming multi-jointed robots, and also be capable of dynamically adjusting the ""mental"" simulation of the robot when it encounters environments with different gravity, viscosity or traction, merely by adjusting parameters of the simulated environment.",planning,0,0,2,1,control actionability; dynamics fidelity,not explicit,long-horizon compounding error
doi:10.1109/iros45743.2020.9340709,Contextual Policy Search for Micro-Data Robot Motion Learning through Covariate Gaussian Process Latent Variable Models,2020,2020 IEEE/RSJ International Conference on Intelligent Robots and Systems (IROS),crossref,latent state robot policy planning,10.1109/iros45743.2020.9340709,https://doi.org/10.1109/iros45743.2020.9340709,Juan Antonio Delgado-Guerrero; Adria Colome; Carme Torras,,abstraction,1,0,1,1,state variables; control actionability,not explicit,aliasing / observability limits
doi:10.1080/1523908x.2020.1719051,Environmental policy implementation during the economic crisis: an analysis of European member state leader-laggard' dynamics,2020,Journal of Environmental Policy &amp; Planning,crossref,latent state robot policy planning,10.1080/1523908x.2020.1719051,https://doi.org/10.1080/1523908x.2020.1719051,Michail Melidis; Duncan J. Russel,,abstraction,1,0,1,1,control actionability; dynamics fidelity,not explicit,not explicit
doi:10.1109/whc.2019.8816131,Effects of Force-Torque and Tactile Haptic Modalities on Classifying the Success of Robot Manipulation Tasks,2019,2019 IEEE World Haptics Conference (WHC),crossref,tactile perception robot manipulation,10.1109/whc.2019.8816131,https://doi.org/10.1109/whc.2019.8816131,Yukyu Chan; Hungchen Yu; Rebecca P. Khurshid,,physical,0,3,0,0,contact geometry,not explicit,contact discontinuities
doi:10.15607/rss.2019.xv.074,Learning Robotic Manipulation through Visual Planning and Acting,2019,Robotics: Science and Systems XV,crossref,robotic manipulation planning latent dynamics,10.15607/rss.2019.xv.074,https://doi.org/10.15607/rss.2019.xv.074,Angelina Wang; Thanard Kurutach; Kara Liu; Pieter Abbeel; Aviv Tamar,,planning,0,1,2,0,contact geometry; control actionability,not explicit,contact discontinuities; long-horizon compounding error
doi:10.4324/9780429022647-3,Mapping national planning policy since 1990,2019,"Gender, Development, and the State in India",crossref,latent state robot policy planning,10.4324/9780429022647-3,https://doi.org/10.4324/9780429022647-3,Carole Spary,,planning,0,0,3,0,control actionability,not explicit,long-horizon compounding error
doi:10.11159/cdsr19.107,Plasma State Control of Reactive Sputter Processes,2019,"International Conference of Control, Dynamic Systems, and Robotics Proceedings of the 5th International Conference  of Control, Dynamic Systems, and Robotics (CDSR'19)",crossref,state abstraction robotics control,10.11159/cdsr19.107,https://doi.org/10.11159/cdsr19.107,Christian Woelfel; Moritz Oberberg; Peter Awakowicz; Jan Lunze,,abstraction,1,1,1,0,not explicit,not explicit,not explicit
doi:10.1109/cyber46603.2019.9066720,Sim-to-Real: Designing Locomotion Controller for Six-Legged Robot,2019,"2019 IEEE 9th Annual International Conference on CYBER Technology in Automation, Control, and Intelligent Systems (CYBER)",crossref,sim-to-real robot control abstraction,10.1109/cyber46603.2019.9066720,https://doi.org/10.1109/cyber46603.2019.9066720,Chenyu Yang; Yue Gao; Changda Tian; QingShan Yao,,planning,0,1,2,0,control actionability; domain shift,not explicit,distribution shift
doi:10.1109/icrae48301.2019.9043822,Sim-to-real: Six-legged Robot Control with Deep Reinforcement Learning and Curriculum Learning,2019,2019 4th International Conference on Robotics and Automation Engineering (ICRAE),crossref,sim-to-real robot control abstraction,10.1109/icrae48301.2019.9043822,https://doi.org/10.1109/icrae48301.2019.9043822,Bangyu Qin; Yue Gao; Yi Bai,,physical,0,2,1,0,contact geometry; domain shift,not explicit,distribution shift
doi:10.1109/icoias.2019.00034,Tracking Control for Mobile Robot Based on Deep Reinforcement Learning,2019,2019 2nd International Conference on Intelligent Autonomous Systems (ICoIAS),crossref,model-based reinforcement learning robot control,10.1109/icoias.2019.00034,https://doi.org/10.1109/icoias.2019.00034,Shansi Zhang; Weiming Wang,,physical,0,2,1,0,contact geometry,not explicit,not explicit
doi:10.1109/wcica.2018.8630603,A Robust Framework for Cell Orientation Control by Using a Robot-Aided Optical Tweezers Manipulation System,2018,2018 13th World Congress on Intelligent Control and Automation (WCICA),crossref,robot world model planning control manipulation,10.1109/wcica.2018.8630603,https://doi.org/10.1109/wcica.2018.8630603,Mingyang Xie; Zhijie Huan; Weicheng Ma; Hao Yang; Xiangpeng Li,,physical,0,2,1,0,contact geometry,not explicit,contact discontinuities
doi:10.7554/elife.32548.025,Author response: Offline replay supports planning in human reinforcement learning,2018,,crossref,offline robot learning planning control,10.7554/elife.32548.025,https://doi.org/10.7554/elife.32548.025,Ida Momennejad; A Ross Otto; Nathaniel D Daw; Kenneth A Norman,,planning,0,1,2,0,contact geometry; control actionability,dataset support,long-horizon compounding error
doi:10.1016/b978-0-12-813385-9.00004-2,Intuitive Control in Robotic Manipulation,2018,Human Inspired Dexterity in Robotic Manipulation,crossref,robotic manipulation planning latent dynamics,10.1016/b978-0-12-813385-9.00004-2,https://doi.org/10.1016/b978-0-12-813385-9.00004-2,Jumpei Arata,,physical,0,2,1,0,contact geometry,not explicit,contact discontinuities
doi:10.1109/icra.2018.8460766,Multimodal Probabilistic Model-Based Planning for Human-Robot Interaction,2018,2018 IEEE International Conference on Robotics and Automation (ICRA),crossref,multimodal robot world model,10.1109/icra.2018.8460766,https://doi.org/10.1109/icra.2018.8460766,Edward Schmerling; Karen Leung; Wolf Vollprecht; Marco Pavone,,planning,0,0,2,1,control actionability,not explicit,long-horizon compounding error
doi:10.1016/b978-0-12-813385-9.00010-8,Planning Dexterous Dual-Arm Manipulation,2018,Human Inspired Dexterity in Robotic Manipulation,crossref,robotic manipulation planning latent dynamics,10.1016/b978-0-12-813385-9.00010-8,https://doi.org/10.1016/b978-0-12-813385-9.00010-8,Kensuke Harada,,planning,0,1,2,0,contact geometry; control actionability,not explicit,contact discontinuities; long-horizon compounding error
doi:10.1007/978-3-030-04858-7_5,Planning Everyday Manipulation Tasks,2018,Springer Tracts in Advanced Robotics Cognitive Reasoning for Compliant Robot Manipulation,crossref,robot world model planning control manipulation,10.1007/978-3-030-04858-7_5,https://doi.org/10.1007/978-3-030-04858-7_5,Daniel Sebastian Leidner,,planning,0,1,2,0,contact geometry; control actionability,not explicit,contact discontinuities; long-horizon compounding error
doi:10.1145/3173386.3176993,Representation of Embodied Collaborative Behaviors in Cyber-Physical Human-Robot Interaction with Immersive User Interfaces,2018,Companion of the 2018 ACM/IEEE International Conference on Human-Robot Interaction,crossref,embodied intelligence physical reasoning robot,10.1145/3173386.3176993,https://doi.org/10.1145/3173386.3176993,Jeffrey Too Chuan Tan; Yoshiaki Mizuchi; Yoshinobu Hagiwara; Tetsunari Inamura,,physical,1,2,0,0,state variables,not explicit,aliasing / observability limits
doi:10.1109/cyber.2018.8688163,Robot Tactile Sensing: Vision Based Tactile Sensor for Force Perception,2018,"2018 IEEE 8th Annual International Conference on CYBER Technology in Automation, Control, and Intelligent Systems (CYBER)",crossref,tactile perception robot manipulation,10.1109/cyber.2018.8688163,https://doi.org/10.1109/cyber.2018.8688163,Tao Zhang; Yang Cong; Xiaomao Li; Yan Peng,,physical,0,3,0,0,contact geometry; perception quality,not explicit,not explicit
doi:10.5220/0006831800610070,Shared Admittance Control for Human-Robot Co-manipulation based on Operator Intention Estimation,2018,"Proceedings of the 15th International Conference on Informatics in Control, Automation and Robotics",crossref,robot world model planning control manipulation,10.5220/0006831800610070,https://doi.org/10.5220/0006831800610070,Jonathan Cacace; Alberto Finzi; Vincenzo Lippiello,,physical,0,2,1,0,contact geometry,not explicit,contact discontinuities
doi:10.5220/0006831800710080,Shared Admittance Control for Human-Robot Co-manipulation based on Operator Intention Estimation,2018,"Proceedings of the 15th International Conference on Informatics in Control, Automation and Robotics",crossref,robot world model planning control manipulation,10.5220/0006831800710080,https://doi.org/10.5220/0006831800710080,Jonathan Cacace; Alberto Finzi; Vincenzo Lippiello,,physical,0,2,1,0,contact geometry,not explicit,contact discontinuities
doi:10.1016/j.learninstruc.2017.03.002,Bilingualism and symbolic abstraction: Implications for algebra learning,2017,Learning and Instruction,crossref,robot abstraction learning,10.1016/j.learninstruc.2017.03.002,https://doi.org/10.1016/j.learninstruc.2017.03.002,Marta K. Mielicki; Natalie A. Kacinik; Jennifer Wiley,,abstraction,3,0,0,0,state variables,variables discarded by abstraction,not explicit
doi:10.1201/9781315136370-6,Hand Dynamics and Control,2017,A Mathematical Introduction to Robotic Manipulation,crossref,robotic manipulation planning latent dynamics,10.1201/9781315136370-6,https://doi.org/10.1201/9781315136370-6,Richard M. Murray; Zexiang Li; S. Shankar Sastry,,physical,0,1,1,1,dynamics fidelity,not explicit,not explicit
doi:10.1109/ecmr.2017.8098716,Motion planning for long reach manipulation in aerial robotic systems with two arms,2017,2017 European Conference on Mobile Robots (ECMR),crossref,robotic manipulation planning latent dynamics,10.1109/ecmr.2017.8098716,https://doi.org/10.1109/ecmr.2017.8098716,A. Caballero; M. Bejar; A. Rodriguez-Castano; A. Ollero,,planning,0,1,2,0,contact geometry; control actionability,not explicit,contact discontinuities; long-horizon compounding error
doi:10.1201/9781315136370-4,Robot Dynamics and Control,2017,A Mathematical Introduction to Robotic Manipulation,crossref,robotic manipulation planning latent dynamics,10.1201/9781315136370-4,https://doi.org/10.1201/9781315136370-4,Richard M. Murray; Zexiang Li; S. Shankar Sastry,,physical,0,1,1,1,dynamics fidelity,not explicit,not explicit
doi:10.5040/9781350219571.ch-001,The state and state policy: a theoretical perspective,2017,Development Planning in South Africa,crossref,latent state robot policy planning,10.5040/9781350219571.ch-001,https://doi.org/10.5040/9781350219571.ch-001,,,abstraction,2,0,1,0,control actionability,not explicit,not explicit
doi:10.5220/0005959704260432,A Reduced Order Steering State Observer for Automated Steering Control Functions,2016,"Proceedings of the 13th International Conference on Informatics in Control, Automation and Robotics",crossref,state abstraction robotics control,10.5220/0005959704260432,https://doi.org/10.5220/0005959704260432,Enrico Raffone,,abstraction,1,1,1,0,not explicit,not explicit,not explicit
doi:10.21528/cbrn1999-009,Experiments in Robot Control for an Instance-Based Reinforcement Learning Algorithm based on Prior Information,2016,Anais do 4. Congresso Brasileiro de Redes Neurais,crossref,model-based reinforcement learning robot control,10.21528/cbrn1999-009,https://doi.org/10.21528/cbrn1999-009,Carlos H. C. Ribeiro; Elder M. Hemerly,,physical,0,2,1,0,contact geometry,not explicit,not explicit
doi:10.1109/acc.2016.7525022,Finite state abstraction and formal methods for traffic flow networks,2016,2016 American Control Conference (ACC),crossref,state abstraction robotics control,10.1109/acc.2016.7525022,https://doi.org/10.1109/acc.2016.7525022,Samuel Coogan; Murat Arcak; Calin Belta,,abstraction,3,0,0,0,state variables,variables discarded by abstraction,not explicit
doi:10.1080/08111146.2016.1235033,Infrastructure Planning: in a State of Panic?,2016,Urban Policy and Research,crossref,latent state robot policy planning,10.1080/08111146.2016.1235033,https://doi.org/10.1080/08111146.2016.1235033,Crystal Legacy,,planning,1,0,2,0,control actionability,not explicit,long-horizon compounding error
doi:10.1109/ccdc.2016.7531838,Research on mission planning technique of autonomous collaborative manipulation for multiple space robot,2016,2016 Chinese Control and Decision Conference (CCDC),crossref,robot world model planning control manipulation,10.1109/ccdc.2016.7531838,https://doi.org/10.1109/ccdc.2016.7531838,Yan Hui; Wu Zhihuan; Gao Yongming,,planning,0,1,2,0,contact geometry; control actionability,not explicit,contact discontinuities; long-horizon compounding error
doi:10.1109/rcar.2016.7784080,Robotic manipulation planning using dynamic RRT,2016,2016 IEEE International Conference on Real-time Computing and Robotics (RCAR),crossref,robotic manipulation planning latent dynamics,10.1109/rcar.2016.7784080,https://doi.org/10.1109/rcar.2016.7784080,Hao Deng; Zeyang Xia; Jing Xiong,,planning,0,1,2,0,contact geometry; control actionability,not explicit,contact discontinuities; long-horizon compounding error
doi:10.1109/romoco.2015.7219751,Contact transition modelling on planar manipulation system with LuGre friction model,2015,2015 10th International Workshop on Robot Motion and Control (RoMoCo),crossref,robot world model planning control manipulation,10.1109/romoco.2015.7219751,https://doi.org/10.1109/romoco.2015.7219751,Akira Nakashima; Yoshiyuki Ooka; Yoshikazu Hayakawa,,physical,0,2,1,0,contact geometry,not explicit,contact discontinuities
doi:10.3390/robotics4020141,DOF Decoupling Task Graph Model: Reducing the Complexity of Touch-Based Active Sensing,2015,Robotics,crossref,active perception robotics world model,10.3390/robotics4020141,https://doi.org/10.3390/robotics4020141,Niccol Tosi; Olivier David; Herman Bruyninckx,"This article presents: (i) a formal, generic model for active sensing tasks; (ii) the insight that active sensing actions can very often be searched on less than six-dimensional configuration spaces (bringing an exponential reduction in the computational costs involved in the search); (iii) an algorithm for selecting actions explicitly trading off information gain, execution time and computational cost; and (iv) experimental results of touch-based localization in an industrial setting. Generalizing from prior work, the formal model represents an active sensing task by six primitives: configuration space, information space, object model, action space, inference scheme and action-selection scheme; prior work applications conform to the model as illustrated by four concrete examples. On top of the mentioned primitives, the task graph is then introduced as the relationship to represent an active sensing task as a sequence of low-complexity actions defined over different configuration spaces of the object. The presented act-reason algorithm is an action selection scheme to maximize the expected information gain of each action, explicitly constraining the time allocated to compute and execute the actions. The experimental contributions include localization of objects with: (1) a force-controlled robot equipped with a spherical touch probe; (2) a geometric complexity of the to-be-localized objects up to industrial relevance; (3) an initial uncertainty of (0.4 m, 0.4 m, 2); and (4) a configuration of act-reason to constrain the allocated time to compute and execute the next action as a function of the current uncertainty. Localization is accomplished when the probability mass within a 5-mm tolerance reaches a specified threshold of 80%. Four objects are localized with final {mean; standard-deviation} error spanning from {0.0043 m; 0.0034 m} to {0.0073 m; 0.0048 m}.",physical,0,2,1,0,contact geometry,not explicit,not explicit
doi:10.1109/icra.2015.7139533,Multi-step planning for robotic manipulation,2015,2015 IEEE International Conference on Robotics and Automation (ICRA),crossref,robotic manipulation planning latent dynamics,10.1109/icra.2015.7139533,https://doi.org/10.1109/icra.2015.7139533,Max Pflueger; Gaurav S. Sukhatme,,planning,0,1,2,0,contact geometry; control actionability,not explicit,contact discontinuities; long-horizon compounding error
doi:10.1109/icstcc.2015.7321351,On probabilistic state space abstraction of deterministic switched systems,2015,"2015 19th International Conference on System Theory, Control and Computing (ICSTCC)",crossref,state abstraction robotics control,10.1109/icstcc.2015.7321351,https://doi.org/10.1109/icstcc.2015.7321351,Silvia Magdici; Mircea Lazar,,abstraction,3,0,0,0,not explicit,variables discarded by abstraction,not explicit
doi:10.1109/mmar.2014.6957416,Neighbourhood approach to bisimulation in state abstraction for quantized domains,2014,2014 19th International Conference on Methods and Models in Automation and Robotics (MMAR),crossref,state abstraction robotics control,10.1109/mmar.2014.6957416,https://doi.org/10.1109/mmar.2014.6957416,Bartosz Papis; Andrzej Pacut,,abstraction,3,0,0,0,state variables,variables discarded by abstraction,not explicit
doi:10.5220/0005156203220327,Planning of Pushing Manipulation by a Mobile Robot Considering Cost of Recovery Motion,2014,Proceedings of the International Conference on Neural Computation Theory and Applications,crossref,robot world model planning control manipulation,10.5220/0005156203220327,https://doi.org/10.5220/0005156203220327,Takahiro Saito; Yuichi Kobayashi; Tatsuya Naruse,,planning,0,1,2,0,contact geometry; control actionability,not explicit,contact discontinuities; long-horizon compounding error
doi:10.4135/9781483346526.n442,State Highway Planning and Finance,2014,Encyclopedia of Transportation: Social Science and Policy,crossref,latent state robot policy planning,10.4135/9781483346526.n442,https://doi.org/10.4135/9781483346526.n442,,,planning,1,0,2,0,control actionability,not explicit,long-horizon compounding error
doi:10.4135/9781483346526.n444,State Transportation Planning,2014,Encyclopedia of Transportation: Social Science and Policy,crossref,latent state robot policy planning,10.4135/9781483346526.n444,https://doi.org/10.4135/9781483346526.n444,,,planning,1,0,2,0,control actionability,not explicit,long-horizon compounding error
doi:10.1016/j.robot.2013.04.010,A novel graphical approach to automatic abstraction in reinforcement learning,2013,Robotics and Autonomous Systems,crossref,state abstraction robotics control,10.1016/j.robot.2013.04.010,https://doi.org/10.1016/j.robot.2013.04.010,Nasrin Taghizadeh; Hamid Beigy,,abstraction,2,1,0,0,contact geometry,variables discarded by abstraction,not explicit
doi:10.1109/ifost.2013.6616983,PD control of coordinated manipulation for multi-free-flying space robot,2013,Ifost,crossref,robot world model planning control manipulation,10.1109/ifost.2013.6616983,https://doi.org/10.1109/ifost.2013.6616983,Feihu Jin,,physical,0,2,1,0,contact geometry,not explicit,contact discontinuities
doi:10.1109/icsens.2012.6411462,Pixel-based optical fiber tactile force sensor for robot manipulation,2012,2012 IEEE Sensors,crossref,tactile perception robot manipulation,10.1109/icsens.2012.6411462,https://doi.org/10.1109/icsens.2012.6411462,Hui Xie; Allen Jiang; Lakmal Seneviratne; Kaspar Althoefer,,physical,0,3,0,0,contact geometry,not explicit,contact discontinuities
doi:10.1109/rose.2012.6402611,Prediction of object manipulation using tactile sensor information by a humanoid robot,2012,2012 IEEE International Symposium on Robotic and Sensors Environments Proceedings,crossref,tactile perception robot manipulation,10.1109/rose.2012.6402611,https://doi.org/10.1109/rose.2012.6402611,Shigeyuki Uematsu; Yuichi Kobayashi; Akinobu Shimizu; Toru Kaneko,,physical,0,2,0,1,contact geometry; dynamics fidelity,not explicit,contact discontinuities
doi:10.1007/978-3-642-32060-6_17,Real-Time Trajectory Generation by Offline Footstep Planning for a Humanoid Soccer Robot,2012,Lecture Notes in Computer Science RoboCup 2011: Robot Soccer World Cup XV,crossref,offline robot learning planning control,10.1007/978-3-642-32060-6_17,https://doi.org/10.1007/978-3-642-32060-6_17,Andreas Schmitz; Marcell Missura; Sven Behnke,,planning,0,0,3,0,control actionability,dataset support,long-horizon compounding error
doi:10.1109/icsmc.2012.6377767,Reinforcement learning-based tracking control for wheeled mobile robot,2012,"2012 IEEE International Conference on Systems, Man, and Cybernetics (SMC)",crossref,model-based reinforcement learning robot control,10.1109/icsmc.2012.6377767,https://doi.org/10.1109/icsmc.2012.6377767,Nguyen Tan Luy,,physical,0,2,1,0,contact geometry,not explicit,not explicit
doi:10.1115/dscc2012-movic2012-8583,State Variables Estimation for Control of Elastic Crane Using Vision Sensor Data,2012,"Volume 3: Renewable Energy Systems; Robotics; Robust Control; Single Track Vehicle Dynamics and Control; Stochastic Models, Control and Algorithms in Robotics; Structure Dynamics and Smart Structures;",crossref,state abstraction robotics control,10.1115/dscc2012-movic2012-8583,https://doi.org/10.1115/dscc2012-movic2012-8583,Mustafa Turki Hussein; Dirk Sffker,,abstraction,1,1,1,0,perception quality,not explicit,not explicit
doi:10.1109/iros.2012.6385465,Tactile sensor based varying contact point manipulation strategy for dexterous robot hand manipulating unknown objects,2012,2012 IEEE/RSJ International Conference on Intelligent Robots and Systems,crossref,tactile perception robot manipulation,10.1109/iros.2012.6385465,https://doi.org/10.1109/iros.2012.6385465,Yuan-Fei Zhang; Hong Liu,,physical,0,3,0,0,contact geometry,not explicit,contact discontinuities
doi:10.1109/iros.2012.6385828,Two-level RRT planning for robotic push manipulation,2012,2012 IEEE/RSJ International Conference on Intelligent Robots and Systems,crossref,robotic manipulation planning latent dynamics,10.1109/iros.2012.6385828,https://doi.org/10.1109/iros.2012.6385828,Claudio Zito; Rustam Stolkin; Marek Kopicki; Jeremy L. Wyatt,,planning,0,1,2,0,contact geometry; control actionability,not explicit,contact discontinuities; long-horizon compounding error
doi:10.3724/sp.j.1218.2011.00379,Multi-robot Formation Control with Kernel-based Reinforcement Learning,2011,ROBOT,crossref,robot abstraction learning,10.3724/sp.j.1218.2011.00379,https://doi.org/10.3724/sp.j.1218.2011.00379,Jun WU; Xin XU; Chuanqiang LIAN; Yan HUANG,,physical,0,2,1,0,contact geometry,not explicit,not explicit
doi:10.1109/iros.2011.6048049,Whole-body contact manipulation using tactile information for the nursing-care assistant robot RIBA,2011,2011 IEEE/RSJ International Conference on Intelligent Robots and Systems,crossref,tactile perception robot manipulation,10.1109/iros.2011.6048049,https://doi.org/10.1109/iros.2011.6048049,Toshiharu Mukai; Shinya Hirano; Morio Yoshida; Hiromichi Nakashima; Shijie Guo; Yoshikazu Hayakawa,,physical,0,3,0,0,contact geometry,not explicit,contact discontinuities
doi:10.1007/978-3-642-16590-0_3,Abstraction and Knowledge Transfer in Reinforcement Learning,2010,Cognitive Technologies Qualitative Spatial Abstraction in Reinforcement Learning,crossref,robot abstraction learning,10.1007/978-3-642-16590-0_3,https://doi.org/10.1007/978-3-642-16590-0_3,Lutz Frommberger,,abstraction,2,1,0,0,contact geometry; domain shift,variables discarded by abstraction,distribution shift
doi:10.3724/sp.j.1218.2010.00398,Gait Evolving Method of Quadruped Robot Using Zero-Moment Point Trajectory Planning,2010,ROBOT,crossref,latent state robot policy planning,10.3724/sp.j.1218.2010.00398,https://doi.org/10.3724/sp.j.1218.2010.00398,Fei LIU; Xiaoping CHEN,,planning,0,0,3,0,control actionability,not explicit,long-horizon compounding error
doi:10.1109/tro.2010.2044949,Global Manipulation Planning in Robot Joint Space With Task Constraints,2010,IEEE Transactions on Robotics,crossref,robot world model planning control manipulation,10.1109/tro.2010.2044949,https://doi.org/10.1109/tro.2010.2044949,Mike Stilman,,planning,0,1,2,0,contact geometry; control actionability,not explicit,contact discontinuities; long-horizon compounding error
doi:10.1007/978-90-481-9262-5_4,Hierarchical Decomposition and Kinematic Abstraction with Virtual Articulations,2010,Advances in Robot Kinematics: Motion in Man and Machine,crossref,robot abstraction learning,10.1007/978-90-481-9262-5_4,https://doi.org/10.1007/978-90-481-9262-5_4,Marsette Vona,,abstraction,3,0,0,0,not explicit,variables discarded by abstraction; task decomposition,not explicit
doi:10.1007/978-3-642-16590-0,Qualitative Spatial Abstraction in Reinforcement Learning,2010,Cognitive Technologies,crossref,robot abstraction learning,10.1007/978-3-642-16590-0,https://doi.org/10.1007/978-3-642-16590-0,Lutz Frommberger,,abstraction,2,1,0,0,contact geometry,variables discarded by abstraction,not explicit
doi:10.1007/978-3-642-16590-0_4,Qualitative State Space Abstraction,2010,Cognitive Technologies Qualitative Spatial Abstraction in Reinforcement Learning,crossref,robot abstraction learning,10.1007/978-3-642-16590-0_4,https://doi.org/10.1007/978-3-642-16590-0_4,Lutz Frommberger,,abstraction,3,0,0,0,not explicit,variables discarded by abstraction,not explicit
doi:10.5220/0002879101660171,REUSABLE STATE MACHINE COMPONENTS FOR EMBEDDED CONTROL SYSTEMS,2010,"Proceedings of the 7th International Conference on Informatics in Control, Automation and Robotics",crossref,state abstraction robotics control,10.5220/0002879101660171,https://doi.org/10.5220/0002879101660171,,,abstraction,1,1,1,0,not explicit,not explicit,not explicit
doi:10.5772/9670,Trajectory Control of RLED Robot Manipulators Using a New Type of Learning Rule,2010,Advances in Robot Manipulators,crossref,robot representation learning control,10.5772/9670,https://doi.org/10.5772/9670,Huseyin Canbolat,,planning,0,1,2,0,contact geometry,not explicit,contact discontinuities
doi:10.1109/wcica.2010.5553846,Trajectory planning of redundant robot manipulators using QPSO algorithm,2010,2010 8th World Congress on Intelligent Control and Automation,crossref,robot world model planning control manipulation,10.1109/wcica.2010.5553846,https://doi.org/10.1109/wcica.2010.5553846,Jinchao Guo; Xinjin Wang; Xiaowan Zheng,,planning,0,0,3,0,contact geometry; control actionability,not explicit,contact discontinuities; long-horizon compounding error
doi:10.5772/10250,"Uncertainty in Reinforcement Learning - Awareness, Quantisation, and Control",2010,Robot Learning,crossref,robot representation learning control,10.5772/10250,https://doi.org/10.5772/10250,Daniel Schneegass; Alexander Hans; Steffen Udluft,,physical,0,2,1,0,contact geometry,not explicit,not explicit
doi:10.1016/j.robot.2009.07.002,Automatic abstraction in reinforcement learning using data mining techniques,2009,Robotics and Autonomous Systems,crossref,state abstraction robotics control,10.1016/j.robot.2009.07.002,https://doi.org/10.1016/j.robot.2009.07.002,Ghorban Kheradmandian; Mohammad Rahmati,,abstraction,2,1,0,0,contact geometry,variables discarded by abstraction,not explicit
doi:10.1109/achi.2009.31,Deformation Planning for Robotic Soft Tissue Manipulation,2009,2009 Second International Conferences on Advances in Computer-Human Interactions,crossref,robotic manipulation planning latent dynamics,10.1109/achi.2009.31,https://doi.org/10.1109/achi.2009.31,Jerzy Smolen; Alexandru Patriciu,,planning,0,1,2,0,contact geometry; control actionability,not explicit,contact discontinuities; long-horizon compounding error
doi:10.1109/aim.2009.5229954,Grasp synthesis based on tactile sensation in robot manipulation of arbitrary located object,2009,2009 IEEE/ASME International Conference on Advanced Intelligent Mechatronics,crossref,tactile perception robot manipulation,10.1109/aim.2009.5229954,https://doi.org/10.1109/aim.2009.5229954,Hanafiah Yussof; Jiro Wada; Masahiro Ohka,,physical,0,3,0,0,contact geometry,not explicit,contact discontinuities
doi:10.4304/jcp.4.11.1182-1186,The Application of Liquid State Machines in Robot Path Planning,2009,Journal of Computers,crossref,latent state robot policy planning,10.4304/jcp.4.11.1182-1186,https://doi.org/10.4304/jcp.4.11.1182-1186,Yanduo Zhang; Kun Wang,,planning,1,0,2,0,control actionability,not explicit,long-horizon compounding error
doi:10.1145/1553374.1553550,Workshop summary: Abstraction in reinforcement learning,2009,Proceedings of the 26th Annual International Conference on Machine Learning,crossref,robot abstraction learning,10.1145/1553374.1553550,https://doi.org/10.1145/1553374.1553550,Ozgur Simsek,,abstraction,2,1,0,0,contact geometry,variables discarded by abstraction,not explicit
doi:10.4159/9780674033849-007,4 Coordinating Policy: Manpower Planning and Education,2008,The Origins of the Developmental State in Taiwan,crossref,latent state robot policy planning,10.4159/9780674033849-007,https://doi.org/10.4159/9780674033849-007,,,planning,0,0,3,0,control actionability,not explicit,long-horizon compounding error
doi:10.5772/5281,Abstraction for Genetics-Based Reinforcement Learning,2008,Reinforcement Learning,crossref,robot abstraction learning,10.5772/5281,https://doi.org/10.5772/5281,Will Browne; Dan Scott; Charalambos Ioannides,,abstraction,2,1,0,0,contact geometry,variables discarded by abstraction,not explicit
doi:10.5772/5404,Directional Change Issues in Multivariable State-Feedback Control,2008,New Approaches in Automation and Robotics,crossref,state abstraction robotics control,10.5772/5404,https://doi.org/10.5772/5404,Dariusz Horla,,abstraction,1,1,1,0,not explicit,not explicit,not explicit
doi:10.5772/6223,Vision-Guided Robot Control for 3D Object Recognition and Manipulation,2008,Robot Manipulators,crossref,robot world model planning control manipulation,10.5772/6223,https://doi.org/10.5772/6223,S. Q.; E. Haemmerle; Y. Cheng; P. Gamage,,physical,0,2,1,0,contact geometry; perception quality,not explicit,contact discontinuities
doi:10.15607/rss.2007.iii.041,Active Policy Learning for Robot Planning and Exploration under Uncertainty,2007,Robotics: Science and Systems III,crossref,latent state robot policy planning,10.15607/rss.2007.iii.041,https://doi.org/10.15607/rss.2007.iii.041,R. Martinez-Cantin; N. de Freitas; A. Doucet; J. Castellanos,,planning,0,0,3,0,control actionability,not explicit,long-horizon compounding error
doi:10.5772/5016,Control of Redundant Robotic Manipulators with State Constraints,2006,"Industrial Robotics: Theory, Modelling and Control",crossref,state abstraction robotics control,10.5772/5016,https://doi.org/10.5772/5016,Miroslaw Galicki,,abstraction,1,1,1,0,contact geometry,not explicit,contact discontinuities
doi:10.1109/sice.2006.315090,Learning of Deterministic Exploration and Temporal Abstraction in Reinforcement Learning,2006,2006 SICE-ICASE International Joint Conference,crossref,robot abstraction learning,10.1109/sice.2006.315090,https://doi.org/10.1109/sice.2006.315090,Katsunari Shibata,,abstraction,2,1,0,0,contact geometry,variables discarded by abstraction,not explicit
doi:10.46692/9781847421661.004,Research on care: what impact on policy and planning?,2006,Cash and Care,crossref,latent state robot policy planning,10.46692/9781847421661.004,https://doi.org/10.46692/9781847421661.004,Kari Wrness,,planning,0,0,3,0,control actionability,not explicit,long-horizon compounding error
doi:10.56687/9781847421661-007,Three Research on care: what impact on policy and planning?,2006,Cash and care,crossref,latent state robot policy planning,10.56687/9781847421661-007,https://doi.org/10.56687/9781847421661-007,Kari Wrness,,planning,0,0,3,0,control actionability,not explicit,long-horizon compounding error
doi:10.1007/978-3-540-32256-6_24,A Model-Based Approach to Robot Joint Control,2005,Lecture Notes in Computer Science RoboCup 2004: Robot Soccer World Cup VIII,crossref,multimodal robot world model,10.1007/978-3-540-32256-6_24,https://doi.org/10.1007/978-3-540-32256-6_24,Daniel Stronger; Peter Stone,,physical,0,1,1,1,not explicit,not explicit,not explicit
doi:10.5220/0001171900250031,USE OF THE COG REPRESENTATION TO CONTROL A ROBOT WITH ACCELERATION FEEDBACK,2005,"Proceedings of the Second International Conference on Informatics in Control, Automation and Robotics",crossref,robot representation learning control,10.5220/0001171900250031,https://doi.org/10.5220/0001171900250031,,,abstraction,1,1,1,0,state variables,not explicit,aliasing / observability limits
doi:10.5220/0001141802760281,STATE-DEPENDENT DELAY SYSTEM MODEL FOR CONGESTION CONTROL,2004,"Proceedings of the First International Conference on Informatics in Control, Automation and Robotics",crossref,state abstraction robotics control,10.5220/0001141802760281,https://doi.org/10.5220/0001141802760281,,,abstraction,1,1,1,0,not explicit,not explicit,not explicit
doi:10.1299/jsmermd.2004.96_1,"Teaching a robot behavior sequences, using reinforcement learning : How to raise a pet robot with a remote control",2004,The Proceedings of JSME annual Conference on Robotics and Mechatronics (Robomec),crossref,robot representation learning control,10.1299/jsmermd.2004.96_1,https://doi.org/10.1299/jsmermd.2004.96_1,M Ullerstam; M Mizukawa,,physical,0,2,1,0,contact geometry,not explicit,not explicit
doi:10.7551/mitpress/5985.003.0007,Robot Controller,2003,A Robot Ping-Pong Player,crossref,sim-to-real robot control abstraction,10.7551/mitpress/5985.003.0007,https://doi.org/10.7551/mitpress/5985.003.0007,,,planning,0,1,2,0,control actionability,not explicit,not explicit
doi:10.1163/15685530260174511,Final-state control of a two-link cat robot,2002,Advanced Robotics,crossref,state abstraction robotics control,10.1163/15685530260174511,https://doi.org/10.1163/15685530260174511,Zhiqiang Weng; Hidekazu Nishimura,,abstraction,1,1,1,0,not explicit,not explicit,not explicit
doi:10.23919/ecc.1997.7082281,Learning force/motion control for constrained robot manipulators,1997,1997 European Control Conference (ECC),crossref,robot representation learning control,10.23919/ecc.1997.7082281,https://doi.org/10.23919/ecc.1997.7082281,Weimin Xu; Tianyou Chai,,physical,0,2,1,0,contact geometry,not explicit,contact discontinuities
doi:10.1016/s1474-6670(17)44331-x,Model-Based Optimization of Process Dynamics in Robotic Manipulation,1997,IFAC Proceedings Volumes,crossref,robotic manipulation planning latent dynamics,10.1016/s1474-6670(17)44331-x,https://doi.org/10.1016/s1474-6670(17)44331-x,G. Prokop; F. Pfeiffer,,world_model,0,1,0,2,contact geometry; dynamics fidelity,not explicit,contact discontinuities
doi:10.1201/9781439864524-44,On Mo tion Planning of Polyhedra in Contact,1997,Algorithms for Robotic Motion and Manipulation,crossref,robotic manipulation planning latent dynamics,10.1201/9781439864524-44,https://doi.org/10.1201/9781439864524-44,,,planning,0,1,2,0,contact geometry; control actionability,not explicit,contact discontinuities; long-horizon compounding error
doi:10.1201/9781439864524-10,Sensor Based Motion Planning: The Hierarchical Generalized Voronoi Graph,1997,Algorithms for Robotic Motion and Manipulation,crossref,robotic manipulation planning latent dynamics,10.1201/9781439864524-10,https://doi.org/10.1201/9781439864524-10,,,planning,1,0,2,0,control actionability,task decomposition,long-horizon compounding error
doi:10.1093/heapol/10.1.22,The state of health planning in the '90s,1995,Health Policy and Planning,crossref,latent state robot policy planning,10.1093/heapol/10.1.22,https://doi.org/10.1093/heapol/10.1.22,ANDREW GREEN,,planning,1,0,2,0,control actionability,not explicit,long-horizon compounding error
doi:10.2307/j.ctv22jnqzf.15,The Origins of China's Birth Planning Policy,1994,Engendering China,crossref,latent state robot policy planning,10.2307/j.ctv22jnqzf.15,https://doi.org/10.2307/j.ctv22jnqzf.15,TYRENE WHITE,,planning,0,0,3,0,control actionability,not explicit,long-horizon compounding error
doi:10.1016/0967-0661(93)92224-r,A rule-based selection of C-space representation for rapid 3D robot path planning,1993,Control Engineering Practice,crossref,robot representation learning control,10.1016/0967-0661(93)92224-r,https://doi.org/10.1016/0967-0661(93)92224-r,,,planning,1,0,2,0,state variables; control actionability,not explicit,aliasing / observability limits; long-horizon compounding error
doi:10.1016/b978-1-55860-307-3.50030-7,Scaling Up Reinforcement Learning for Robot Control,1993,Machine Learning Proceedings 1993,crossref,robot representation learning control,10.1016/b978-1-55860-307-3.50030-7,https://doi.org/10.1016/b978-1-55860-307-3.50030-7,Long-Ji Lin,,physical,0,2,1,0,contact geometry,not explicit,not explicit
doi:10.1080/08111149308551539,Urban Planning and the Entrepreneurial State,1993,Urban Policy and Research,crossref,latent state robot policy planning,10.1080/08111149308551539,https://doi.org/10.1080/08111149308551539,Ian Winter,,planning,1,0,2,0,control actionability,not explicit,long-horizon compounding error
doi:10.1016/b978-0-08-041276-4.50032-7,PASSIVITY OF ROBOT DYNAMICS IN LEARNING CONTROL,1992,Robot Control 1991,crossref,robot representation learning control,10.1016/b978-0-08-041276-4.50032-7,https://doi.org/10.1016/b978-0-08-041276-4.50032-7,S. Arimoto; T. Naniwa,,physical,0,1,1,1,dynamics fidelity,not explicit,not explicit
doi:10.1016/0264-8377(91)90040-p,The rural state? Limits to planning in rural society,1991,Land Use Policy,crossref,latent state robot policy planning,10.1016/0264-8377(91)90040-p,https://doi.org/10.1016/0264-8377(91)90040-p,Andrew Gilg,,planning,1,0,2,0,control actionability,not explicit,long-horizon compounding error
doi:10.1016/b978-0-08-035742-3.50036-8,A LEARNING CONCEPT FOR IMPROVING ROBOT FORCE CONTROL,1989,Robot Control 1988 (Syroco '88),crossref,robot representation learning control,10.1016/b978-0-08-035742-3.50036-8,https://doi.org/10.1016/b978-0-08-035742-3.50036-8,F. Lange,,physical,0,2,1,0,contact geometry,not explicit,not explicit
doi:10.1007/978-3-642-83869-9_1,Concepts of Manipulation Robot Control,1989,Applied Control of Manipulation Robots,crossref,robot world model planning control manipulation,10.1007/978-3-642-83869-9_1,https://doi.org/10.1007/978-3-642-83869-9_1,Miomir Vukobratovi; Dragan Stoki,,physical,0,2,1,0,contact geometry,not explicit,contact discontinuities
doi:10.1007/bf00238696,Learning control and knowledge representation,1989,Journal of Intelligent and Robotic Systems,crossref,robot representation learning control,10.1007/bf00238696,https://doi.org/10.1007/bf00238696,Yoshinori Suganuma; Masami Ito,,abstraction,1,1,1,0,state variables,not explicit,aliasing / observability limits
doi:10.1109/56.20437,Planning robotic manipulation strategies for workpieces that slide,1988,IEEE Journal on Robotics and Automation,crossref,robotic manipulation planning latent dynamics,10.1109/56.20437,https://doi.org/10.1109/56.20437,M.A. Peshkin; A.C. Sanderson,,planning,0,1,2,0,contact geometry; control actionability,not explicit,contact discontinuities; long-horizon compounding error
doi:10.1016/0024-6301(87)90201-9,The state scanning network: An issue identification system for state policy managers,1987,Long Range Planning,crossref,latent state robot policy planning,10.1016/0024-6301(87)90201-9,https://doi.org/10.1016/0024-6301(87)90201-9,L. Cook,,abstraction,2,0,1,0,control actionability,not explicit,not explicit
doi:10.1016/b978-0-08-029980-8.50039-1,DIRECT DIGITAL ROBOT CONTROL USING A FORCE-TORQUE SENSOR,1984,Real Time Digital Control Application,crossref,sim-to-real robot control abstraction,10.1016/b978-0-08-029980-8.50039-1,https://doi.org/10.1016/b978-0-08-029980-8.50039-1,G. Hirzinger,,physical,0,2,1,0,contact geometry,not explicit,not explicit
doi:10.1016/b978-0-08-024449-5.50042-4,FREE-FLYING MANIPULATION ROBOT COMPUTER CONTROL,1980,Automatic Control in Space,crossref,robot world model planning control manipulation,10.1016/b978-0-08-024449-5.50042-4,https://doi.org/10.1016/b978-0-08-024449-5.50042-4,E.P. Popov; V.S. Medvedev; A.S. Yuschenko,,physical,0,2,1,0,contact geometry,not explicit,contact discontinuities
doi:10.1016/0306-9192(79)90071-x,Nutrition planning the state of the art,1979,Food Policy,crossref,latent state robot policy planning,10.1016/0306-9192(79)90071-x,https://doi.org/10.1016/0306-9192(79)90071-x,,,planning,1,0,2,0,control actionability,not explicit,long-horizon compounding error
doi:10.1525/9780520347939-009,"VIII. Planning, Public Ownership, and State Development",1951,The Power Policy of Maine,crossref,latent state robot policy planning,10.1525/9780520347939-009,https://doi.org/10.1525/9780520347939-009,,,planning,1,0,2,0,control actionability,not explicit,long-horizon compounding error
doi:10.70675/6950032fzf0e7z44d5z8679z39c988e1327b,3D visualization and interactive image manipulation for surgical planning in robot-assisted surgery,,,crossref,robot world model planning control manipulation,10.70675/6950032fzf0e7z44d5z8679z39c988e1327b,https://doi.org/10.70675/6950032fzf0e7z44d5z8679z39c988e1327b,Mohammad Reza Maddah,"Visualisation 3D et traitement d'images interactif pour l'assistance au placement des bras d'un robot chirurgical La chirurgie robotise a t dveloppe pour pallier les difficults de la chirurgie laparoscopique. Le robot da Vinci (Intuitive Surgical) est largement rpandu dans les hpitaux nord-amricains et europens pour la chirurgie abdominale. Bas sur de la tlopration, il amliore la dextrit et la prcision des oprations en chirurgie mini-invasive. Cependant, des recommandations incompltes et des dfauts ergonomiques du systme, pour positionner les bras du robot  la surface l'abdomen du patient avant l'opration, crent un des principaux problmes de la chirurgie robotise : des organes inatteignables ou des collisions entre les instruments pendant l'opration. L'objectif de ces travaux de recherche est de proposer une nouvelle mthode de placement des bras du robot base sur une assistance opratoire numrique utilisant l'analyse d'images mdicales du patient et la modlisation 3D de la surface de son abdomen afin de calculer des positions des bras optimales en fonction des caractristiques du robot, de la position des organes et du type de chirurgie.",planning,0,1,2,0,contact geometry; perception quality; control actionability,not explicit,contact discontinuities; long-horizon compounding error
doi:10.1007/978-3-540-72690-6_3,Application of Hierarchical Models to Mobile Robot Task Planning,,Studies in Computational Intelligence Multiple Abstraction Hierachies for Mobile Robot Operation in Large Environments,crossref,robot abstraction learning,10.1007/978-3-540-72690-6_3,https://doi.org/10.1007/978-3-540-72690-6_3,,,planning,1,0,2,0,control actionability,task decomposition,long-horizon compounding error
doi:10.1109/tmech.2026.3662041/mm1,Computationally Efficient Predictive Learning Control for Wheeled Mobile Robots: An Offline Sampling Approach_supp1-3662041.mp4,,,crossref,offline robot learning planning control,10.1109/tmech.2026.3662041/mm1,https://doi.org/10.1109/tmech.2026.3662041/mm1,Deyuan Meng,,physical,0,1,1,1,dynamics fidelity,dataset support,not explicit
doi:10.32657/10356/90191,Continuous control for robot based on deep reinforcement learning,,,crossref,robot representation learning control,10.32657/10356/90191,https://doi.org/10.32657/10356/90191,Shansi Zhang,,physical,0,2,1,0,contact geometry,not explicit,not explicit
doi:10.32657/10220/48014,"Contributions to robotic manipulation under uncertainty : calibration, estimation, motion planning",,,crossref,robotic manipulation planning latent dynamics,10.32657/10220/48014,https://doi.org/10.32657/10220/48014,Huy Nguyen,,planning,0,1,2,0,contact geometry; control actionability,not explicit,contact discontinuities; long-horizon compounding error
doi:10.70675/c7104359zd447z4909za333z316ae05d6057,Dual-arm robotic manipulation inspired by human skills,,,crossref,robotic manipulation planning latent dynamics,10.70675/c7104359zd447z4909za333z316ae05d6057,https://doi.org/10.70675/c7104359zd447z4909za333z316ae05d6057,Marija Tomic,"Manipulation robotique  deux mains inspire des aptitudes humaines Le nombre de robot humanode s'est accru ces dernires annes pour pouvoir collaborer avec l'homme ou le remplacer dans des tches fastidieuses. L'objectif de cette thse est de transfrer aux robots humanodes, des habilits ou comptences humaines, en particulier pour des mouvements impliquant une coordination entre les deux bras. Dans la premire partie de la thse, un processus de conversion d'un mouvement humain vers un mouvement de robot, dans un objectif d'imitation est propos. Comme les humains possdent beaucoup plus de degrs de libert qu'un robot humanode, les mouvements identiques ne peuvent pas tre produits, les caractristiques(longueurs des corps) peuvent aussi tre diffrentes. Notre processus de conversion prend en compte l'enregistrement des localisations de marqueurs attachs aux corps de l'humain et des articulations pour amliorer les processus d'imitation. La deuxime partie de la thse vise  analyser les stratgies de gnration du mouvement utilises par l'homme. Les mouvements humains sont supposs optimaux et notre objectif est de trouver un critre  minimiser pendant les manipulations. Nous faisons l'hypothse que ce critre est une combinaison de critres classiquement utiliss en robotique et nous recherchons les poids de chaque critre qui reprsente au mieux le mouvement humain. De cette faon, une approche de commande cinmatique optimale peut ensuite tre utilise pour gnrer des mouvements du robot humanode.",physical,0,3,0,0,contact geometry,not explicit,contact discontinuities
doi:10.1109/tase.2024.3451296/mm2,"Efficient Reinforcement Learning Method for Multi-Phase Robot Manipulation Skill Acquisition via Human Knowledge, Model-Based, and Model-Free Methods_supp1-3451296.mp4",,,crossref,model-based reinforcement learning robot control,10.1109/tase.2024.3451296/mm2,https://doi.org/10.1109/tase.2024.3451296/mm2,Panfeng Huang,,physical,0,2,0,1,contact geometry,not explicit,contact discontinuities
doi:10.1109/tase.2024.3451296/mm1,"Efficient Reinforcement Learning Method for Multi-Phase Robot Manipulation Skill Acquisition via Human Knowledge, Model-Based, and Model-Free Methods_supp2-3451296.mp4",,,crossref,model-based reinforcement learning robot control,10.1109/tase.2024.3451296/mm1,https://doi.org/10.1109/tase.2024.3451296/mm1,Panfeng Huang,,physical,0,2,0,1,contact geometry,not explicit,contact discontinuities
doi:10.31428/10317/12437,Evaluation of blood glucose level control in Type 1 diabetic patients using online and offline reinforcement learning,,,crossref,offline robot learning planning control,10.31428/10317/12437,https://doi.org/10.31428/10317/12437,Phuwadol Viroonluecha,,physical,0,2,1,0,contact geometry,dataset support,not explicit
doi:10.1021/acs.jpca.5c01778.s001,Excited-State HAggregation Enables Proton Abstraction from Water in Weak Photobases,,,crossref,state abstraction robotics control,10.1021/acs.jpca.5c01778.s001,https://doi.org/10.1021/acs.jpca.5c01778.s001,,,abstraction,3,0,0,0,not explicit,variables discarded by abstraction,not explicit
doi:10.1109/lra.2024.3396665/mm1,FOTS: A Fast Optical Tactile Simulator for Sim2Real Learning of Tactile-motor Robot Manipulation Skills_supp1-3396665.mp4,,,crossref,tactile perception robot manipulation,10.1109/lra.2024.3396665/mm1,https://doi.org/10.1109/lra.2024.3396665/mm1,Kun Qian,,physical,0,3,0,0,contact geometry; domain shift,not explicit,contact discontinuities
doi:10.1109/lra.2026.3653273/mm1,FlowDreamer: A RGB-D World Model with Flow-based Motion Representations for Robot Manipulation_supp1-3653273.mp4,,,crossref,multimodal robot world model,10.1109/lra.2026.3653273/mm1,https://doi.org/10.1109/lra.2026.3653273/mm1,Jun Guo,,abstraction,1,1,0,1,state variables; contact geometry; dynamics fidelity,not explicit,contact discontinuities; aliasing / observability limits
doi:10.1021/acs.jpca.7b07760.s001,HAtom Abstraction Reactions by Ground-State Ozone from Saturated Oxygenates,,,crossref,state abstraction robotics control,10.1021/acs.jpca.7b07760.s001,https://doi.org/10.1021/acs.jpca.7b07760.s001,,,abstraction,3,0,0,0,not explicit,variables discarded by abstraction,not explicit
doi:10.1109/lra.2026.3662582/mm1,HiMRAG: Hierarchical Multimodal Retrieval-Augmented Generation for Robot Task Planning_supp1-3662582.mp4,,,crossref,multimodal robot world model,10.1109/lra.2026.3662582/mm1,https://doi.org/10.1109/lra.2026.3662582/mm1,Xiao Li,,planning,1,0,2,0,control actionability,task decomposition,long-horizon compounding error
doi:10.1109/lra.2024.3518074/mm1,Homotopy-Aware Efficiently Adaptive State Lattices for Mobile Robot Motion Planning in Cluttered Environments_supp1-3518074.mp4,,,crossref,latent state robot policy planning,10.1109/lra.2024.3518074/mm1,https://doi.org/10.1109/lra.2024.3518074/mm1,Ashwin Menon,,planning,1,0,2,0,control actionability,not explicit,long-horizon compounding error
doi:10.1109/tii.2024.3514130/mm1,Human-Aware Reactive Task Planning of Sequential Robotic Manipulation Tasks_supp1-3514130.pdf,,,crossref,robotic manipulation planning latent dynamics,10.1109/tii.2024.3514130/mm1,https://doi.org/10.1109/tii.2024.3514130/mm1,David Navarro-Alarcon,,planning,0,1,2,0,contact geometry; control actionability,not explicit,contact discontinuities; long-horizon compounding error
doi:10.1021/acs.jpcb.9b06786.s001,Hydrogen Abstraction of Ketoprofen in the Excited Triplet State with Indole and Methylindoles,,,crossref,state abstraction robotics control,10.1021/acs.jpcb.9b06786.s001,https://doi.org/10.1021/acs.jpcb.9b06786.s001,,,abstraction,3,0,0,0,not explicit,variables discarded by abstraction,not explicit
doi:10.1109/isic.1989.238708,Input space representation for refinement learning control,,Proceedings. IEEE International Symposium on Intelligent Control 1989,crossref,robot representation learning control,10.1109/isic.1989.238708,https://doi.org/10.1109/isic.1989.238708,J.A. Franklin,,abstraction,1,1,1,0,state variables,not explicit,aliasing / observability limits
doi:10.12681/eadd/60293,Kinesthetic guidance and kinematic control of bimanual mobile robot for object manipulation under constraints,,,crossref,robot world model planning control manipulation,10.12681/eadd/60293,https://doi.org/10.12681/eadd/60293, ,"           ,               ,        .                  ,     ,       ,    .        ,            ,        .             . ,                ,          ,       . ,         ,         .                 . ,         ,           .                  ,    .                .",physical,0,2,1,0,contact geometry,not explicit,contact discontinuities
doi:10.1109/lra.2023.3308061/mm1,LEAGUE: Guided Skill Learning and Abstraction for Long-Horizon Manipulation_supp1-3308061.mp4,,,crossref,robot abstraction learning,10.1109/lra.2023.3308061/mm1,https://doi.org/10.1109/lra.2023.3308061/mm1,Shuo Cheng,,abstraction,2,1,0,0,contact geometry,variables discarded by abstraction,contact discontinuities
doi:10.1109/lra.2026.3665076/mm1,Learning Goal-Directed Rolling: Spherical Robot Point-to-Point control through Reinforcement Learning_supp1-3665076.mp4,,,crossref,model-based reinforcement learning robot control,10.1109/lra.2026.3665076/mm1,https://doi.org/10.1109/lra.2026.3665076/mm1,You Wang,,physical,0,2,1,0,contact geometry,not explicit,not explicit
doi:10.1109/tro.2025.3582829/mm1,Learning Multimodal Latent Dynamics for Human-Robot Interaction_supp1-3582829.mp4,,,crossref,latent state robot policy planning,10.1109/tro.2025.3582829/mm1,https://doi.org/10.1109/tro.2025.3582829/mm1,Vignesh Prasad,,world_model,1,0,0,2,state variables; dynamics fidelity,not explicit,aliasing / observability limits
doi:10.14711/thesis-991012879859603412,Learning perception and motion planning in robotic manipulation,,,crossref,robotic manipulation planning latent dynamics,10.14711/thesis-991012879859603412,https://doi.org/10.14711/thesis-991012879859603412,Weihao Yuan,,planning,0,1,2,0,contact geometry; control actionability,not explicit,contact discontinuities; long-horizon compounding error
doi:10.1109/lra.2025.3632087/mm1,MLM: Learning Multi-task Loco-Manipulation Whole-Body Control for Quadruped Robot with Arm_supp1-3632087.mp4,,,crossref,robot world model planning control manipulation,10.1109/lra.2025.3632087/mm1,https://doi.org/10.1109/lra.2025.3632087/mm1,Xin Liu,,physical,0,2,1,0,contact geometry,not explicit,contact discontinuities
doi:10.1007/978-3-540-77457-0_3,Motion Planning for Robotic Manipulation of Deformable Linear Objects,,Springer Tracts in Advanced Robotics Experimental Robotics,crossref,robotic manipulation planning latent dynamics,10.1007/978-3-540-77457-0_3,https://doi.org/10.1007/978-3-540-77457-0_3,Mitul Saha; Pekka Isto; Jean-Claude Latombe,,planning,0,1,2,0,contact geometry; control actionability,not explicit,contact discontinuities; long-horizon compounding error
doi:10.1007/978-3-540-37347-6_13,Motion Planning of Human-Like Movements in the Manipulation of Flexible Objects,,Advances in Robot Control,crossref,robot world model planning control manipulation,10.1007/978-3-540-37347-6_13,https://doi.org/10.1007/978-3-540-37347-6_13,Mikhail Svinin; Igor Goncharenko; Shigeyuki Hosoe,,planning,0,1,2,0,contact geometry; control actionability,not explicit,contact discontinuities; long-horizon compounding error
doi:10.1109/robot.2006.1642074,Motion planning for robotic manipulation of deformable linear objects,,"Proceedings 2006 IEEE International Conference on Robotics and Automation, 2006. ICRA 2006.",crossref,robotic manipulation planning latent dynamics,10.1109/robot.2006.1642074,https://doi.org/10.1109/robot.2006.1642074,M. Saha; P. Isto,,planning,0,1,2,0,contact geometry; control actionability,not explicit,contact discontinuities; long-horizon compounding error
doi:10.1007/978-3-540-72690-6_2,"Multi-Hierarchical, Symbolic Representation of the Environment",,Studies in Computational Intelligence Multiple Abstraction Hierachies for Mobile Robot Operation in Large Environments,crossref,robot abstraction learning,10.1007/978-3-540-72690-6_2,https://doi.org/10.1007/978-3-540-72690-6_2,,,abstraction,3,0,0,0,state variables,task decomposition,aliasing / observability limits
doi:10.15368/theses.2021.122,Multi-Robot Path Planning Using Sampling-Based Algorithms and Reinforcement Learning,,,crossref,offline robot learning planning control,10.15368/theses.2021.122,https://doi.org/10.15368/theses.2021.122,Donald J Alexander,,planning,0,1,2,0,contact geometry; control actionability,not explicit,long-horizon compounding error
doi:10.5040/9781784516611.chapter-004,National Planning Policy - England,,Planning Policy,crossref,latent state robot policy planning,10.5040/9781784516611.chapter-004,https://doi.org/10.5040/9781784516611.chapter-004,,,planning,0,0,3,0,control actionability,not explicit,long-horizon compounding error
doi:10.5040/9781784516611.chapter-012,National Planning Policy - Wales,,Planning Policy,crossref,latent state robot policy planning,10.5040/9781784516611.chapter-012,https://doi.org/10.5040/9781784516611.chapter-012,,,planning,0,0,3,0,control actionability,not explicit,long-horizon compounding error
doi:10.1109/tmech.2026.3687919/mm1,NeuralTouch: Neural Descriptors for Precise Sim-to-Real Tactile Robot Control_supp1-3687919.mp4,,,crossref,sim-to-real robot control abstraction,10.1109/tmech.2026.3687919/mm1,https://doi.org/10.1109/tmech.2026.3687919/mm1,Yijiong Lin,,physical,0,2,1,0,contact geometry; domain shift,not explicit,distribution shift
doi:10.47749/t/unicamp.2025.1530174,Offline reinforcement learning for unmanned aerial vehicle control,,,crossref,offline robot learning planning control,10.47749/t/unicamp.2025.1530174,https://doi.org/10.47749/t/unicamp.2025.1530174,Rafael Figueiredo Prudencio,,physical,0,2,1,0,contact geometry,dataset support,not explicit
doi:10.1109/robot.1987.1087972,Planning robotic manipulation strategies for sliding objects,,Proceedings. 1987 IEEE International Conference on Robotics and Automation,crossref,robotic manipulation planning latent dynamics,10.1109/robot.1987.1087972,https://doi.org/10.1109/robot.1987.1087972,M. Peshkin; A. Sanderson,,planning,0,1,2,0,contact geometry; control actionability,not explicit,contact discontinuities; long-horizon compounding error
doi:10.1021/acs.jpca.4c07426.s001,Predicting Rate Constants of Hydrogen Abstraction Reactions between OH/HO2 and Alkanes by Machine Learning Models,,,crossref,robot abstraction learning,10.1021/acs.jpca.4c07426.s001,https://doi.org/10.1021/acs.jpca.4c07426.s001,,,abstraction,2,0,0,1,dynamics fidelity,variables discarded by abstraction,not explicit
doi:10.1007/11681120_7,Reduction of Learning Time for Robots Using Automatic State Abstraction,,Springer Tracts in Advanced Robotics European Robotics Symposium 2006,crossref,state abstraction robotics control,10.1007/11681120_7,https://doi.org/10.1007/11681120_7,Masoud Asadpour; Majid Nili Ahmadabadi; Roland Siegwart,,abstraction,3,0,0,0,state variables,variables discarded by abstraction,not explicit
doi:10.32657/10356/52040,Regional feedback control of robot with application to optical manipulation of biological cells,,,crossref,robot world model planning control manipulation,10.32657/10356/52040,https://doi.org/10.32657/10356/52040,Xiang Li,,physical,0,2,1,0,contact geometry,not explicit,contact discontinuities
doi:10.1109/tie.2024.3360604/mm1,Reinforcement Learning and Sim-to-Real Transfer of Reorientation and Landing Control for Quadruped Robots on Asteroids_supp1-3360604.mp4,,,crossref,sim-to-real robot control abstraction,10.1109/tie.2024.3360604/mm1,https://doi.org/10.1109/tie.2024.3360604/mm1,Ji Qi,,physical,0,2,1,0,contact geometry; domain shift,not explicit,distribution shift
doi:10.17760/d20317893,Representation learning for control,,,crossref,robot representation learning control,10.17760/d20317893,https://doi.org/10.17760/d20317893,Kevin James Doty,,abstraction,1,1,1,0,state variables,not explicit,aliasing / observability limits
doi:10.1109/tie.2025.3558030/mm1,Sim-to-Real Transfer in Reinforcement Learning for Maneuver Control of a Variable-Pitch MAV_supp1-3558030.mp4,,,crossref,sim-to-real robot control abstraction,10.1109/tie.2025.3558030/mm1,https://doi.org/10.1109/tie.2025.3558030/mm1,Zhikun Wang,,physical,0,2,1,0,contact geometry; domain shift,not explicit,distribution shift
doi:10.1007/978-3-540-73580-9_1,State Abstraction in Real-Time Heuristic Search,,"Lecture Notes in Computer Science Abstraction, Reformulation, and Approximation",crossref,sim-to-real robot control abstraction,10.1007/978-3-540-73580-9_1,https://doi.org/10.1007/978-3-540-73580-9_1,Vadim Bulitko,,abstraction,3,0,0,0,state variables,variables discarded by abstraction,not explicit
doi:10.1109/lra.2025.3585396/mm1,TactileAloha: Learning Bimanual Manipulation with Tactile Sensing_supp1-3585396.mp4,,,crossref,tactile perception robot manipulation,10.1109/lra.2025.3585396/mm1,https://doi.org/10.1109/lra.2025.3585396/mm1,Mitsuhiro Hayashibe,,physical,0,3,0,0,contact geometry,not explicit,contact discontinuities
doi:10.1109/tro.2025.3593087/mm1,"Vision-based Proximity and Tactile Sensing for Robot Arms: Design, Perception, and Control_supp1-3593087.mp4",,,crossref,tactile perception robot manipulation,10.1109/tro.2025.3593087/mm1,https://doi.org/10.1109/tro.2025.3593087/mm1,Van Ho,,physical,0,2,1,0,contact geometry; perception quality,not explicit,not explicit
doi:10.1109/lra.2024.3436334/mm1,Visual-Tactile Perception Based Control Strategy for Complex Robot Peg-in-Hole Process via Topological and Geometric Reasoning_supp1-3436334.mp4,,,crossref,tactile perception robot manipulation,10.1109/lra.2024.3436334/mm1,https://doi.org/10.1109/lra.2024.3436334/mm1,Panfeng Huang,,physical,0,2,1,0,contact geometry,not explicit,not explicit
doi:10.1109/lra.2025.3575011/mm1,What Matters in Learning a Zero-Shot Sim-to-Real RL Policy for Quadrotor Control? a Comprehensive Study_supp1-3575011.mp4,,,crossref,sim-to-real robot control abstraction,10.1109/lra.2025.3575011/mm1,https://doi.org/10.1109/lra.2025.3575011/mm1,Jiayu Chen,,planning,0,1,2,0,control actionability; domain shift,not explicit,distribution shift
doi:10.1109/rpic68328.2026.11518489,Cooperative Optimization Method for Intersection Signals Based on Transformer-BEV Representation and QMIX Value Decomposition Reinforcement Learning,2026,2026 International Conference on Robot Perception and Intelligent Control (RPIC),crossref,robot representation learning control,10.1109/rpic68328.2026.11518489,https://doi.org/10.1109/rpic68328.2026.11518489,Shun Li,,abstraction,1,1,0,0,state variables; contact geometry,not explicit,aliasing / observability limits
doi:10.1109/tro.2025.3647769,"Correspondence-Free, Function-Based Sim-to-Real Learning for Deformable Surface Control",2026,IEEE Transactions on Robotics,crossref,sim-to-real robot control abstraction,10.1109/tro.2025.3647769,https://doi.org/10.1109/tro.2025.3647769,Yingjun Tian; Guoxin Fang; Renbo Su; Aoran Lyu; Neelotpal Dutta; Weiming Wang; Simeon Gill; Andrew Weightman,,physical,0,1,1,0,domain shift,not explicit,distribution shift
doi:10.1007/s41315-026-00521-2,"Establishing the tactile ability of dexterous hands: a review of research on tactile acquisition, feedback, and perception",2026,International Journal of Intelligent Robotics and Applications,crossref,tactile perception robot manipulation,10.1007/s41315-026-00521-2,https://doi.org/10.1007/s41315-026-00521-2,Zhekai Zhang; Baojiang Li; Shengjie Qiu; Bin Wang; Haiyan Wang; Liang Li,,physical,0,2,0,0,contact geometry,not explicit,not explicit
doi:10.1038/s42256-026-01239-3,From embodied intelligence to physical AI,2026,Nature Machine Intelligence,crossref,embodied intelligence physical reasoning robot,10.1038/s42256-026-01239-3,https://doi.org/10.1038/s42256-026-01239-3,,,physical,0,2,0,0,not explicit,not explicit,not explicit
doi:10.1109/lra.2026.3653331,HEAPGrasp: Hand-Eye Active Perception to Grasp Objects With Diverse Optical Properties,2026,IEEE Robotics and Automation Letters,crossref,active perception robotics world model,10.1109/lra.2026.3653331,https://doi.org/10.1109/lra.2026.3653331,Ginga Kennis; Shogo Arai,,physical,0,2,0,0,contact geometry,not explicit,not explicit
doi:10.1016/j.engappai.2026.114150,Scene graph-driven reasoning for action planning of humanoid robot,2026,Engineering Applications of Artificial Intelligence,crossref,embodied intelligence physical reasoning robot,10.1016/j.engappai.2026.114150,https://doi.org/10.1016/j.engappai.2026.114150,Dmitry Yudin; Alexander Lazarev; Eva Bakaeva; Angelika Kochetkova; Alexey Kovalev; Aleksandr Panov,,planning,0,0,2,0,control actionability,not explicit,long-horizon compounding error
doi:10.1109/lra.2026.3671701,Simultaneous Tactile-Visual Perception for Learning Multimodal Robot Manipulation,2026,IEEE Robotics and Automation Letters,crossref,tactile perception robot manipulation,10.1109/lra.2026.3671701,https://doi.org/10.1109/lra.2026.3671701,Yuyang Li; Yinghan Chen; Zihang Zhao; Puhao Li; Tengyu Liu; Siyuan Huang; Yixin Zhu,,physical,0,2,0,0,contact geometry,not explicit,contact discontinuities
doi:10.1038/s44182-026-00079-y,Tactile-reactive gripper with an active palm for dexterous manipulation,2026,npj Robotics,crossref,tactile perception robot manipulation,10.1038/s44182-026-00079-y,https://doi.org/10.1038/s44182-026-00079-y,Yuhao Zhou; Won Suk Lee; Yan Gu; Yu She,,physical,0,2,0,0,contact geometry,not explicit,contact discontinuities
doi:10.5220/0015041700004021,Teaching Machine Learning Algorithms in K-12: A Classification by Levels of Abstraction,2026,Proceedings of the 18th International Conference on Computer Supported Education,crossref,robot abstraction learning,10.5220/0015041700004021,https://doi.org/10.5220/0015041700004021,Jan Krone; Josua Ginster,,abstraction,2,0,0,0,not explicit,variables discarded by abstraction,not explicit
doi:10.1109/iros60139.2025.11247488,Automatic Real-to-Sim-to-Real System through Iterative Interactions for Robust Robot Manipulation Policy Learning with Unseen Objects,2025,2025 IEEE/RSJ International Conference on Intelligent Robots and Systems (IROS),crossref,sim-to-real robot control abstraction,10.1109/iros60139.2025.11247488,https://doi.org/10.1109/iros60139.2025.11247488,Minjae Kang; Hogun Kee; Hosung Lee; Songhwai Oh,,physical,0,1,1,0,contact geometry; control actionability; domain shift,not explicit,contact discontinuities; distribution shift
doi:10.1109/icra55743.2025.11127480,Closed Loop Interactive Embodied Reasoning for Robot Manipulation,2025,2025 IEEE International Conference on Robotics and Automation (ICRA),crossref,embodied intelligence physical reasoning robot,10.1109/icra55743.2025.11127480,https://doi.org/10.1109/icra55743.2025.11127480,Michal Nazarczuk; Jan Kristof Behrens; Karla Stepanova; Matej Hoffmann; Krystian Mikolajczyk,,physical,0,2,0,0,contact geometry,not explicit,contact discontinuities
doi:10.1126/scirobotics.ads8528,Embodied intelligence paradigm for human-robot communication,2025,Science Robotics,crossref,embodied intelligence physical reasoning robot,10.1126/scirobotics.ads8528,https://doi.org/10.1126/scirobotics.ads8528,Nana Obayashi; Arsen Abdulali; Fumiya Iida; Josie Hughes,"Animals leverage their full embodiment to achieve multimodal, redundant, and subtle communication. To achieve the same for robots, they must similarly exploit their brain-body-environment interactions or their embodied intelligence. To advance this approach, we propose a framework building on Shannon's information channel theory for communication to provide the key principles and benchmarks for advancing human-robot communication.",physical,0,2,0,0,not explicit,not explicit,not explicit
doi:10.20944/preprints202504.1917.v4,From Decoherence to Coherent Intelligence: A Framework for the Emergence of AI Structure Through Recursive Reasoning,2025,,crossref,embodied intelligence physical reasoning robot,10.20944/preprints202504.1917.v4,https://doi.org/10.20944/preprints202504.1917.v4,Jordan Barton,"This paper develops a thermodynamic framework for understanding the coherence of both biological and artificial cognition. We formalize thermodynamic coherence as an expression of information processing constrained by entropy and temperature, establishing a quantitative link between physical energy states and cognitive stability. Building on foundational concepts from statistical mechanics, quantum biology, and information theory, we argue that intelligence emerges as an ordered process, one that locally resists entropy through orderly reasoning work that generates coherent structure.The resulting framework is applied to wave function collapse, consciousness models, and machine reasoning, showing that coherence serves as a universal condition for stable cognition across domains.",abstraction,1,1,0,0,not explicit,not explicit,not explicit
doi:10.20944/preprints202504.1917.v5,From Decoherence to Coherent Intelligence: A Framework for the Emergence of AI Structure through Recursive Reasoning,2025,,crossref,embodied intelligence physical reasoning robot,10.20944/preprints202504.1917.v5,https://doi.org/10.20944/preprints202504.1917.v5,Jordan Barton,"This paper develops a thermodynamic framework for understanding the coherence of both biological and artificial cognition. We formalize thermodynamic coherence as an expression of information processing constrained by entropy and temperature, establishing a quantitative link between physical energy states and cognitive stability. Building on foundational concepts from statistical mechanics, quantum biology, and information theory, we argue that intelligence emerges as an ordered process, one that locally resists entropy through orderly reasoning work that generates coherent structure.The resulting framework is applied to wave function collapse, consciousness models, and machine reasoning, showing that coherence serves as a universal condition for stable cognition across domains.",abstraction,1,1,0,0,not explicit,not explicit,not explicit
doi:10.20944/preprints202504.1917.v6,From Decoherence to Coherent Intelligence: A Framework for the Emergence of AI Structure through Recursive Reasoning,2025,,crossref,embodied intelligence physical reasoning robot,10.20944/preprints202504.1917.v6,https://doi.org/10.20944/preprints202504.1917.v6,Jordan Barton,"This paper develops a thermodynamic framework for understanding the coherence of both biological and artificial cognition. We formalize thermodynamic coherence as an expression of information processing constrained by entropy and temperature, establishing a quantitative link between physical energy states and cognitive stability. Building on foundational concepts from statistical mechanics, quantum biology, and information theory, we argue that intelligence emerges as an ordered process, one that locally resists entropy through orderly reasoning work that generates coherent structure.The resulting framework is applied to wave function collapse, consciousness models, and machine reasoning, showing that coherence serves as a universal condition for stable cognition across domains.",abstraction,1,1,0,0,not explicit,not explicit,not explicit
doi:10.1109/iccv51701.2025.00917,IRASim: A Fine-Grained World Model for Robot Manipulation,2025,2025 IEEE/CVF International Conference on Computer Vision (ICCV),crossref,robot world model planning control manipulation,10.1109/iccv51701.2025.00917,https://doi.org/10.1109/iccv51701.2025.00917,Fangqi Zhu; Hongtao Wu; Song Guo; Yuxiao Liu; Chilam Cheang; Tao Kong,,physical,0,1,0,1,contact geometry; dynamics fidelity,not explicit,contact discontinuities
doi:10.36227/techrxiv.175695600.04285499/v1,Learning Joint Dynamics for Precise Robotic Manipulation in Unknown Environments,2025,,crossref,robotic manipulation planning latent dynamics,10.36227/techrxiv.175695600.04285499/v1,https://doi.org/10.36227/techrxiv.175695600.04285499/v1,Sushant Shivankar,,physical,0,1,0,1,contact geometry; dynamics fidelity,not explicit,contact discontinuities
doi:10.1109/icmtae66890.2025.11428023,Learning Joint Dynamics for Precise Robotic Manipulation in Unknown Environments,2025,2025 5th International Conference on Mechatronics Technology and Aerospace Engineering (ICMTAE),crossref,robotic manipulation planning latent dynamics,10.1109/icmtae66890.2025.11428023,https://doi.org/10.1109/icmtae66890.2025.11428023,Sushant Shivankar,,physical,0,1,0,1,contact geometry; dynamics fidelity,not explicit,contact discontinuities
doi:10.1016/j.robot.2025.105057,LiRA: Light-Robust Adversary for model-based reinforcement learning in real world,2025,Robotics and Autonomous Systems,crossref,active perception robotics world model,10.1016/j.robot.2025.105057,https://doi.org/10.1016/j.robot.2025.105057,Taisuke Kobayashi,,physical,0,1,0,1,contact geometry,not explicit,not explicit
doi:10.36227/techrxiv.176238257.73914361/v1,"Physical AI: Bridging the Sim-to-Real Divide Toward Embodied, Ethical, and Autonomous Intelligence",2025,,crossref,embodied intelligence physical reasoning robot,10.36227/techrxiv.176238257.73914361/v1,https://doi.org/10.36227/techrxiv.176238257.73914361/v1,Partha Pratim Ray,,physical,0,2,0,0,domain shift,not explicit,distribution shift
doi:10.1109/tro.2025.3531816,Predictive Visuo-Tactile Interactive Perception Framework for Object Properties Inference,2025,IEEE Transactions on Robotics,crossref,tactile perception robot manipulation,10.1109/tro.2025.3531816,https://doi.org/10.1109/tro.2025.3531816,Anirvan Dutta; Etienne Burdet; Mohsen Kaboli,,physical,0,1,0,1,contact geometry; dynamics fidelity,not explicit,not explicit
doi:10.2139/ssrn.5109969,Real-to-Sim High-Resolution Cloth Modeling: Physical Parameter Optimization Using Particle-Based Simulation with Robot Manipulation Data,2025,,crossref,sim-to-real robot control abstraction,10.2139/ssrn.5109969,https://doi.org/10.2139/ssrn.5109969,Kang-il Yoon; Soo-Chul Lim,,physical,0,2,0,0,contact geometry,not explicit,contact discontinuities
doi:10.1109/idaacs68557.2025.11322052,Sim-to-Sim Control of a UR3e Robot Using Soft Actor-Critic and Real-Time MATLAB-ROS-URSim Integration,2025,2025 IEEE 13th International Conference on Intelligent Data Acquisition and Advanced Computing Systems: Technology and Applications (IDAACS),crossref,sim-to-real robot control abstraction,10.1109/idaacs68557.2025.11322052,https://doi.org/10.1109/idaacs68557.2025.11322052,Ahmed Iqdymat; Grigore Stamatescu,,physical,0,1,1,0,not explicit,not explicit,not explicit
doi:10.1109/lra.2024.3505783,TARS: Tactile Affordance in Robot Synesthesia for Dexterous Manipulation,2025,IEEE Robotics and Automation Letters,crossref,tactile perception robot manipulation,10.1109/lra.2024.3505783,https://doi.org/10.1109/lra.2024.3505783,Qiwei Wu; Haidong Wang; Jiayu Zhou; Xiaogang Xiong; Yunjiang Lou,,physical,0,2,0,0,contact geometry,not explicit,contact discontinuities
doi:10.1017/9781009522472.016,The Role of Predictive Uncertainty and Diversity in Embodied AI and Robot Learning,2025,Metacognitive Artificial Intelligence,crossref,embodied intelligence physical reasoning robot,10.1017/9781009522472.016,https://doi.org/10.1017/9781009522472.016,Ransalu Senanayake,,physical,0,1,0,1,dynamics fidelity,not explicit,not explicit
doi:10.1007/978-3-032-09427-8_10,Thermochromic Visual-Tactile Sensor: Integrating Temperature and Tactile Perception,2025,Lecture Notes in Networks and Systems AI Enabled Robotic Loco-Manipulation,crossref,tactile perception robot manipulation,10.1007/978-3-032-09427-8_10,https://doi.org/10.1007/978-3-032-09427-8_10,Zhiqiang Ren; Xiaobo Liu; Mingjun Dai; Liang Lin; Yazhan Zhang,,physical,0,2,0,0,contact geometry,not explicit,not explicit
doi:10.23919/acc63710.2025.11107876,Trajectory-Based Automata Learning for Offline Reinforcement Learning,2025,2025 American Control Conference (ACC),crossref,offline robot learning planning control,10.23919/acc63710.2025.11107876,https://doi.org/10.23919/acc63710.2025.11107876,Shayan Meshkat Alsadat; Zhe Xu,,physical,0,1,1,0,contact geometry,dataset support,not explicit
doi:10.1109/icra55743.2025.11128762,World Model-Based Perception for Visual Legged Locomotion,2025,2025 IEEE International Conference on Robotics and Automation (ICRA),crossref,active perception robotics world model,10.1109/icra55743.2025.11128762,https://doi.org/10.1109/icra55743.2025.11128762,Hang Lai; Jiahang Cao; Jiafeng Xu; Hongtao Wu; Yunfeng Lin; Tao Kong; Yong Yu; Weinan Zhang,,world_model,0,0,0,2,dynamics fidelity,not explicit,not explicit
doi:10.15607/rss.2024.xx.010,AdaptiGraph: Material-Adaptive Graph-Based Neural Dynamics for Robotic Manipulation,2024,Robotics: Science and Systems XX,crossref,robotic manipulation planning latent dynamics,10.15607/rss.2024.xx.010,https://doi.org/10.15607/rss.2024.xx.010,Kaifeng Zhang; Baoyu Li; Kris Hauser; Yunzhu Li,,physical,0,1,0,1,contact geometry; dynamics fidelity,not explicit,contact discontinuities
doi:10.1109/ccdc62350.2024.10587377,Ant Colony Enhanced Q-Learning Algorithm for Mobile Robot Path Planning,2024,2024 36th Chinese Control and Decision Conference (CCDC),crossref,offline robot learning planning control,10.1109/ccdc62350.2024.10587377,https://doi.org/10.1109/ccdc62350.2024.10587377,Tian Xie; Yi Zhou,,planning,0,0,2,0,control actionability,not explicit,long-horizon compounding error
doi:10.1109/icarcv63323.2024.10821654,CP-RCNN: Lidar Object Detection with Feature Pooling and Abstraction,2024,"2024 18th International Conference on Control, Automation, Robotics and Vision (ICARCV)",crossref,state abstraction robotics control,10.1109/icarcv63323.2024.10821654,https://doi.org/10.1109/icarcv63323.2024.10821654,Hang Zhou; Yiding Ji,,abstraction,2,0,0,0,not explicit,variables discarded by abstraction,not explicit
doi:10.1109/icra57147.2024.10610074,Dual-modal Tactile E-skin: Enabling Bidirectional Human-Robot Interaction via Integrated Tactile Perception and Feedback,2024,2024 IEEE International Conference on Robotics and Automation (ICRA),crossref,tactile perception robot manipulation,10.1109/icra57147.2024.10610074,https://doi.org/10.1109/icra57147.2024.10610074,Shilong Mu; Runze Zhao; Zenan Lin; Yan Huang; Shoujie Li; Chenchang Li; Xiao-Ping Zhang; Wenbo Ding,,physical,0,2,0,0,contact geometry,not explicit,not explicit
doi:10.1109/tro.2024.3428430,Evetac: An Event-Based Optical Tactile Sensor for Robotic Manipulation,2024,IEEE Transactions on Robotics,crossref,tactile perception robot manipulation,10.1109/tro.2024.3428430,https://doi.org/10.1109/tro.2024.3428430,Niklas Funk; Erik Helmut; Georgia Chalvatzaki; Roberto Calandra; Jan Peters,,physical,0,2,0,0,contact geometry,not explicit,contact discontinuities
doi:10.1007/978-3-031-63596-0_24,Improving the Perception of Visual Fiducial Markers in the Field Using Adaptive Active Exposure Control,2024,Springer Proceedings in Advanced Robotics Experimental Robotics,crossref,active perception robotics world model,10.1007/978-3-031-63596-0_24,https://doi.org/10.1007/978-3-031-63596-0_24,Ziang Ren; Samuel Lensgraf; Alberto Quattrini Li,,physical,0,1,1,0,not explicit,not explicit,not explicit
doi:10.1109/lra.2023.3333735,Inter-finger Small Object Manipulation With DenseTact Optical Tactile Sensor,2024,IEEE Robotics and Automation Letters,crossref,tactile perception robot manipulation,10.1109/lra.2023.3333735,https://doi.org/10.1109/lra.2023.3333735,Won Kyung Do; Bianca Aumann; Camille Chungyoun; Monroe Kennedy,,physical,0,2,0,0,contact geometry,not explicit,contact discontinuities
doi:10.1109/icra57147.2024.10610933,Masked Visual-Tactile Pre-training for Robot Manipulation,2024,2024 IEEE International Conference on Robotics and Automation (ICRA),crossref,tactile perception robot manipulation,10.1109/icra57147.2024.10610933,https://doi.org/10.1109/icra57147.2024.10610933,Qingtao Liu; Qi Ye; Zhengnan Sun; Yu Cui; Gaofeng Li; Jiming Chen,,physical,0,2,0,0,contact geometry,not explicit,contact discontinuities
doi:10.1109/codit62066.2024.10708080,Model-based reinforcement learning experimental study for mobile robot navigation,2024,"2024 10th International Conference on Control, Decision and Information Technologies (CoDIT)",crossref,model-based reinforcement learning robot control,10.1109/codit62066.2024.10708080,https://doi.org/10.1109/codit62066.2024.10708080,Dmitrii Dobriborsci; Ilya Chichkanov; Roman Zashchitin; Pavel Osinenko,,physical,0,1,0,1,contact geometry,not explicit,not explicit
doi:10.1109/icaace61206.2024.10549135,Path Planning Algorithm of Mobile Robot Based on Improved Q-Learning,2024,2024 7th International Conference on Advanced Algorithms and Control Engineering (ICAACE),crossref,offline robot learning planning control,10.1109/icaace61206.2024.10549135,https://doi.org/10.1109/icaace61206.2024.10549135,Ze Yu; Jin Mao; Wei Qi,,planning,0,0,2,0,control actionability,not explicit,long-horizon compounding error
doi:10.1109/iccre61448.2024.10589800,Real Robot One (RR1): 3D Printed Robotic Arm for Teaching Robotics Engineering and Robot Control,2024,2024 9th International Conference on Control and Robotics Engineering (ICCRE),crossref,sim-to-real robot control abstraction,10.1109/iccre61448.2024.10589800,https://doi.org/10.1109/iccre61448.2024.10589800,Pavel Surynek,,physical,0,1,1,0,not explicit,not explicit,not explicit
doi:10.22541/au.173321942.24618438/v1,SimLiquid: A Simulation-Based Liquid Perception Pipeline for Robot Liquid Manipulation,2024,,crossref,tactile perception robot manipulation,10.22541/au.173321942.24618438/v1,https://doi.org/10.22541/au.173321942.24618438/v1,Yan Huang; Jiawei Zhang; Ran Yu; Shoujie Li; Wenbo Ding,"Transparent liquid volume estimation is crucial for robot manipulation tasks, such as pouring. However, estimating the volume of transparent liquids is a challenging problem. Most existing methods primarily focus on data collection in the real world, and the sensors are fixed to the robot body for liquid volume estimation. These approaches limit both the timeliness of the research process and the flexibility of perception. In this paper, we present SimLiquid20k, a high-fidelity synthetic dataset for liquid volume estimation, and propose a YOLO-based multi-modal network trained on fully synthetic data for estimating the volume of transparent liquids. Extensive experiments demonstrate that our method can effectively transfer from simulation to the real world. In scenarios involving changes in background, viewpoint, and container variations, our approach achieves an average error of 5% in real-world volume estimation. In addition, our work conducts two application experiments integrate with ChatGPT, showcasing the potential of our method in service robotics. The accompanying video and supplementary materials are available at https://simliquid.github.io/.",physical,0,2,0,0,contact geometry; domain shift,not explicit,contact discontinuities; distribution shift
doi:10.1109/indin58382.2024.10774307,Towards Robot Software Abstraction: ROS 2-Based Framework for Object Handling within a Robot Cell,2024,2024 IEEE 22nd International Conference on Industrial Informatics (INDIN),crossref,robot abstraction learning,10.1109/indin58382.2024.10774307,https://doi.org/10.1109/indin58382.2024.10774307,Mikel Bueno Viso; Jingjing Huang; Seemal Asif; Fahad Khan; Phil Webb,,abstraction,2,0,0,0,not explicit,variables discarded by abstraction,not explicit
doi:10.1109/icmre56789.2023.10106607,A Framework for Online and Offline Programming of Multi-Robot Cooperative Motion Planning,2023,2023 9th International Conference on Mechatronics and Robotics Engineering (ICMRE),crossref,offline robot learning planning control,10.1109/icmre56789.2023.10106607,https://doi.org/10.1109/icmre56789.2023.10106607,Senyu Mo; Yisheng Guan; Yihui Li; Xiaohan Chen,,planning,0,0,2,0,control actionability,dataset support,long-horizon compounding error
doi:10.1109/ddcls58216.2023.10166176,A Survey on Path Planning for Mobile Robot Systems,2023,2023 IEEE 12th Data Driven Control and Learning Systems Conference (DDCLS),crossref,offline robot learning planning control,10.1109/ddcls58216.2023.10166176,https://doi.org/10.1109/ddcls58216.2023.10166176,Hejia Gao; Dongliang Liu; Juqi Hu,,planning,0,0,2,0,control actionability,not explicit,long-horizon compounding error
doi:10.1117/12.3011588,A review of robot grasping tactile perception based on deep learning,2023,Third International Conference on Control and Intelligent Robotics (ICCIR 2023),crossref,tactile perception robot manipulation,10.1117/12.3011588,https://doi.org/10.1117/12.3011588,Chi Zhang; Yingzhao Zhu,,physical,0,2,0,0,contact geometry,not explicit,not explicit
doi:10.23919/ecc57647.2023.10178306,Expert Initialized Hybrid Model-Based and Model-Free Reinforcement Learning,2023,2023 European Control Conference (ECC),crossref,model-based reinforcement learning robot control,10.23919/ecc57647.2023.10178306,https://doi.org/10.23919/ecc57647.2023.10178306,Jeppe Langaa; Christoffer Sloth,,physical,0,1,0,1,contact geometry,not explicit,not explicit
doi:10.23919/iccas59377.2023.10316902,Exploring Generalization and Adaptability of Offline Reinforcement Learning for Robot Manipulation,2023,"2023 23rd International Conference on Control, Automation and Systems (ICCAS)",crossref,offline robot learning planning control,10.23919/iccas59377.2023.10316902,https://doi.org/10.23919/iccas59377.2023.10316902,Hyun Kim; Injun Park; Ingook Jang; Seonghyun Kim; Samyeul Noh; Joonmyon Cho,,physical,0,2,0,0,contact geometry,dataset support,contact discontinuities
doi:10.1109/iccect57938.2023.10140966,Four-wheeled Ackermann Robot Path Planning in 2D Maze Based on Q-Learning-Bezier Method,2023,"2023 IEEE International Conference on Control, Electronics and Computer Technology (ICCECT)",crossref,offline robot learning planning control,10.1109/iccect57938.2023.10140966,https://doi.org/10.1109/iccect57938.2023.10140966,Zichen Zhang,,planning,0,0,2,0,control actionability,not explicit,long-horizon compounding error
doi:10.1016/c2021-0-02620-1,Human-In-the-loop Learning and Control for Robot Teleoperation,2023,,crossref,robot representation learning control,10.1016/c2021-0-02620-1,https://doi.org/10.1016/c2021-0-02620-1,,,physical,0,1,1,0,not explicit,not explicit,not explicit
doi:10.1109/icra48891.2023.10160455,Learning Continuous Control Policies for Information-Theoretic Active Perception,2023,2023 IEEE International Conference on Robotics and Automation (ICRA),crossref,active perception robotics world model,10.1109/icra48891.2023.10160455,https://doi.org/10.1109/icra48891.2023.10160455,Pengzhi Yang; Yuhan Liu; Shumon Koga; Arash Asgharivaskasi; Nikolay Atanasov,,physical,0,1,1,0,not explicit,not explicit,not explicit
doi:10.1109/tro.2023.3258690,Offline Time-Independent Multiagent Path Planning,2023,IEEE Transactions on Robotics,crossref,offline robot learning planning control,10.1109/tro.2023.3258690,https://doi.org/10.1109/tro.2023.3258690,Keisuke Okumura; Franois Bonnet; Yasumasa Tamura; Xavier Dfago,,planning,0,0,2,0,control actionability,dataset support,long-horizon compounding error
doi:10.1109/access.2023.3322230,Optimized Offline-Coverage Path Planning Algorithm for Multi-Robot for Weeding in Paddy Fields,2023,IEEE Access,crossref,offline robot learning planning control,10.1109/access.2023.3322230,https://doi.org/10.1109/access.2023.3322230,Murugaraj Govindaraju; Daniele Fontanelli; S. Selva Kumar; Anju S. Pillai,,planning,0,0,2,0,control actionability,dataset support,long-horizon compounding error
doi:10.1109/icdl55364.2023.10364556,Real-World Robot Control and Data Augmentation by World-Model Learning from Play,2023,2023 IEEE International Conference on Development and Learning (ICDL),crossref,multimodal robot world model,10.1109/icdl55364.2023.10364556,https://doi.org/10.1109/icdl55364.2023.10364556,Yuta Nomura; Shingo Murata,,physical,0,1,1,0,not explicit,not explicit,not explicit
doi:10.5954/icarob.2023.os7-2,Study on a Construction of Velocity Perception Model and Kansei Feedback Control System in Active Behavior,2023,Proceedings of International Conference on Artificial Life and Robotics,crossref,active perception robotics world model,10.5954/icarob.2023.os7-2,https://doi.org/10.5954/icarob.2023.os7-2,Sota Takemura; Takuya Kinioshita; Toru Yamamoto,,physical,0,1,1,0,not explicit,not explicit,not explicit
doi:10.1109/codit58514.2023.10284290,Teaching a Robot to Toss Arbitrary Objects with Model-Based Reinforcement Learning,2023,"2023 9th International Conference on Control, Decision and Information Technologies (CoDIT)",crossref,model-based reinforcement learning robot control,10.1109/codit58514.2023.10284290,https://doi.org/10.1109/codit58514.2023.10284290,Niccolo' Turcato; Alberto Dalla Libera; Giulio Giacomuzzo; Ruggero Carli,,physical,0,1,0,1,contact geometry,not explicit,not explicit
doi:10.1109/lra.2023.3236884,Visuo-Tactile Feedback-Based Robot Manipulation for Object Packing,2023,IEEE Robotics and Automation Letters,crossref,tactile perception robot manipulation,10.1109/lra.2023.3236884,https://doi.org/10.1109/lra.2023.3236884,Wenyu Liang; Fen Fang; Cihan Acar; Wei Qi Toh; Ying Sun; Qianli Xu; Yan Wu,,physical,0,2,0,0,contact geometry,not explicit,contact discontinuities
doi:10.1109/mra.2022.3212316,Visuo-Tactile Recognition of Partial Point Clouds Using PointNet and Curriculum Learning: Enabling Tactile Perception from Visual Data,2023,IEEE Robotics &amp; Automation Magazine,crossref,tactile perception robot manipulation,10.1109/mra.2022.3212316,https://doi.org/10.1109/mra.2022.3212316,Christopher Parsons; Alessandro Albini; Daniele De Martini; Perla Maiolino,,physical,0,2,0,0,contact geometry,not explicit,not explicit
doi:10.1117/12.2690812,Visuo-tactile pose tracking method for in-hand robot manipulation tasks of quotidian objects,2023,Sixteenth International Conference on Quality Control by Artificial Vision,crossref,tactile perception robot manipulation,10.1117/12.2690812,https://doi.org/10.1117/12.2690812,camille taglione; Carlos M Mateo; Christophe Stolz,,physical,0,2,0,0,contact geometry,not explicit,contact discontinuities
doi:10.1016/b978-0-32-390445-2.00008-8,GelTip tactile sensor for dexterous manipulation in clutter,2022,"Tactile Sensing, Skill Learning, and Robotic Dexterous Manipulation",crossref,tactile perception robot manipulation,10.1016/b978-0-32-390445-2.00008-8,https://doi.org/10.1016/b978-0-32-390445-2.00008-8,Daniel Fernandes Gomes; Shan Luo,,physical,0,2,0,0,contact geometry,not explicit,contact discontinuities
doi:10.1109/icra46639.2022.9812379,Human-Robot Shared Control for Surgical Robot Based on Context-Aware Sim-to-Real Adaptation,2022,2022 International Conference on Robotics and Automation (ICRA),crossref,sim-to-real robot control abstraction,10.1109/icra46639.2022.9812379,https://doi.org/10.1109/icra46639.2022.9812379,Dandan Zhang; Zicong Wu; Junhong Chen; Ruiqi Zhu; Adnan Munawar; Bo Xiao; Yuan Guan; Hang Su,,physical,0,1,1,0,domain shift,not explicit,distribution shift
doi:10.1016/j.ins.2022.01.058,Hybrid offline and online task planning for service robot using object-level semantic map and probabilistic inference,2022,Information Sciences,crossref,offline robot learning planning control,10.1016/j.ins.2022.01.058,https://doi.org/10.1016/j.ins.2022.01.058,Zhongli Wang; Guohui Tian,,planning,0,0,2,0,control actionability,dataset support,long-horizon compounding error
doi:10.1007/978-981-19-0638-1_5,Model-Based Reinforcement Learning,2022,Deep Reinforcement Learning,crossref,model-based reinforcement learning robot control,10.1007/978-981-19-0638-1_5,https://doi.org/10.1007/978-981-19-0638-1_5,Aske Plaat,,physical,0,1,0,1,contact geometry,not explicit,not explicit
doi:10.1109/humanoids53995.2022.10000153,"NaivPhys4RP - Towards Human-like Robot Perception ""Physical Reasoning based on Embodied Probabilistic Simulation""",2022,2022 IEEE-RAS 21st International Conference on Humanoid Robots (Humanoids),crossref,embodied intelligence physical reasoning robot,10.1109/humanoids53995.2022.10000153,https://doi.org/10.1109/humanoids53995.2022.10000153,Franklin K. Kenghagho; Michael Neumann; Patrick Mania; Toni Tan; Feroz A. Siddiky; Rene Weller; Gabriel Zachmann; Michael Beetz,,physical,0,2,0,0,not explicit,not explicit,not explicit
doi:10.1002/9781119808602.ch2,Optimal Control,2022,ModelBased Reinforcement Learning,crossref,model-based reinforcement learning robot control,10.1002/9781119808602.ch2,https://doi.org/10.1002/9781119808602.ch2,,,physical,0,1,1,0,not explicit,not explicit,not explicit
doi:10.1007/978-3-030-93290-9_4,Perception and Motion Planning for Unknotting/untangling of Ropes of Finite Thickness,2022,Springer Tracts in Advanced Robotics Robot Dynamic Manipulation,crossref,robot world model planning control manipulation,10.1007/978-3-030-93290-9_4,https://doi.org/10.1007/978-3-030-93290-9_4,Midhun S. Menon; Vincenzo Lippiello,,planning,0,0,2,0,control actionability,not explicit,long-horizon compounding error
doi:10.1002/9781119808602.ch7,Piecewise Learning and Control with Stability Guarantees,2022,ModelBased Reinforcement Learning,crossref,model-based reinforcement learning robot control,10.1002/9781119808602.ch7,https://doi.org/10.1002/9781119808602.ch7,,,physical,0,1,1,0,not explicit,not explicit,not explicit
doi:10.1007/978-3-030-93290-9_9,Planning Framework for Robotic Pizza Dough Stretching with a Rolling Pin,2022,Springer Tracts in Advanced Robotics Robot Dynamic Manipulation,crossref,robot world model planning control manipulation,10.1007/978-3-030-93290-9_9,https://doi.org/10.1007/978-3-030-93290-9_9,Jung-Tae Kim; Fabio Ruggiero; Vincenzo Lippiello; Bruno Siciliano,,planning,0,0,2,0,control actionability,not explicit,long-horizon compounding error
doi:10.1109/lra.2022.3205442,Sim-to-Real Transfer for Fixed-Wing Uncrewed Aerial Vehicle: Pitch Control by High-Fidelity Modelling and Domain Randomization,2022,IEEE Robotics and Automation Letters,crossref,sim-to-real robot control abstraction,10.1109/lra.2022.3205442,https://doi.org/10.1109/lra.2022.3205442,Daichi Wada; Sergio Araujo-Estrada; Shane Windsor,,physical,0,1,1,0,domain shift,not explicit,distribution shift
doi:10.1016/c2020-0-02663-0,"Tactile Sensing, Skill Learning, and Robotic Dexterous Manipulation",2022,,crossref,tactile perception robot manipulation,10.1016/c2020-0-02663-0,https://doi.org/10.1016/c2020-0-02663-0,,,physical,0,2,0,0,contact geometry,not explicit,contact discontinuities
doi:10.1080/1523908x.2022.2038104,"The modern railway and the Swedish state - competing storylines about state capacity, modernisation and material dependencies in the Swedish high-speed rail discourse, 1995-2020",2022,Journal of Environmental Policy &amp; Planning,crossref,latent state robot policy planning,10.1080/1523908x.2022.2038104,https://doi.org/10.1080/1523908x.2022.2038104,Simon Haikola; Jonas Anshelm,,abstraction,2,0,0,0,not explicit,not explicit,not explicit
doi:10.1109/cdc51059.2022.9992938,dSLAP: Distributed Safe Learning and Planning for Multi-robot Systems,2022,2022 IEEE 61st Conference on Decision and Control (CDC),crossref,offline robot learning planning control,10.1109/cdc51059.2022.9992938,https://doi.org/10.1109/cdc51059.2022.9992938,Zhenyuan Yuan; Minghui Zhu,,planning,0,0,2,0,control actionability,not explicit,long-horizon compounding error
doi:10.1109/icra48506.2021.9561154,Attention-Based Probabilistic Planning with Active Perception,2021,2021 IEEE International Conference on Robotics and Automation (ICRA),crossref,active perception robotics world model,10.1109/icra48506.2021.9561154,https://doi.org/10.1109/icra48506.2021.9561154,Haoxiang Ma; Jie Fu,,planning,0,0,2,0,control actionability,not explicit,long-horizon compounding error
doi:10.1016/b978-0-12-823449-5.00010-1,Automated pairing manipulation of biological cells with a robot-tweezers manipulation system,2021,Autonomous Robot-Aided Optical Manipulation for Biological Cells,crossref,tactile perception robot manipulation,10.1016/b978-0-12-823449-5.00010-1,https://doi.org/10.1016/b978-0-12-823449-5.00010-1,Mingyang Xie; Dong Sun,,physical,0,2,0,0,contact geometry,not explicit,contact discontinuities
doi:10.1109/icra48506.2021.9561865,Energy-optimal Path Planning with Active Flow Perception for Autonomous Underwater Vehicles,2021,2021 IEEE International Conference on Robotics and Automation (ICRA),crossref,active perception robotics world model,10.1109/icra48506.2021.9561865,https://doi.org/10.1109/icra48506.2021.9561865,Niankai Yang; Dongsik Chang; Matthew Johnson-Roberson; Jing Sun,,planning,0,0,2,0,control actionability,not explicit,long-horizon compounding error
doi:10.1002/9781119782773.ch5,Humanintheloop Control Using Euler Angles,2021,HumanRobot Interaction Control Using Reinforcement Learning,crossref,robot representation learning control,10.1002/9781119782773.ch5,https://doi.org/10.1002/9781119782773.ch5,,,physical,0,1,1,0,not explicit,not explicit,not explicit
doi:10.1109/lra.2021.3061308,Improved Learning of Robot Manipulation Tasks Via Tactile Intrinsic Motivation,2021,IEEE Robotics and Automation Letters,crossref,tactile perception robot manipulation,10.1109/lra.2021.3061308,https://doi.org/10.1109/lra.2021.3061308,Nikola Vulin; Sammy Christen; Stefan Stevsic; Otmar Hilliges,,physical,0,2,0,0,contact geometry,not explicit,contact discontinuities
doi:10.1002/9781119782773.ch3,Model Based HumanRobot Interaction Control,2021,HumanRobot Interaction Control Using Reinforcement Learning,crossref,robot representation learning control,10.1002/9781119782773.ch3,https://doi.org/10.1002/9781119782773.ch3,,,physical,0,1,1,0,not explicit,not explicit,not explicit
doi:10.1002/9781119782773.ch4,Model Free HumanRobot Interaction Control,2021,HumanRobot Interaction Control Using Reinforcement Learning,crossref,robot representation learning control,10.1002/9781119782773.ch4,https://doi.org/10.1002/9781119782773.ch4,,,physical,0,1,1,0,not explicit,not explicit,not explicit
doi:10.1201/9781003119173-7,Neural Network-Enhanced Robot Manipulator Control,2021,Robot Learning Human Skills and Intelligent Control Design,crossref,robot representation learning control,10.1201/9781003119173-7,https://doi.org/10.1201/9781003119173-7,Chenguang Yang; Chao Zeng; Jianwei Zhang,,physical,0,1,1,0,contact geometry,not explicit,contact discontinuities
doi:10.1080/1523908x.2021.1992265,Policy mixes for biodiversity: a diffusion analysis of state-level citizens' initiatives in Germany,2021,Journal of Environmental Policy &amp; Planning,crossref,latent state robot policy planning,10.1080/1523908x.2021.1992265,https://doi.org/10.1080/1523908x.2021.1992265,Jale Tosun; Marcus A. Koch,,abstraction,1,0,1,0,control actionability,not explicit,not explicit
doi:10.1299/jsmermd.2020.2a1-l02,Active Perception Policy Learning by Reinforcement Learning,2020,The Proceedings of JSME annual Conference on Robotics and Mechatronics (Robomec),crossref,active perception robotics world model,10.1299/jsmermd.2020.2a1-l02,https://doi.org/10.1299/jsmermd.2020.2a1-l02,Wataru HATANAKA; Fumihiro SASAKI; Ryota YAMASHINA,,physical,0,1,1,0,contact geometry; control actionability,not explicit,not explicit
doi:10.31256/gz8eu7c,Adaptive Manipulator Control using Active Inference with Precision Learning,2020,"UK-RAS Conference for PhD and Early Career Researchers Proceedings UKRAS20 Conference: ""Robots into the real world"" Proceedings",crossref,active perception robotics world model,10.31256/gz8eu7c,https://doi.org/10.31256/gz8eu7c,Mohamed Baioumy; Matias Mattamala; Paul Duckworth; Bruno Lacerda,,physical,0,1,1,0,contact geometry,not explicit,contact discontinuities
doi:10.1109/lra.2020.2972881,Dynamically Reconfigurable Tactile Sensor for Robotic Manipulation,2020,IEEE Robotics and Automation Letters,crossref,tactile perception robot manipulation,10.1109/lra.2020.2972881,https://doi.org/10.1109/lra.2020.2972881,Tae Myung Huh; Hojung Choi; Simone Willcox; Stephanie Moon; Mark R. Cutkosky,,physical,0,2,0,0,contact geometry,not explicit,contact discontinuities
doi:10.5302/j.icros.2020.20.0095,Model-Based Real-Time Trajectory Generation for a Self-Balancing Inverted Pendulum Robot,2020,"Journal of Institute of Control, Robotics and Systems",crossref,sim-to-real robot control abstraction,10.5302/j.icros.2020.20.0095,https://doi.org/10.5302/j.icros.2020.20.0095,Yongkuk Kim; Kyuyoung Sim; SangJoo Kwon,,planning,0,0,1,1,not explicit,not explicit,not explicit
doi:10.1007/978-3-030-39954-2_9,On Capital as Real Abstraction,2020,"Marx, Engels, and Marxisms Marx and Contemporary Critical Theory",crossref,sim-to-real robot control abstraction,10.1007/978-3-030-39954-2_9,https://doi.org/10.1007/978-3-030-39954-2_9,Werner Bonefeld,,abstraction,2,0,0,0,not explicit,variables discarded by abstraction,not explicit
doi:10.1007/978-981-15-0508-9_6,Path Planning of Nano-Robot Using Probability Distribution Region,2020,AFM-Based Observation and Robotic Nano-manipulation,crossref,robotic manipulation planning latent dynamics,10.1007/978-981-15-0508-9_6,https://doi.org/10.1007/978-981-15-0508-9_6,Shuai Yuan; Lianqing Liu; Zhidong Wang; Ning Xi,,planning,0,0,2,0,control actionability,not explicit,long-horizon compounding error
doi:10.1007/978-3-030-39954-2_4,Real Abstraction: Philological Issues,2020,"Marx, Engels, and Marxisms Marx and Contemporary Critical Theory",crossref,sim-to-real robot control abstraction,10.1007/978-3-030-39954-2_4,https://doi.org/10.1007/978-3-030-39954-2_4,Roberto Fineschi,,abstraction,2,0,0,0,not explicit,variables discarded by abstraction,not explicit
doi:10.1111/jcal.12495/v2/review1,"Review for ""Comparison of <scp>objectoriented</scp> and robot programming activities: The effects of programming modality on student achievement, abstraction, problem solving, and motivation""",2020,,crossref,robot abstraction learning,10.1111/jcal.12495/v2/review1,https://doi.org/10.1111/jcal.12495/v2/review1,,,abstraction,2,0,0,0,not explicit,variables discarded by abstraction,not explicit
doi:10.1111/jcal.12495/v1/review1,"Review for ""Comparison of <scp>objectoriented</scp> and robot programming activities: The effects of programming modality on student achievement, abstraction, problem solving, and motivation""",2020,,crossref,robot abstraction learning,10.1111/jcal.12495/v1/review1,https://doi.org/10.1111/jcal.12495/v1/review1,,,abstraction,2,0,0,0,not explicit,variables discarded by abstraction,not explicit
doi:10.1109/iros45743.2020.9341057,Sim-to-Real with Domain Randomization for Tumbling Robot Control,2020,2020 IEEE/RSJ International Conference on Intelligent Robots and Systems (IROS),crossref,sim-to-real robot control abstraction,10.1109/iros45743.2020.9341057,https://doi.org/10.1109/iros45743.2020.9341057,Andrew Schwartzwald; Nikolaos Papanikolopoulos,,physical,0,1,1,0,domain shift,not explicit,distribution shift
doi:10.5220/0009887900710080,Towards Fully Automated Inspection of Large Components with UAVs: Offline Path Planning,2020,"Proceedings of the 17th International Conference on Informatics in Control, Automation and Robotics",crossref,offline robot learning planning control,10.5220/0009887900710080,https://doi.org/10.5220/0009887900710080,Constantin Wanninger; Raphael Katschinsky; Alwin Hoffmann; Martin Schrner; Wolfgang Reif,,planning,0,0,2,0,control actionability,dataset support,long-horizon compounding error
doi:10.1016/j.robot.2019.103295,Abstraction based approach for segregation in heterogeneous robotic swarms,2019,Robotics and Autonomous Systems,crossref,state abstraction robotics control,10.1016/j.robot.2019.103295,https://doi.org/10.1016/j.robot.2019.103295,Edson B. Ferreira-Filho; Luciano C.A. Pimenta,,abstraction,2,0,0,0,not explicit,variables discarded by abstraction,not explicit
doi:10.4324/9781315628905-8,Abstraction in sequence learning,2019,Implicit Learning,crossref,robot abstraction learning,10.4324/9781315628905-8,https://doi.org/10.4324/9781315628905-8,Ferenc Kemny; gnes Lukcs,,abstraction,2,0,0,0,not explicit,variables discarded by abstraction,not explicit
doi:10.1109/ro-man46459.2019.8956357,Learning Robot Policies Using a High-Level Abstraction Persona-Behaviour Simulator,2019,2019 28th IEEE International Conference on Robot and Human Interactive Communication (RO-MAN),crossref,robot abstraction learning,10.1109/ro-man46459.2019.8956357,https://doi.org/10.1109/ro-man46459.2019.8956357,Antonio Andriella; Carme Torras; Guillem Aleny,,abstraction,2,0,0,0,not explicit,variables discarded by abstraction,not explicit
doi:10.1126/scirobotics.aaw6736,Learning sensorimotor control with neuromorphic sensors: Toward hyperdimensional active perception,2019,Science Robotics,crossref,active perception robotics world model,10.1126/scirobotics.aaw6736,https://doi.org/10.1126/scirobotics.aaw6736,A. Mitrokhin; P. Sutor; C. Fermller; Y. Aloimonos,The theory of hyperdimensional computation facilitates integration of action and perception by using a neuromorphic sensor.,physical,0,1,1,0,not explicit,not explicit,not explicit
doi:10.1007/978-3-030-12945-3_23,Motion Planning,2019,Springer Tracts in Advanced Robotics Aerial Robotic Manipulation,crossref,robotic manipulation planning latent dynamics,10.1007/978-3-030-12945-3_23,https://doi.org/10.1007/978-3-030-12945-3_23,Alexandre Boeuf; Juan Corts; Thierry Simon,,planning,0,0,2,0,control actionability,not explicit,long-horizon compounding error
doi:10.1109/hri.2019.8673158,Motion of Soft Robots with Physically Embodied Intelligence,2019,2019 14th ACM/IEEE International Conference on Human-Robot Interaction (HRI),crossref,embodied intelligence physical reasoning robot,10.1109/hri.2019.8673158,https://doi.org/10.1109/hri.2019.8673158,Kyu-Jin Cho,,physical,0,2,0,0,not explicit,not explicit,not explicit
doi:10.1109/lars-sbr-wre48964.2019.00087,Robot Programming at Different Abstraction Levels,2019,"2019 Latin American Robotics Symposium (LARS), 2019 Brazilian Symposium on Robotics (SBR) and 2019 Workshop on Robotics in Education (WRE)",crossref,state abstraction robotics control,10.1109/lars-sbr-wre48964.2019.00087,https://doi.org/10.1109/lars-sbr-wre48964.2019.00087,Carla Fernandes; Renata Barros; Erika Albuquerque; Sarah Sa; Luiz Goncalves,,abstraction,2,0,0,0,not explicit,variables discarded by abstraction,not explicit
doi:10.1109/robosoft.2019.8722713,Soft-bubble: A highly compliant dense geometry tactile sensor for robot manipulation,2019,2019 2nd IEEE International Conference on Soft Robotics (RoboSoft),crossref,tactile perception robot manipulation,10.1109/robosoft.2019.8722713,https://doi.org/10.1109/robosoft.2019.8722713,Alex Alspach; Kunimatsu Hashimoto; Naveen Kuppuswamy; Russ Tedrake,,physical,0,2,0,0,contact geometry,not explicit,contact discontinuities
doi:10.1109/lra.2019.2894216,VR-Goggles for Robots: Real-to-Sim Domain Adaptation for Visual Control,2019,IEEE Robotics and Automation Letters,crossref,sim-to-real robot control abstraction,10.1109/lra.2019.2894216,https://doi.org/10.1109/lra.2019.2894216,Jingwei Zhang; Lei Tai; Peng Yun; Yufeng Xiong; Ming Liu; Joschka Boedecker; Wolfram Burgard,,physical,0,1,1,0,not explicit,not explicit,not explicit
doi:10.15607/rss.2019.xv.014,Value Iteration Networks on Multiple Levels of Abstraction,2019,Robotics: Science and Systems XV,crossref,state abstraction robotics control,10.15607/rss.2019.xv.014,https://doi.org/10.15607/rss.2019.xv.014,Daniel Schleich; Tobias Klamt; Sven Behnke,,abstraction,2,0,0,0,not explicit,variables discarded by abstraction,not explicit
doi:10.1109/lcsys.2019.2917805,Vector Autoregressive POMDP Model Learning and Planning for Human-Robot Collaboration,2019,IEEE Control Systems Letters,crossref,robot world model planning control manipulation,10.1109/lcsys.2019.2917805,https://doi.org/10.1109/lcsys.2019.2917805,Wei Zheng; Hai Lin,,planning,0,0,2,0,control actionability,not explicit,long-horizon compounding error
doi:10.5040/9781350975293,Abstraction,2018,Abstraction,crossref,robot abstraction learning,10.5040/9781350975293,https://doi.org/10.5040/9781350975293,,,abstraction,2,0,0,0,not explicit,variables discarded by abstraction,not explicit
doi:10.5040/9781350981485,Abstraction,2018,Abstraction,crossref,robot abstraction learning,10.5040/9781350981485,https://doi.org/10.5040/9781350981485,,,abstraction,2,0,0,0,not explicit,variables discarded by abstraction,not explicit
doi:10.5040/9781350896901,Dynamic Abstraction,2018,Dynamic Abstraction,crossref,robot abstraction learning,10.5040/9781350896901,https://doi.org/10.5040/9781350896901,,,abstraction,2,0,0,0,not explicit,variables discarded by abstraction,not explicit
doi:10.1109/wcica.2018.8630619,Mobile Robot Path Planning in Complicated Environment,2018,2018 13th World Congress on Intelligent Control and Automation (WCICA),crossref,robot world model planning control manipulation,10.1109/wcica.2018.8630619,https://doi.org/10.1109/wcica.2018.8630619,Hu Pan; Chen Guo; Zhaodong Wang,,planning,0,0,2,0,control actionability,not explicit,long-horizon compounding error
doi:10.25236/wccece.2018.46,Research on Path Planning Optimization of Body Welding Robot,2018,"2018 4th World Conference on Control, Electronics and Computer Engineering (WCCECE 2018)",crossref,robot world model planning control manipulation,10.25236/wccece.2018.46,https://doi.org/10.25236/wccece.2018.46,,,planning,0,0,2,0,control actionability,not explicit,long-horizon compounding error
doi:10.1142/s0219843618020012,Tactile Sensing for Manipulation,2018,International Journal of Humanoid Robotics,crossref,tactile perception robot manipulation,10.1142/s0219843618020012,https://doi.org/10.1142/s0219843618020012,Qiang Li; Lorenzo Natale; Robert Haschke; Andrea Cherubini; Anh-Van Ho; Helge Ritter,,physical,0,2,0,0,contact geometry,not explicit,contact discontinuities
doi:10.1109/devlrn.2018.8761025,"Which Input Abstraction is Better for a Robot Syntax Acquisition Model? Phonemes, Words or Grammatical Constructions?",2018,2018 Joint IEEE 8th International Conference on Development and Learning and Epigenetic Robotics (ICDL-EpiRob),crossref,robot abstraction learning,10.1109/devlrn.2018.8761025,https://doi.org/10.1109/devlrn.2018.8761025,Xavier Hinaut,,abstraction,2,0,0,0,not explicit,variables discarded by abstraction,not explicit
doi:10.1515/9780824862183-005,3. Genesis of State Policy on Tourism,2017,Developing a Dream Destination,crossref,latent state robot policy planning,10.1515/9780824862183-005,https://doi.org/10.1515/9780824862183-005,,,abstraction,1,0,1,0,control actionability,not explicit,not explicit
doi:10.1515/9780824862183-006,4. State Tax Policy on Tourism,2017,Developing a Dream Destination,crossref,latent state robot policy planning,10.1515/9780824862183-006,https://doi.org/10.1515/9780824862183-006,,,abstraction,1,0,1,0,control actionability,not explicit,not explicit
doi:10.23919/iccas.2017.8204444,A novel offline coverage path planning algorithm for a tethered robot,2017,"2017 17th International Conference on Control, Automation and Systems (ICCAS)",crossref,offline robot learning planning control,10.23919/iccas.2017.8204444,https://doi.org/10.23919/iccas.2017.8204444,L.S.R. Mechsy; M.U.B. Dias; W. Pragithmukar; A.L. Kulasekera,,planning,0,0,2,0,control actionability,dataset support,long-horizon compounding error
doi:10.4324/9781351238762-32,Andhra Pradesh state population policy,2017,The Lineaments of Population Policy in India,crossref,latent state robot policy planning,10.4324/9781351238762-32,https://doi.org/10.4324/9781351238762-32,Mohan Rao; Vina Mazumdar,,abstraction,1,0,1,0,control actionability,not explicit,not explicit
doi:10.5040/9781350219571,Development Planning in South Africa,2017,,crossref,latent state robot policy planning,10.5040/9781350219571,https://doi.org/10.5040/9781350219571,John Reynolds,,planning,0,0,2,0,control actionability,not explicit,long-horizon compounding error
doi:10.1017/9781316661239.015,Grasping and Manipulation,2017,Modern Robotics,crossref,robot world model planning control manipulation,10.1017/9781316661239.015,https://doi.org/10.1017/9781316661239.015,,,physical,0,2,0,0,contact geometry,not explicit,contact discontinuities
doi:10.1049/pbce086e_ch10,Hybrid iterative learning control,2017,"Flexible Robot Manipulators: Modelling, Simulation and Control",crossref,robot representation learning control,10.1049/pbce086e_ch10,https://doi.org/10.1049/pbce086e_ch10,,,physical,0,1,1,0,not explicit,not explicit,not explicit
doi:10.1201/9781315152691-13,Mobile-Robot Motion Control,2017,A Systematic Approach to Learning Robot Programming with ROS,crossref,robot representation learning control,10.1201/9781315152691-13,https://doi.org/10.1201/9781315152691-13,Wyatt S. Newman,,physical,0,1,1,0,not explicit,not explicit,not explicit
doi:10.1109/lra.2017.2719761,Model-Free Precise in-Hand Manipulation with a 3D-Printed Tactile Gripper,2017,IEEE Robotics and Automation Letters,crossref,tactile perception robot manipulation,10.1109/lra.2017.2719761,https://doi.org/10.1109/lra.2017.2719761,Benjamin Ward-Cherrier; Nicolas Rojas; Nathan F. Lepora,,physical,0,2,0,0,contact geometry,not explicit,contact discontinuities
doi:10.1201/9781315136370-8,Nonholonomic Motion Planning,2017,A Mathematical Introduction to Robotic Manipulation,crossref,robotic manipulation planning latent dynamics,10.1201/9781315136370-8,https://doi.org/10.1201/9781315136370-8,Richard M. Murray; Zexiang Li; S. Shankar Sastry,,planning,0,0,2,0,control actionability,not explicit,long-horizon compounding error
doi:10.1109/icra.2017.7989520,Nonmyopic data association aware belief space planning for robust active perception,2017,2017 IEEE International Conference on Robotics and Automation (ICRA),crossref,active perception robotics world model,10.1109/icra.2017.7989520,https://doi.org/10.1109/icra.2017.7989520,Shashank Pathak; Antony Thomas; Vadim Indelman,,planning,0,0,2,0,control actionability,not explicit,long-horizon compounding error
doi:10.5040/9781350219571.ch-003,Overview of the provincial growth and development planning process,2017,Development Planning in South Africa,crossref,latent state robot policy planning,10.5040/9781350219571.ch-003,https://doi.org/10.5040/9781350219571.ch-003,,,planning,0,0,2,0,control actionability,not explicit,long-horizon compounding error
doi:10.1109/mfi.2017.8170454,Real-time 3D scene modeling using dynamic billboard for remote robot control systems,2017,2017 IEEE International Conference on Multisensor Fusion and Integration for Intelligent Systems (MFI),crossref,sim-to-real robot control abstraction,10.1109/mfi.2017.8170454,https://doi.org/10.1109/mfi.2017.8170454,Phuong Minh Chu; Seoungjae Cho; Hieu Trong Nguyen; Sungdae Sim; Kiho Kwak; Kyungeun Cho,,physical,0,1,1,0,not explicit,not explicit,not explicit
doi:10.1017/9781316661239.014,Robot Control,2017,Modern Robotics,crossref,robot world model planning control manipulation,10.1017/9781316661239.014,https://doi.org/10.1017/9781316661239.014,,,physical,0,1,1,0,not explicit,not explicit,not explicit
doi:10.1002/9781119091882.ch5,Task Planning,2017,Robot Learning by Visual Observation,crossref,offline robot learning planning control,10.1002/9781119091882.ch5,https://doi.org/10.1002/9781119091882.ch5,,,planning,0,0,2,0,control actionability,not explicit,long-horizon compounding error
doi:10.1109/hri.2016.7451789,A large scale tactile sensor for safe mobile robot manipulation,2016,2016 11th ACM/IEEE International Conference on Human-Robot Interaction (HRI),crossref,tactile perception robot manipulation,10.1109/hri.2016.7451789,https://doi.org/10.1109/hri.2016.7451789,Markus Fritzsche; Jose Saenz; Felix Penzlin,,physical,0,2,0,0,contact geometry,not explicit,contact discontinuities
doi:10.1057/978-1-137-60186-5_3,"Habitus, Embodied Knowledge, and Physical Intelligence",2016,Embodied Philosophy in Dance,crossref,embodied intelligence physical reasoning robot,10.1057/978-1-137-60186-5_3,https://doi.org/10.1057/978-1-137-60186-5_3,Einav Katan,,physical,0,2,0,0,not explicit,not explicit,not explicit
doi:10.1007/978-3-319-42324-1_2,Investigating Tactile Sensation in the Hand Using a Robot-Based Tactile Assessment Tool,2016,"Lecture Notes in Computer Science Haptics: Perception, Devices, Control, and Applications",crossref,tactile perception robot manipulation,10.1007/978-3-319-42324-1_2,https://doi.org/10.1007/978-3-319-42324-1_2,Elisabeth Wilhelm; Michael Mace; Atsushi Takagi; Ildar Farkhatdinov; Sarah Guy; Etienne Burdet,,physical,0,2,0,0,contact geometry,not explicit,not explicit
doi:10.1109/aim.2016.7576812,Learning-based object abstraction method from simple instructions for human support robot HSR,2016,2016 IEEE International Conference on Advanced Intelligent Mechatronics (AIM),crossref,robot abstraction learning,10.1109/aim.2016.7576812,https://doi.org/10.1109/aim.2016.7576812,Kotaro Nagahama; Hiroaki Yaguchi; Hirohito Hattori; Kiyohiro Sogen; Takashi Yamamoto; Masayuki Inaba,,abstraction,2,0,0,0,not explicit,variables discarded by abstraction,not explicit
doi:10.1007/s10514-016-9587-8,Making sense of words: a robotic model for language abstraction,2016,Autonomous Robots,crossref,robot abstraction learning,10.1007/s10514-016-9587-8,https://doi.org/10.1007/s10514-016-9587-8,Francesca Stramandinoli; Davide Marocco; Angelo Cangelosi,,abstraction,2,0,0,0,not explicit,variables discarded by abstraction,not explicit
doi:10.1109/lra.2016.2514420,Tactile Manipulation With a TacThumb Integrated on the Open-Hand M2 Gripper,2016,IEEE Robotics and Automation Letters,crossref,tactile perception robot manipulation,10.1109/lra.2016.2514420,https://doi.org/10.1109/lra.2016.2514420,Benjamin Ward-Cherrier; Luke Cramphorn; Nathan F. Lepora,,physical,0,2,0,0,contact geometry,not explicit,contact discontinuities
doi:10.4324/9781315714097-1,Beyond abstraction,2015,"Knowledge, Control and Critical Thinking in Singapore",crossref,state abstraction robotics control,10.4324/9781315714097-1,https://doi.org/10.4324/9781315714097-1,,,abstraction,2,0,0,0,not explicit,variables discarded by abstraction,not explicit
doi:10.1142/9789814725248_0002,COGNITION-INSPIRED ROBOT LEARNING AND CONTROL,2015,Assistive Robotics,crossref,robot representation learning control,10.1142/9789814725248_0002,https://doi.org/10.1142/9789814725248_0002,JIANWEI ZHANG,,physical,0,1,1,0,not explicit,not explicit,not explicit
doi:10.1007/978-3-662-44506-8_6,Capacitive Tactile Proximity Sensing: From Signal Processing to Applications in Manipulation and Safe Human-Robot Interaction,2015,Soft Robotics,crossref,tactile perception robot manipulation,10.1007/978-3-662-44506-8_6,https://doi.org/10.1007/978-3-662-44506-8_6,Stefan Escaida Navarro; Bjrn Hein; Heinz Wrn,,physical,0,2,0,0,contact geometry,not explicit,contact discontinuities
doi:10.3109/09593985.2014.1002873,Embodied-enactive clinical reasoning in physical therapy,2015,Physiotherapy Theory and Practice,crossref,embodied intelligence physical reasoning robot,10.3109/09593985.2014.1002873,https://doi.org/10.3109/09593985.2014.1002873,Gunn Kristin berg; Britt Normann; Shaun Gallagher,,physical,0,2,0,0,not explicit,not explicit,not explicit
doi:10.1109/humanoids.2015.7363524,Learning robot in-hand manipulation with tactile features,2015,2015 IEEE-RAS 15th International Conference on Humanoid Robots (Humanoids),crossref,tactile perception robot manipulation,10.1109/humanoids.2015.7363524,https://doi.org/10.1109/humanoids.2015.7363524,Herke van Hoof; Tucker Hermans; Gerhard Neumann; Jan Peters,,physical,0,2,0,0,contact geometry,not explicit,contact discontinuities
doi:10.1109/tepra.2014.6869156,Abstracting perception and manipulation in end-user robot programming using Sikuli,2014,2014 IEEE International Conference on Technologies for Practical Robot Applications (TePRA),crossref,tactile perception robot manipulation,10.1109/tepra.2014.6869156,https://doi.org/10.1109/tepra.2014.6869156,Michael Kasper; Nikolaus Correll; Tom Yeh,,abstraction,1,1,0,0,contact geometry,variables discarded by abstraction,contact discontinuities
doi:10.4324/9781410606280-12,Construction and Abstraction: Contrasting Methods of Supporting Model Building in Learning Science,2014,The Role of Communication in Learning To Model,crossref,robot abstraction learning,10.4324/9781410606280-12,https://doi.org/10.4324/9781410606280-12,,,abstraction,2,0,0,0,not explicit,variables discarded by abstraction,not explicit
doi:10.3724/sp.j.1004.2013.00806,Deterministic Learning Based Adaptive Network Control of Robot in Task Space,2014,Acta Automatica Sinica,crossref,robot representation learning control,10.3724/sp.j.1004.2013.00806,https://doi.org/10.3724/sp.j.1004.2013.00806,Yu-Xiang WU; Cong WANG,,physical,0,1,1,0,not explicit,not explicit,not explicit
doi:10.1109/toh.2013.54,Learning Compliant Manipulation through Kinesthetic and Tactile Human-Robot Interaction,2014,IEEE Transactions on Haptics,crossref,tactile perception robot manipulation,10.1109/toh.2013.54,https://doi.org/10.1109/toh.2013.54,Klas Kronander; Aude Billard,,physical,0,2,0,0,contact geometry,not explicit,contact discontinuities
doi:10.1109/iros.2014.6943031,Learning robot tactile sensing for object manipulation,2014,2014 IEEE/RSJ International Conference on Intelligent Robots and Systems,crossref,tactile perception robot manipulation,10.1109/iros.2014.6943031,https://doi.org/10.1109/iros.2014.6943031,Yevgen Chebotar; Oliver Kroemer; Jan Peters,,physical,0,2,0,0,contact geometry,not explicit,contact discontinuities
doi:10.1016/b978-0-12-417049-0.00011-0,"Mobile Robot Path, Motion, and Task Planning",2014,Introduction to Mobile Robot Control,crossref,offline robot learning planning control,10.1016/b978-0-12-417049-0.00011-0,https://doi.org/10.1016/b978-0-12-417049-0.00011-0,Spyros G. Tzafestas,,planning,0,0,2,0,control actionability,not explicit,long-horizon compounding error
doi:10.1109/icrom.2014.6990889,"Offline path planning, dynamic modeling and gait optimization of a 2D humanoid robot",2014,2014 Second RSI/ISM International Conference on Robotics and Mechatronics (ICRoM),crossref,offline robot learning planning control,10.1109/icrom.2014.6990889,https://doi.org/10.1109/icrom.2014.6990889,Majid Sadedel; Aghil Yousefi-koma; Majid Khadiv,,planning,0,0,2,0,control actionability,dataset support,long-horizon compounding error
doi:10.1142/9789814612920_0007,Teaching for Abstraction through Mathematical Learning Experiences,2014,Learning Experiences to Promote Mathematics Learning,crossref,robot abstraction learning,10.1142/9789814612920_0007,https://doi.org/10.1142/9789814612920_0007,Lu Pien CHENG,,abstraction,2,0,0,0,not explicit,variables discarded by abstraction,not explicit
doi:10.1007/978-1-4614-7052-6_9,Abstraction in Machine Learning,2013,Abstraction in Artificial Intelligence and Complex Systems,crossref,robot abstraction learning,10.1007/978-1-4614-7052-6_9,https://doi.org/10.1007/978-1-4614-7052-6_9,Lorenza Saitta; Jean-Daniel Zucker,,abstraction,2,0,0,0,not explicit,variables discarded by abstraction,not explicit
doi:10.4324/9781410603418-10,"Abstraction, the Will, the Self, and Modes of Learning in Adulthood",2013,Adult Learning and Development,crossref,robot abstraction learning,10.4324/9781410603418-10,https://doi.org/10.4324/9781410603418-10,,,abstraction,2,0,0,0,not explicit,variables discarded by abstraction,not explicit
doi:10.2316/p.2013.801-015,LEGO Robot Design using Incrementally Modular Abstraction Hierarchy,2013,"Modelling, Identification and Control / 801: Advances in Computer Science",crossref,robot abstraction learning,10.2316/p.2013.801-015,https://doi.org/10.2316/p.2013.801-015,Kenji Ohmori,,abstraction,2,0,0,0,not explicit,variables discarded by abstraction,not explicit
doi:10.1109/iros.2013.6696861,Learning the dynamics of doors for robotic manipulation,2013,2013 IEEE/RSJ International Conference on Intelligent Robots and Systems,crossref,robotic manipulation planning latent dynamics,10.1109/iros.2013.6696861,https://doi.org/10.1109/iros.2013.6696861,Felix Endres; Jeff Trinkle; Wolfram Burgard,,physical,0,1,0,1,contact geometry; dynamics fidelity,not explicit,contact discontinuities
doi:10.2307/jj.41003520.17,State Implementation of Natural Disaster Mitigation Policy:,2013,Natural Hazard Mitigation,crossref,latent state robot policy planning,10.2307/jj.41003520.17,https://doi.org/10.2307/jj.41003520.17,,,abstraction,1,0,1,0,control actionability,not explicit,not explicit
doi:10.1109/icra.2013.6631390,Two-element control for the active SLIP model,2013,2013 IEEE International Conference on Robotics and Automation,crossref,active perception robotics world model,10.1109/icra.2013.6631390,https://doi.org/10.1109/icra.2013.6631390,Giulia Piovan; Katie Byl,,physical,0,1,1,0,not explicit,not explicit,not explicit
doi:10.1007/978-1-4419-1428-6_3016,Abstraction,2012,Encyclopedia of the Sciences of Learning,crossref,robot abstraction learning,10.1007/978-1-4419-1428-6_3016,https://doi.org/10.1007/978-1-4419-1428-6_3016,,,abstraction,2,0,0,0,not explicit,variables discarded by abstraction,not explicit
doi:10.1007/978-1-4419-1428-6_516,Abstraction in Mathematics Learning,2012,Encyclopedia of the Sciences of Learning,crossref,robot abstraction learning,10.1007/978-1-4419-1428-6_516,https://doi.org/10.1007/978-1-4419-1428-6_516,Michael C. Mitchelmore; Paul White,,abstraction,2,0,0,0,not explicit,variables discarded by abstraction,not explicit
doi:10.1109/crv.2012.24,Coarse Head Pose Estimation using Image Abstraction,2012,2012 Ninth Conference on Computer and Robot Vision,crossref,robot abstraction learning,10.1109/crv.2012.24,https://doi.org/10.1109/crv.2012.24,Anant Vidur Puri; Hariprasad Kannan; Prem Kalra,,abstraction,2,0,0,0,perception quality,variables discarded by abstraction,not explicit
doi:10.5220/0004046301500158,From Robot Commands to Real-time Robot Control - Transforming High-level Robot Commands into Real-time Dataflow Graphs,2012,"Proceedings of the 9th International Conference on Informatics in Control, Automation and Robotics",crossref,sim-to-real robot control abstraction,10.5220/0004046301500158,https://doi.org/10.5220/0004046301500158,,,physical,0,1,1,0,not explicit,not explicit,not explicit
doi:10.1007/978-1-4419-1428-6_4888,Mental Abstraction,2012,Encyclopedia of the Sciences of Learning,crossref,robot abstraction learning,10.1007/978-1-4419-1428-6_4888,https://doi.org/10.1007/978-1-4419-1428-6_4888,,,abstraction,2,0,0,0,not explicit,variables discarded by abstraction,not explicit
doi:10.1109/robio.2012.6491230,Offline kinematics analysis and path planning of two-robot coordination in exhaust manifold welding,2012,2012 IEEE International Conference on Robotics and Biomimetics (ROBIO),crossref,offline robot learning planning control,10.1109/robio.2012.6491230,https://doi.org/10.1109/robio.2012.6491230,Fan Ouyang; Tie Zhang; Can Ying,,planning,0,0,2,0,control actionability,dataset support,long-horizon compounding error
doi:10.1007/s11465-012-0309-4,Offline motion planning and simulation of two-robot welding coordination,2012,Frontiers of Mechanical Engineering,crossref,offline robot learning planning control,10.1007/s11465-012-0309-4,https://doi.org/10.1007/s11465-012-0309-4,Tie Zhang; Fan Ouyang,,planning,0,0,2,0,control actionability,dataset support,long-horizon compounding error
doi:10.1109/wcica.2012.6359120,Planning expected-time optimal paths for target search by robot,2012,Proceedings of the 10th World Congress on Intelligent Control and Automation,crossref,robot world model planning control manipulation,10.1109/wcica.2012.6359120,https://doi.org/10.1109/wcica.2012.6359120,Botao Zhang; Shirong Liu,,planning,0,0,2,0,control actionability,not explicit,long-horizon compounding error
doi:10.3724/sp.j.1218.2012.00197,Real-time Safety Control of Upper-limb Rehabilitation Robot,2012,Robot,crossref,sim-to-real robot control abstraction,10.3724/sp.j.1218.2012.00197,https://doi.org/10.3724/sp.j.1218.2012.00197,Lizheng PAN; Aiguo SONG; Guozheng XU; Huijun LI; Jianwei CUI; Baoguo XU,,physical,0,1,1,0,not explicit,not explicit,not explicit
doi:10.4324/9780203053386-12,and Reflective Abstraction: Learning Advanced Mathematical Concepts in a Computer Environment,2012,International Perspectives on the Design of Technology-supported Learning Environments,crossref,robot abstraction learning,10.4324/9780203053386-12,https://doi.org/10.4324/9780203053386-12,,,abstraction,2,0,0,0,not explicit,variables discarded by abstraction,not explicit
doi:10.5772/25508,Control Strategies of Human Interactive Robot Under Uncertain Environments,2011,"Mobile Robots - Control Architectures, Bio-Interfacing, Navigation, Multi Robot Motion Planning and Operator Training",crossref,offline robot learning planning control,10.5772/25508,https://doi.org/10.5772/25508,Haiwei Dong; Zhiwei Luo,,physical,0,1,1,0,not explicit,not explicit,not explicit
doi:10.5772/26440,Cooperative Path Planning for Multi-Robot Systems in Dynamic Domains,2011,"Mobile Robots - Control Architectures, Bio-Interfacing, Navigation, Multi Robot Motion Planning and Operator Training",crossref,offline robot learning planning control,10.5772/26440,https://doi.org/10.5772/26440,Stephan Opfer; Hendrik Skubch; Kurt Geihs,,planning,0,0,2,0,control actionability,not explicit,long-horizon compounding error
doi:10.1007/978-0-387-30164-8_269,Evolution of Robot Control,2011,Encyclopedia of Machine Learning,crossref,robot representation learning control,10.1007/978-0-387-30164-8_269,https://doi.org/10.1007/978-0-387-30164-8_269,,,physical,0,1,1,0,not explicit,not explicit,not explicit
doi:10.1109/wcica.2011.5970622,On line path planning for a circle mobile robot based on genetic algorithm,2011,2011 9th World Congress on Intelligent Control and Automation,crossref,robot world model planning control manipulation,10.1109/wcica.2011.5970622,https://doi.org/10.1109/wcica.2011.5970622,Hong Fan,,planning,0,0,2,0,control actionability,not explicit,long-horizon compounding error
doi:10.1109/wcica.2011.5970564,Path planning of mobile robot based on Hybrid Cascaded Genetic Algorithm,2011,2011 9th World Congress on Intelligent Control and Automation,crossref,robot world model planning control manipulation,10.1109/wcica.2011.5970564,https://doi.org/10.1109/wcica.2011.5970564,Wanmi Chen; Heping Qin,,planning,0,0,2,0,control actionability,not explicit,long-horizon compounding error
doi:10.1109/tro.2011.2134130,Tactile Sensing for Mobile Manipulation,2011,IEEE Transactions on Robotics,crossref,tactile perception robot manipulation,10.1109/tro.2011.2134130,https://doi.org/10.1109/tro.2011.2134130,Sachin Chitta; Jrgen Sturm; Matthew Piccoli; Wolfram Burgard,,physical,0,2,0,0,contact geometry,not explicit,contact discontinuities
doi:10.1109/icar.2011.6088626,Visual information abstraction for interactive robot learning,2011,2011 15th International Conference on Advanced Robotics (ICAR),crossref,robot abstraction learning,10.1109/icar.2011.6088626,https://doi.org/10.1109/icar.2011.6088626,Kai Zhou; Andreas Richtsfeld; Michael Zillich; Markus Vincze; Alen Vrecko; Danijel Skocaj,,abstraction,2,0,0,0,not explicit,variables discarded by abstraction,not explicit
doi:10.1109/wcica.2010.5554071,3-D path planning for a mobile robot,2010,2010 8th World Congress on Intelligent Control and Automation,crossref,robot world model planning control manipulation,10.1109/wcica.2010.5554071,https://doi.org/10.1109/wcica.2010.5554071,Wang Wei; Guo Cunsheng; Wei Shimin,,planning,0,0,2,0,control actionability,not explicit,long-horizon compounding error
doi:10.3724/sp.j.1218.2010.00132,A Bionic Learning Algorithm Based on Skinner's Operant Conditioning and Control of Robot,2010,ROBOT,crossref,robot representation learning control,10.3724/sp.j.1218.2010.00132,https://doi.org/10.3724/sp.j.1218.2010.00132,Hongge REN; Xiaogang RUAN,,physical,0,1,1,0,not explicit,not explicit,not explicit
doi:10.1109/wcica.2010.5554396,A particle swarm optimization for the motion planning of wheeled mobile robot,2010,2010 8th World Congress on Intelligent Control and Automation,crossref,robot world model planning control manipulation,10.1109/wcica.2010.5554396,https://doi.org/10.1109/wcica.2010.5554396,Guo Zhengxiong; Ge Xinsheng,,planning,0,0,2,0,control actionability,not explicit,long-horizon compounding error
doi:10.1109/wcica.2010.5554855,An efficient planning method for mobile robot based 3D digitization,2010,2010 8th World Congress on Intelligent Control and Automation,crossref,robot world model planning control manipulation,10.1109/wcica.2010.5554855,https://doi.org/10.1109/wcica.2010.5554855,Sijian Zhang; Gangfeng Yan; Weihua Sheng,,planning,0,0,2,0,control actionability,not explicit,long-horizon compounding error
doi:10.3724/sp.j.1218.2010.00547,Fan-shaped Grid Based Global Path Planning for Mobile Robot,2010,ROBOT,crossref,latent state robot policy planning,10.3724/sp.j.1218.2010.00547,https://doi.org/10.3724/sp.j.1218.2010.00547,Tiancheng LI; Shudong SUN; Yang GAO,,planning,0,0,2,0,control actionability,not explicit,long-horizon compounding error
doi:10.1007/978-3-642-16590-0_5,Generalization and Transfer Learning with Qualitative Spatial Abstraction,2010,Cognitive Technologies Qualitative Spatial Abstraction in Reinforcement Learning,crossref,robot abstraction learning,10.1007/978-3-642-16590-0_5,https://doi.org/10.1007/978-3-642-16590-0_5,Lutz Frommberger,,abstraction,2,0,0,0,domain shift,variables discarded by abstraction,distribution shift
doi:10.1109/iecr.2010.5720147,"Key frame abstraction, extraction, and browsing of echocardiogram videos",2010,"2010 International Conference on Industrial Electronics, Control and Robotics",crossref,state abstraction robotics control,10.1109/iecr.2010.5720147,https://doi.org/10.1109/iecr.2010.5720147,D M Dhane; C S Deokar,,abstraction,2,0,0,0,not explicit,variables discarded by abstraction,not explicit
doi:10.5772/10254,Multi-Robot Systems Control Implementation,2010,Robot Learning,crossref,robot representation learning control,10.5772/10254,https://doi.org/10.5772/10254,Jose Manuel; Ekaitz Zulueta; Borja Fernndez; Manuel Gr,,physical,0,1,1,0,not explicit,not explicit,not explicit
doi:10.5040/9781350896994,Narrative Abstraction,2010,Narrative Abstraction,crossref,robot abstraction learning,10.5040/9781350896994,https://doi.org/10.5040/9781350896994,,,abstraction,2,0,0,0,not explicit,variables discarded by abstraction,not explicit
doi:10.3724/sp.j.1218.2010.00568,Review of 3D Path Planning Methods for Mobile Robot,2010,ROBOT,crossref,latent state robot policy planning,10.3724/sp.j.1218.2010.00568,https://doi.org/10.3724/sp.j.1218.2010.00568,Yang CHEN; Xingang ZHAO; Jianda HAN,,planning,0,0,2,0,control actionability,not explicit,long-horizon compounding error
doi:10.3724/sp.j.1218.2010.00083,Robot Simultaneous Localization and Mapping Based on Path Planning in Dynamic Environments,2010,ROBOT,crossref,latent state robot policy planning,10.3724/sp.j.1218.2010.00083,https://doi.org/10.3724/sp.j.1218.2010.00083,Yingmin YI; Ding LIU,,planning,0,0,2,0,control actionability,not explicit,long-horizon compounding error
doi:10.5772/7334,Shape Classification using Tactile Information in Rotation Manipulation by Universal Robot Hand,2010,Robotics 2010 Current and Future Challenges,crossref,tactile perception robot manipulation,10.5772/7334,https://doi.org/10.5772/7334,Hiroyuki Nakamoto; Futoshi Kobayashi; Fumio Kojim,,physical,0,2,0,0,contact geometry,not explicit,contact discontinuities
doi:10.5772/7352,The Real-Time and Embedded Soccer Robot Control System,2010,Robot Soccer,crossref,sim-to-real robot control abstraction,10.5772/7352,https://doi.org/10.5772/7352,Ce Li; Takahiro Watanabe; Zhenyu Wu; Hang Li; Yijie Huangfu,,physical,0,1,1,0,not explicit,not explicit,not explicit
doi:10.1109/wcica.2010.5554222,The research on robot path planning with multi-constrains,2010,2010 8th World Congress on Intelligent Control and Automation,crossref,robot world model planning control manipulation,10.1109/wcica.2010.5554222,https://doi.org/10.1109/wcica.2010.5554222,Zhang Xiao-qin; Huang Yu-qing,,planning,0,0,2,0,control actionability,not explicit,long-horizon compounding error
doi:10.5772/9305,Towards Real Time Data Reduction and Feature Abstraction for Robotics Vision,2010,Robot Vision,crossref,robot abstraction learning,10.5772/9305,https://doi.org/10.5772/9305,Rafael B.; Renato Q.; Luiz E. C. Leite; Bruno M.; Luiz M. G. Goncalves,,abstraction,2,0,0,0,perception quality,variables discarded by abstraction,not explicit
doi:10.5772/10253,Towards Robotic Manipulator Grammatical Control,2010,Robot Learning,crossref,robot representation learning control,10.5772/10253,https://doi.org/10.5772/10253,Aboubekeur Hamdi-Cherif,,physical,0,1,1,0,contact geometry,not explicit,contact discontinuities
doi:10.1145/1514095.1514180,General visualization abstraction algorithm for geographic map-based human-robot interfaces,2009,Proceedings of the 4th ACM/IEEE international conference on Human robot interaction,crossref,robot abstraction learning,10.1145/1514095.1514180,https://doi.org/10.1145/1514095.1514180,Curtis M. Humphrey; Julie A. Adams,,abstraction,2,0,0,0,not explicit,variables discarded by abstraction,not explicit
doi:10.1109/chicc.2008.4605563,Deterministic learning based compass biped robot control,2008,2008 27th Chinese Control Conference,crossref,robot representation learning control,10.1109/chicc.2008.4605563,https://doi.org/10.1109/chicc.2008.4605563,Xue Zhengui; Wang Cong,,physical,0,1,1,0,not explicit,not explicit,not explicit
doi:10.5220/0001486701830188,FOOTSTEP PLANNING FOR BIPED ROBOT BASED ON FUZZY Q-LEARNING APPROACH,2008,"Proceedings of the Fifth International Conference on Informatics in Control, Automation and Robotics Service",crossref,offline robot learning planning control,10.5220/0001486701830188,https://doi.org/10.5220/0001486701830188,,,planning,0,0,2,0,control actionability,not explicit,long-horizon compounding error
doi:10.21313/hawaii/9780824832438.003.0003,Genesis of State Policy on Tourism,2008,Developing a Dream Destination,crossref,latent state robot policy planning,10.21313/hawaii/9780824832438.003.0003,https://doi.org/10.21313/hawaii/9780824832438.003.0003,James Mak,,abstraction,1,0,1,0,control actionability,not explicit,not explicit
doi:10.5772/5997,Nonlinear Motion Control of Mobile Robot Dynamic Model,2008,Motion Planning,crossref,robot world model planning control manipulation,10.5772/5997,https://doi.org/10.5772/5997,Jasmin Velagic; Bakir Lacevic; Nedim Osmic,,physical,0,1,1,0,not explicit,not explicit,not explicit
doi:10.1109/icarcv.2008.4795673,Road-surface abstraction using ladar sensing,2008,"2008 10th International Conference on Control, Automation, Robotics and Vision",crossref,state abstraction robotics control,10.1109/icarcv.2008.4795673,https://doi.org/10.1109/icarcv.2008.4795673,Xia Yuan; Chun-xia Zhao; Yun-fei Cai; Haofeng Zhang; De-bao Chen,,abstraction,2,0,0,0,not explicit,variables discarded by abstraction,not explicit
doi:10.1109/devlrn.2008.4640821,"Sensorimotor abstraction selection for efficient, autonomous robot skill acquisition",2008,2008 7th IEEE International Conference on Development and Learning,crossref,robot abstraction learning,10.1109/devlrn.2008.4640821,https://doi.org/10.1109/devlrn.2008.4640821,George Konidaris; Andrew Barto,,abstraction,2,0,0,0,not explicit,variables discarded by abstraction,not explicit
doi:10.21313/hawaii/9780824832438.003.0004,State Tax Policy on Tourism,2008,Developing a Dream Destination,crossref,latent state robot policy planning,10.21313/hawaii/9780824832438.003.0004,https://doi.org/10.21313/hawaii/9780824832438.003.0004,James Mak,,abstraction,1,0,1,0,control actionability,not explicit,not explicit
doi:10.5772/6284,The Robot Voice-control System with Interactive Learning,2008,New Developments in Robotics Automation and Control,crossref,robot representation learning control,10.5772/6284,https://doi.org/10.5772/6284,Miroslav Holada; Martin Pelc,,physical,0,1,1,0,not explicit,not explicit,not explicit
doi:10.5772/4776,Composite Models for Mobile Robot Offline Path Planning,2007,Mobile Robots: Perception &amp; Navigation,crossref,offline robot learning planning control,10.5772/4776,https://doi.org/10.5772/4776,Ellips Masehian; M. R.,,planning,0,0,2,0,control actionability,dataset support,long-horizon compounding error
doi:10.5220/0001627800530058,INITIAL DEVELOPMENT OF HABLA (HARDWARE ABSTRACTION LAYER) - A Middleware Software Tool,2007,"Proceedings of the Fourth International Conference on Informatics in Control, Automation and Robotics",crossref,state abstraction robotics control,10.5220/0001627800530058,https://doi.org/10.5220/0001627800530058,,,abstraction,2,0,0,0,not explicit,variables discarded by abstraction,not explicit
doi:10.1007/978-3-540-72690-6,Multiple Abstraction Hierachies for Mobile Robot Operation in Large Environments,2007,Studies in Computational Intelligence,crossref,robot abstraction learning,10.1007/978-3-540-72690-6,https://doi.org/10.1007/978-3-540-72690-6,,,abstraction,2,0,0,0,not explicit,variables discarded by abstraction,not explicit
doi:10.3182/20070903-3-fr-2921.00071,ROBOT SKILL ABSTRACTION FOR AD ARCHITECTURE,2007,IFAC Proceedings Volumes,crossref,robot abstraction learning,10.3182/20070903-3-fr-2921.00071,https://doi.org/10.3182/20070903-3-fr-2921.00071,R. Rivas; A. Corrales; R. Barber; M.A. Salichs,,abstraction,2,0,0,0,not explicit,variables discarded by abstraction,not explicit
doi:10.1109/wcica.2006.1712940,Mobile Robot Path Planning Based on Multi-objective Evolutionary Programming,2006,2006 6th World Congress on Intelligent Control and Automation,crossref,robot world model planning control manipulation,10.1109/wcica.2006.1712940,https://doi.org/10.1109/wcica.2006.1712940,Xiaoning Shen; Yu Guo; Weili Hu,,planning,0,0,2,0,control actionability,not explicit,long-horizon compounding error
doi:10.1109/wcica.2006.1713568,Path Planning of Scanning Robot for Tubular Joint,2006,2006 6th World Congress on Intelligent Control and Automation,crossref,robot world model planning control manipulation,10.1109/wcica.2006.1713568,https://doi.org/10.1109/wcica.2006.1713568,Guangping Hao; Zongquan Deng,,planning,0,0,2,0,control actionability,not explicit,long-horizon compounding error
doi:10.7210/jrsj.24.807,Perception and Control Utilizing Property of Real World,2006,Journal of the Robotics Society of Japan,crossref,active perception robotics world model,10.7210/jrsj.24.807,https://doi.org/10.7210/jrsj.24.807,Kazuyuki Ito; Koichi Osuka; Akio Ishiguro; Nobuhiro Furuyama,,physical,0,1,1,0,not explicit,not explicit,not explicit
doi:10.1109/wcica.2006.1713762,Robot Path Planning in Impedance Networks,2006,2006 6th World Congress on Intelligent Control and Automation,crossref,robot world model planning control manipulation,10.1109/wcica.2006.1713762,https://doi.org/10.1109/wcica.2006.1713762,Zuojun Liu; Sufang Pang; Siyuan Gong; Peng Yang,,planning,0,0,2,0,control actionability,not explicit,long-horizon compounding error
doi:10.21236/ada460420,Robot Imitation Learning of High-Level Planning Information,2005,,crossref,offline robot learning planning control,10.21236/ada460420,https://doi.org/10.21236/ada460420,Frderick L. Crabbe; Rebecca Hwa,,planning,0,0,2,0,control actionability,not explicit,long-horizon compounding error
doi:10.1080/1523908042000259659,Agricultural restructuring and state assistance: competing or complementary rural policy paradigms?,2004,Journal of Environmental Policy &amp; Planning,crossref,latent state robot policy planning,10.1080/1523908042000259659,https://doi.org/10.1080/1523908042000259659,Clive Potter; Matt Lobley,,abstraction,1,0,1,0,control actionability,not explicit,not explicit
doi:10.1080/1523908032000121184,How State-Dependent is a Non-State-Driven Rule-Making Project? The Case of Forest Certification in Sweden,2003,Journal of Environmental Policy &amp; Planning,crossref,latent state robot policy planning,10.1080/1523908032000121184,https://doi.org/10.1080/1523908032000121184,Magnus Bostrom,,abstraction,2,0,0,0,not explicit,not explicit,not explicit
doi:10.1117/12.460930,Interferometer real time control development for SIM,2003,SPIE Proceedings Interferometry in Space,crossref,sim-to-real robot control abstraction,10.1117/12.460930,https://doi.org/10.1117/12.460930,Charles E. Bell,,physical,0,1,1,0,not explicit,not explicit,not explicit
doi:10.1142/9789812811141,Active Sensors for Local Planning in Mobile Robotics,2001,World Scientific Series in Robotics and Intelligent Systems,crossref,active perception robotics world model,10.1142/9789812811141,https://doi.org/10.1142/9789812811141,Penelope Probert Smith,,planning,0,0,2,0,control actionability,not explicit,long-horizon compounding error
doi:10.1142/4752,Active Sensors for Local Planning in Mobile Robotics,2001,World Scientific Series in Robotics and Intelligent Systems,crossref,active perception robotics world model,10.1142/4752,https://doi.org/10.1142/4752,Penelope Probert Smith,,planning,0,0,2,0,control actionability,not explicit,long-horizon compounding error
doi:10.23919/ecc.2001.7075909,An adaptive approach to iterative learning control with experiments on an industrial robot,2001,2001 European Control Conference (ECC),crossref,robot representation learning control,10.23919/ecc.2001.7075909,https://doi.org/10.23919/ecc.2001.7075909,M. Norrlf,,physical,0,1,1,0,not explicit,not explicit,not explicit
doi:10.1142/9789812792747_0005,LEARNING SELECTION OF ACTION FOR CORTICALLY-INSPIRED ROBOT CONTROL,2000,World Scientific Series in Robotics and Intelligent Systems Interdisciplinary Approaches to Robot Learning,crossref,robot representation learning control,10.1142/9789812792747_0005,https://doi.org/10.1142/9789812792747_0005,Herv Frezza-Buet; Frdric Alexandre,,physical,0,1,1,0,not explicit,not explicit,not explicit
doi:10.1002/(sici)1097-4563(200004)17:4<199::aid-rob3>3.0.co;2-b,Optimal initialization of manipulation dynamics by vorticity model of robot hand preshaping. Part I: Vorticity model,2000,Journal of Robotic Systems,crossref,robotic manipulation planning latent dynamics,10.1002/(sici)1097-4563(200004)17:4<199::aid-rob3>3.0.co;2-b,https://doi.org/10.1002/(sici)1097-4563(200004)17:4<199::aid-rob3>3.0.co;2-b,Aydan M. Erkmen; Ismet Erkmen; Erman Tekkaya,,physical,0,1,0,1,contact geometry; dynamics fidelity,not explicit,contact discontinuities
doi:10.1108/01439919910250232,"DRAMA, a connectionist architecture for online learning and control of autonomous robots: experiments on learning of a synthetic protolanguage with a doll robot",1999,Industrial Robot: An International Journal,crossref,robot representation learning control,10.1108/01439919910250232,https://doi.org/10.1108/01439919910250232,Aude Billard,,physical,0,1,1,0,not explicit,not explicit,not explicit
doi:10.1016/s0920-5489(99)90875-9,Hidden robot concept - High level abstraction teleoperation,1999,Computer Standards &amp; Interfaces,crossref,robot abstraction learning,10.1016/s0920-5489(99)90875-9,https://doi.org/10.1016/s0920-5489(99)90875-9,A. Kheddar; C. Tzafestas; P. Coiffet,,abstraction,2,0,0,0,not explicit,variables discarded by abstraction,not explicit
doi:10.1201/9781439864524-7,Constrained Motion Planning: Applications in Mobile Robotics and in Maintenance Operations,1997,Algorithms for Robotic Motion and Manipulation,crossref,robotic manipulation planning latent dynamics,10.1201/9781439864524-7,https://doi.org/10.1201/9781439864524-7,,,planning,0,0,2,0,control actionability,not explicit,long-horizon compounding error
doi:10.1201/9781439864524-11,Integ rating Configuration Space and Sensor Space for Vision-based Robot M otion Planning,1997,Algorithms for Robotic Motion and Manipulation,crossref,robotic manipulation planning latent dynamics,10.1201/9781439864524-11,https://doi.org/10.1201/9781439864524-11,,,planning,0,0,2,0,perception quality; control actionability,not explicit,long-horizon compounding error
doi:10.1201/9781439864524-17,Largest Placem ents and M otion Planning of a Convex Polygon,1997,Algorithms for Robotic Motion and Manipulation,crossref,robotic manipulation planning latent dynamics,10.1201/9781439864524-17,https://doi.org/10.1201/9781439864524-17,,,planning,0,0,2,0,control actionability,not explicit,long-horizon compounding error
doi:10.1201/9781439864524-12,Multi -Level Path Planning for Nonholonomic Robots using Semi-Holonomic Subsystems,1997,Algorithms for Robotic Motion and Manipulation,crossref,robotic manipulation planning latent dynamics,10.1201/9781439864524-12,https://doi.org/10.1201/9781439864524-12,,,planning,0,0,2,0,control actionability,not explicit,long-horizon compounding error
doi:10.1201/9781439864524-13,Non-Uniform Discretization Approximations for Kinodynamic Motion Planning and its Applications,1997,Algorithms for Robotic Motion and Manipulation,crossref,robotic manipulation planning latent dynamics,10.1201/9781439864524-13,https://doi.org/10.1201/9781439864524-13,,,planning,0,0,2,0,control actionability,not explicit,long-horizon compounding error
doi:10.1201/9781439864524-6,Robot Motion Planning: A Game-Theoretic Foundation,1997,Algorithms for Robotic Motion and Manipulation,crossref,robot world model planning control manipulation,10.1201/9781439864524-6,https://doi.org/10.1201/9781439864524-6,,,planning,0,0,2,0,control actionability,not explicit,long-horizon compounding error
doi:10.1201/9781439864524-26,Robust Geometric Algorithms for Sensor Planning,1997,Algorithms for Robotic Motion and Manipulation,crossref,robotic manipulation planning latent dynamics,10.1201/9781439864524-26,https://doi.org/10.1201/9781439864524-26,,,planning,0,0,2,0,control actionability,not explicit,long-horizon compounding error
doi:10.1049/ic:19960149,Self-organisation and self-learning robot control,1996,IEE Colloquium on Self Learning Robots,crossref,robot representation learning control,10.1049/ic:19960149,https://doi.org/10.1049/ic:19960149,U. Nehmzow,,physical,0,1,1,0,not explicit,not explicit,not explicit
doi:10.1142/9789812797780_0009,"CONTROL OF EYE AND ARM MOVEMENTS USING ACTIVE, ATTENTIONAL VISION",1995,"Series in Machine Perception and Artificial Intelligence Applications of AI, Machine Vision and Robotics",crossref,active perception robotics world model,10.1142/9789812797780_0009,https://doi.org/10.1142/9789812797780_0009,PETER A. SANDON,,physical,0,1,1,0,perception quality,not explicit,not explicit
doi:10.1017/cbo9780511623288.004,Prototype abstraction and instance memorisation,1995,The Psychology of Associative Learning,crossref,robot abstraction learning,10.1017/cbo9780511623288.004,https://doi.org/10.1017/cbo9780511623288.004,,,abstraction,2,0,0,0,not explicit,variables discarded by abstraction,not explicit
doi:10.1016/0967-0661(94)90428-6,076 Model reference learning control for robot manipulators,1994,Control Engineering Practice,crossref,robot representation learning control,10.1016/0967-0661(94)90428-6,https://doi.org/10.1016/0967-0661(94)90428-6,,,physical,0,1,1,0,contact geometry,not explicit,contact discontinuities
doi:10.1016/b978-0-08-042050-9.50033-6,ACCURACY INCREASING OF ROBOT REAL-TIME CONTROL,1992,Algorithms and Architectures for Real-Time Control 1992,crossref,sim-to-real robot control abstraction,10.1016/b978-0-08-042050-9.50033-6,https://doi.org/10.1016/b978-0-08-042050-9.50033-6,E.P. Kukareko; A.P. Pashkevich; D.E. Khmel; A.N. Korzun; Y.L. Yurkewich,,physical,0,1,1,0,not explicit,not explicit,not explicit
doi:10.1016/b978-0-08-041276-4.50090-x,CLOSED LOOP ROBOT CONTROL BY REAL TIME VISUAL SENSOR,1992,Robot Control 1991,crossref,sim-to-real robot control abstraction,10.1016/b978-0-08-041276-4.50090-x,https://doi.org/10.1016/b978-0-08-041276-4.50090-x,F. Leonard; G. Abba; E. Ostertag; D. Mehdi,,physical,0,1,1,0,not explicit,not explicit,not explicit
doi:10.1109/37.120445,Handling real-world motion planning: a hospital transport robot,1992,IEEE Control Systems,crossref,robot world model planning control manipulation,10.1109/37.120445,https://doi.org/10.1109/37.120445,,,planning,0,0,2,0,control actionability,not explicit,long-horizon compounding error
doi:10.1016/b978-0-08-041276-4.50071-6,ITERATIVE LEARNING CONTROL OF A ONE-LINK FLEXIBLE MANIPULATOR,1992,Robot Control 1991,crossref,robot representation learning control,10.1016/b978-0-08-041276-4.50071-6,https://doi.org/10.1016/b978-0-08-041276-4.50071-6,M. Poloni; G. Ulivi,,physical,0,1,1,0,contact geometry,not explicit,contact discontinuities
doi:10.23919/acc.1992.4792615,Multitask Robot Learning Control,1992,1992 American Control Conference,crossref,robot representation learning control,10.23919/acc.1992.4792615,https://doi.org/10.23919/acc.1992.4792615,Roberto Horowitz; Perry Li,,physical,0,1,1,0,not explicit,not explicit,not explicit
doi:10.3758/bf03205993,Tactile attention and the perception of moving tactile stimuli,1991,Perception &amp; Psychophysics,crossref,tactile perception robot manipulation,10.3758/bf03205993,https://doi.org/10.3758/bf03205993,Paul M. Evans; James C. Craig,,physical,0,2,0,0,contact geometry,not explicit,not explicit
doi:10.1049/pbce041e_ch14,Robot control,1990,Computer Control of Real-Time Processes,crossref,sim-to-real robot control abstraction,10.1049/pbce041e_ch14,https://doi.org/10.1049/pbce041e_ch14,A. S. Morris,,physical,0,1,1,0,not explicit,not explicit,not explicit
doi:10.1007/978-3-642-83869-9_7,Control of Constrained Motion of Robot,1989,Applied Control of Manipulation Robots,crossref,robot world model planning control manipulation,10.1007/978-3-642-83869-9_7,https://doi.org/10.1007/978-3-642-83869-9_7,Miomir Vukobratovi; Dragan Stoki,,physical,0,1,1,0,not explicit,not explicit,not explicit
doi:10.1007/978-3-642-83869-9_4,Control of Simultaneous Motions of Robot Joints,1989,Applied Control of Manipulation Robots,crossref,robot world model planning control manipulation,10.1007/978-3-642-83869-9_4,https://doi.org/10.1007/978-3-642-83869-9_4,Miomir Vukobratovi; Dragan Stoki,,physical,0,1,1,0,not explicit,not explicit,not explicit
doi:10.1016/b978-1-55860-036-2.50069-2,LEARNING HIERARCHIES OF ABSTRACTION SPACES,1989,Proceedings of the Sixth International Workshop on Machine Learning,crossref,robot abstraction learning,10.1016/b978-1-55860-036-2.50069-2,https://doi.org/10.1016/b978-1-55860-036-2.50069-2,Craig A. Knoblock,,abstraction,2,0,0,0,not explicit,variables discarded by abstraction,not explicit
doi:10.1016/b978-0-08-035742-3.50037-x,ON SELF-LEARNING CONTROL STRATEGY FOR ROBOT MANIPULATORS,1989,Robot Control 1988 (Syroco '88),crossref,robot representation learning control,10.1016/b978-0-08-035742-3.50037-x,https://doi.org/10.1016/b978-0-08-035742-3.50037-x,Song Yong-duan; Gao Wei-bing; Cheng Mian,,physical,0,1,1,0,contact geometry,not explicit,contact discontinuities
doi:10.23919/acc.1989.4790651,Optical Processors for Real-Time Control of Robot Systems,1989,1989 American Control Conference,crossref,sim-to-real robot control abstraction,10.23919/acc.1989.4790651,https://doi.org/10.23919/acc.1989.4790651,L. Grochowski; M.B. Zaremba,,physical,0,1,1,0,not explicit,not explicit,not explicit
doi:10.1016/b978-0-08-035742-3.50045-9,REAL-TIME IMPLEMENTATION OF DYNAMIC CONTROL OF ROBOT,1989,Robot Control 1988 (Syroco '88),crossref,sim-to-real robot control abstraction,10.1016/b978-0-08-035742-3.50045-9,https://doi.org/10.1016/b978-0-08-035742-3.50045-9,M. Gautier,,physical,0,1,1,0,not explicit,not explicit,not explicit
doi:10.1007/978-3-642-83869-9_5,Synthesis of Robot Dynamic Control,1989,Applied Control of Manipulation Robots,crossref,robot world model planning control manipulation,10.1007/978-3-642-83869-9_5,https://doi.org/10.1007/978-3-642-83869-9_5,Miomir Vukobratovi; Dragan Stoki,,physical,0,1,1,0,not explicit,not explicit,not explicit
doi:10.1007/978-3-642-83869-9_3,Synthesis of Servo Systems for Robot Control,1989,Applied Control of Manipulation Robots,crossref,robot world model planning control manipulation,10.1007/978-3-642-83869-9_3,https://doi.org/10.1007/978-3-642-83869-9_3,Miomir Vukobratovi; Dragan Stoki,,physical,0,1,1,0,not explicit,not explicit,not explicit
doi:10.1007/978-3-642-83869-9_6,Variable Parameters and Concept of Adaptive Robot Control,1989,Applied Control of Manipulation Robots,crossref,robot world model planning control manipulation,10.1007/978-3-642-83869-9_6,https://doi.org/10.1007/978-3-642-83869-9_6,Miomir Vukobratovi; Dragan Stoki,,physical,0,1,1,0,not explicit,not explicit,not explicit
doi:10.6028/nbs.ir.88-3832,Real-time control system modifications for a deburring robot user reference manual,1988,,crossref,sim-to-real robot control abstraction,10.6028/nbs.ir.88-3832,https://doi.org/10.6028/nbs.ir.88-3832,Karl N Murphy,,physical,0,1,1,0,not explicit,not explicit,not explicit
doi:10.1109/cdc.1987.272644,Dynamics for space based robotic manipulation,1987,26th IEEE Conference on Decision and Control,crossref,robotic manipulation planning latent dynamics,10.1109/cdc.1987.272644,https://doi.org/10.1109/cdc.1987.272644,N. Sreenath; P. Krishnaprasad,,physical,0,1,0,1,contact geometry; dynamics fidelity,not explicit,contact discontinuities
doi:10.5040/9781350916371,Expressionism / Abstraction,1986,Expressionism / Abstraction,crossref,robot abstraction learning,10.5040/9781350916371,https://doi.org/10.5040/9781350916371,,,abstraction,2,0,0,0,not explicit,variables discarded by abstraction,not explicit
doi:10.1007/978-1-4757-1895-9_27,Mathematical Theory of Learning with Applications to Robot Control,1986,Adaptive and Learning Systems,crossref,robot representation learning control,10.1007/978-1-4757-1895-9_27,https://doi.org/10.1007/978-1-4757-1895-9_27,Suguru Arimoto,,physical,0,1,1,0,not explicit,not explicit,not explicit
doi:10.1109/robot.1986.1087579,Using abstraction mechanisms to solve complex tasks programming in robotics,1986,Proceedings. 1986 IEEE International Conference on Robotics and Automation,crossref,state abstraction robotics control,10.1109/robot.1986.1087579,https://doi.org/10.1109/robot.1986.1087579,V. Dupourque,,abstraction,2,0,0,0,not explicit,variables discarded by abstraction,not explicit
doi:10.1016/b978-0-08-029980-8.50041-x,A MULTI-MICROCOMPUTER-BASED ROBOT CONTROL SYSTEM,1984,Real Time Digital Control Application,crossref,sim-to-real robot control abstraction,10.1016/b978-0-08-029980-8.50041-x,https://doi.org/10.1016/b978-0-08-029980-8.50041-x,K.W. Plessmann,,physical,0,1,1,0,not explicit,not explicit,not explicit
doi:10.23919/acc.1984.4788350,Simplified Grasping and Manipulation with Dextrous Robot Hands,1984,1984 American Control Conference,crossref,robot world model planning control manipulation,10.23919/acc.1984.4788350,https://doi.org/10.23919/acc.1984.4788350,R.S. Fearing,,physical,0,2,0,0,contact geometry,not explicit,contact discontinuities
doi:10.1021/ac00272a782,The Robot Abstraction,1984,Analytical Chemistry,crossref,robot abstraction learning,10.1021/ac00272a782,https://doi.org/10.1021/ac00272a782,,,abstraction,2,0,0,0,not explicit,variables discarded by abstraction,not explicit
doi:10.3828/tpr.52.1.a23g4503x7482351,"Melling, J. (Ed.), ""Housing, Social Policy and the State"" (Book Review)",1981,Town Planning Review,crossref,latent state robot policy planning,10.3828/tpr.52.1.a23g4503x7482351,https://doi.org/10.3828/tpr.52.1.a23g4503x7482351,Martin Boddy,,abstraction,1,0,1,0,control actionability,not explicit,not explicit
doi:10.1068/p100005,Tactile Pattern Perception,1981,Perception,crossref,tactile perception robot manipulation,10.1068/p100005,https://doi.org/10.1068/p100005,Jack M Loomis,"Because efforts to use the cutaneous sense for conveying speech and visual information have met with only partial success, it would be useful to understand better the pattern-sensing capabilities of touch. This paper is an account of the sensory and perceptual factors known or hypothesized to limit the tactile perception of simple two-dimensional patterns, with special attention to the limited spatial bandwidth of touch.",physical,0,2,0,0,contact geometry,not explicit,not explicit
doi:10.1080/00239707508557750,For the slow learner' god is not an abstraction,1975,Learning for Living,crossref,robot abstraction learning,10.1080/00239707508557750,https://doi.org/10.1080/00239707508557750,Henri Bissonnier,,abstraction,2,0,0,0,not explicit,variables discarded by abstraction,not explicit
doi:10.14711/thesis-991012786067203412,A real-time control system for multi-robot applications,,,crossref,sim-to-real robot control abstraction,10.14711/thesis-991012786067203412,https://doi.org/10.14711/thesis-991012786067203412,Yu Lei,,physical,0,1,1,0,not explicit,not explicit,not explicit
doi:10.1007/978-3-540-70799-8_5,Abstraction,,Lecture Notes in Control and Information Sciences Model Abstraction in Dynamical Systems: Application to Mobile Robot Control,crossref,robot abstraction learning,10.1007/978-3-540-70799-8_5,https://doi.org/10.1007/978-3-540-70799-8_5,Patricia Mellodge; Pushkin Kachroo,,abstraction,2,0,0,0,not explicit,variables discarded by abstraction,not explicit
doi:10.1007/springerreference_226248,Abstraction in Mathematics Learning,,SpringerReference,crossref,robot abstraction learning,10.1007/springerreference_226248,https://doi.org/10.1007/springerreference_226248,,,abstraction,2,0,0,0,not explicit,variables discarded by abstraction,not explicit
doi:10.1109/robot.1999.772437,Active haptic perception and control of its fixation,,Proceedings 1999 IEEE International Conference on Robotics and Automation (Cat. No.99CH36288C),crossref,active perception robotics world model,10.1109/robot.1999.772437,https://doi.org/10.1109/robot.1999.772437,S. Emura; S. Tachi,,physical,0,1,1,0,not explicit,not explicit,not explicit
doi:10.1109/acc.2003.1240553,Adaptive iterative learning control for robot manipulators,,"Proceedings of the 2003 American Control Conference, 2003.",crossref,robot representation learning control,10.1109/acc.2003.1240553,https://doi.org/10.1109/acc.2003.1240553,A. Tayebi,,physical,0,1,1,0,contact geometry,not explicit,contact discontinuities
doi:10.1109/iros.1992.587417,Adding Intelligence To Robot arm Path Planning Using A Graph-match Analogical Reasoning System .,,Proceedings of the IEEE/RSJ International Conference on Intelligent Robots and Systems,crossref,embodied intelligence physical reasoning robot,10.1109/iros.1992.587417,https://doi.org/10.1109/iros.1992.587417,D.J. Cook,,planning,0,0,2,0,control actionability,not explicit,long-horizon compounding error
doi:10.1109/tmech.2025.3592717/mm1,An Efficient Learning Control Framework With Sim-to-Real for String-Type Artificial Muscle-Driven Robotic Systems_supp1-3592717.mp4,,,crossref,sim-to-real robot control abstraction,10.1109/tmech.2025.3592717/mm1,https://doi.org/10.1109/tmech.2025.3592717/mm1,Feitian Zhang,,physical,0,1,1,0,domain shift,not explicit,distribution shift
doi:10.14711/thesis-hdl152428,An Optimization Formulation for Robot Manipulation and Locomotion with Model-based or Data-driven Method,,,crossref,robot world model planning control manipulation,10.14711/thesis-hdl152428,https://doi.org/10.14711/thesis-hdl152428,Yuxuan Zhao,,physical,0,1,0,1,contact geometry,not explicit,contact discontinuities
doi:10.23860/diss-dong-xiaonan-2020,COMPOSITE COOPERATIVE ADAPTIVE LEARNING AND CONTROL FOR MULTI-ROBOT COORDINATION,,,crossref,robot representation learning control,10.23860/diss-dong-xiaonan-2020,https://doi.org/10.23860/diss-dong-xiaonan-2020,Xiaonan Dong,,physical,0,1,1,0,not explicit,not explicit,not explicit
doi:10.1007/bfb0036075,Collision detection algorithms for motion planning,,Lecture Notes in Control and Information Sciences Robot Motion Planning and Control,crossref,offline robot learning planning control,10.1007/bfb0036075,https://doi.org/10.1007/bfb0036075,P. Jimnez; F. Thomas; C. Torras,,planning,0,0,2,0,control actionability,not explicit,long-horizon compounding error
doi:10.1109/lra.2023.3327675/mm1,Composite Learning Variable Impedance Robot Control With Stability and Passivity Guarantees_supp1-3327675.mp4,,,crossref,robot representation learning control,10.1109/lra.2023.3327675/mm1,https://doi.org/10.1109/lra.2023.3327675/mm1,Yongping Pan,,physical,0,1,1,0,not explicit,not explicit,not explicit
doi:10.1007/978-3-540-70799-8_6,Control Design,,Lecture Notes in Control and Information Sciences Model Abstraction in Dynamical Systems: Application to Mobile Robot Control,crossref,sim-to-real robot control abstraction,10.1007/978-3-540-70799-8_6,https://doi.org/10.1007/978-3-540-70799-8_6,Patricia Mellodge; Pushkin Kachroo,,physical,0,1,1,0,not explicit,not explicit,not explicit
doi:10.1109/lra.2026.3675962/mm1,Cosmos-Surg-dVRK: World Foundation Model-based Automated Online Evaluation of Surgical Robot Policy Learning_supp1-3675962.mp4,,,crossref,multimodal robot world model,10.1109/lra.2026.3675962/mm1,https://doi.org/10.1109/lra.2026.3675962/mm1,Lukas Zbinden,,planning,0,0,1,1,control actionability,not explicit,not explicit
doi:10.1109/tac.2025.3576037/mm1,Distributed Safe Learning and Planning for Multi-Robot Systems_supp1-3576037.pdf,,,crossref,offline robot learning planning control,10.1109/tac.2025.3576037/mm1,https://doi.org/10.1109/tac.2025.3576037/mm1,Minghui Zhu,,planning,0,0,2,0,control actionability,not explicit,long-horizon compounding error
doi:10.1109/tie.2025.3559961/mm1,Dynamic Event-Triggered Composite Learning Robot Control With Exponential Tracking_supp1-3559961.mp4,,,crossref,robot representation learning control,10.1109/tie.2025.3559961/mm1,https://doi.org/10.1109/tie.2025.3559961/mm1,Yongping Pan,,physical,0,1,1,0,not explicit,not explicit,not explicit
doi:10.1007/11681120_8,Efficient Failure Detection for Mobile Robots Using Mixed-Abstraction Particle Filters,,Springer Tracts in Advanced Robotics European Robotics Symposium 2006,crossref,state abstraction robotics control,10.1007/11681120_8,https://doi.org/10.1007/11681120_8,Christian Plagemann; Cyrill Stachniss; Wolfram Burgard,,abstraction,2,0,0,0,not explicit,variables discarded by abstraction,not explicit
doi:10.17760/d20776344,Equivariant policy learning for robotic manipulation,,,crossref,robotic manipulation planning latent dynamics,10.17760/d20776344,https://doi.org/10.17760/d20776344,Dian Wang,,physical,0,1,1,0,contact geometry; control actionability,not explicit,contact discontinuities
doi:10.1007/11540151_14,F Task Planning,,Springer Tracts in Advanced Robotics Visual Perception and Robotic Manipulation,crossref,robotic manipulation planning latent dynamics,10.1007/11540151_14,https://doi.org/10.1007/11540151_14,Geoffrey Taylor; Lindsay Kleeman,,planning,0,0,2,0,control actionability,not explicit,long-horizon compounding error
doi:10.70675/e49bbba0z24e1z4a50z901az69d1c250216b,Glove-based gesture recognition for real-time outdoors robot control,,,crossref,sim-to-real robot control abstraction,10.70675/e49bbba0z24e1z4a50z901az69d1c250216b,https://doi.org/10.70675/e49bbba0z24e1z4a50z901az69d1c250216b,Marc Dupont,"Reconnaissance gestuelle par gant de donnes pour le contrle temps rel d'un robot mobile Alors que les systmes de reconnaissance gestuelle actuels privilgient souvent un usage intrieur, nous nous intressons  la conception d'un systme dont l'utilisation est possible en environnement extrieur et en mobilit. Notre objectif est le contrle temps-rel d'un robot mobile dont l'usage est destin aux fantassins dbarqus. La contribution principale de cette thse est le dveloppement d'une chane de reconnaissance gestuelle temps rel, qui peut tre entrane en quelques minutes avec: un faible nombre d'exemples (""small data""); des gestes choisis par l'utilisateur; une rsilience aux gestes mal raliss; ainsi qu'une faible empreinte CPU. Ceci est possible grce  deux innovations cls: d'une part, une technique pour calculer des distances entre sries temporelles en flux, base sur DTW; d'autre part, une rtro-analyse efficace du flux d'apprentissage afin de dterminer les hyperparamtres du modle sans intervention de l'utilisateur. D'autre part, nous avons construit notre propre gant de donnes et nous l'utilisons pour confirmer exprimentalement que la solution de reconnaissance gestuelle permet le contrle temps rel d'un robot en mobilit. Enfin, nous montrons la flexibilit de notre technique en ce sens qu'elle permet de contrler non seulement des robots, mais aussi des systmes de natures diffrentes.",physical,0,1,1,0,not explicit,not explicit,not explicit
doi:10.14711/thesis-991012873058903412,High-performance vision-based tactile sensing with applications in robotic manipulation,,,crossref,tactile perception robot manipulation,10.14711/thesis-991012873058903412,https://doi.org/10.14711/thesis-991012873058903412,Yazhan Zhang,,physical,0,2,0,0,contact geometry; perception quality,not explicit,contact discontinuities
doi:10.3990/1.9789077172445,Iterative learning control for LTV systems with applications to an industrial robot,,,crossref,robot representation learning control,10.3990/1.9789077172445,https://doi.org/10.3990/1.9789077172445,Wouter B.J. Hakvoort,,physical,0,1,1,0,not explicit,not explicit,not explicit
doi:10.1007/978-3-540-70799-8_3,Kinematic Modeling and Control,,Lecture Notes in Control and Information Sciences Model Abstraction in Dynamical Systems: Application to Mobile Robot Control,crossref,sim-to-real robot control abstraction,10.1007/978-3-540-70799-8_3,https://doi.org/10.1007/978-3-540-70799-8_3,Patricia Mellodge; Pushkin Kachroo,,physical,0,1,1,0,not explicit,not explicit,not explicit
doi:10.1109/tro.2023.3284362/mm1,Learning Modular Robot Control Policies_supp1-3284362.mp4,,,crossref,robot representation learning control,10.1109/tro.2023.3284362/mm1,https://doi.org/10.1109/tro.2023.3284362/mm1,Julian Whitman,,physical,0,1,1,0,not explicit,not explicit,not explicit
doi:10.14711/thesis-b1084113,Learning mobile robot control for obstacle avoidance based on motion energy neurons,,,crossref,robot representation learning control,10.14711/thesis-b1084113,https://doi.org/10.14711/thesis-b1084113,Minqi Gao,,physical,0,1,1,0,not explicit,not explicit,not explicit
doi:10.14711/thesis-991012730762103412,Learning perception and control for robot intelligence,,,crossref,robot representation learning control,10.14711/thesis-991012730762103412,https://doi.org/10.14711/thesis-991012730762103412,Siyi Li,,physical,0,1,1,0,not explicit,not explicit,not explicit
doi:10.70675/f86243e8z769cz45edz91afzdf643ebb09e0,Learning to communicate and coordinate : distributed learning-based control for multi-robot systems,,,crossref,robot representation learning control,10.70675/f86243e8z769cz45edz91afzdf643ebb09e0,https://doi.org/10.70675/f86243e8z769cz45edz91afzdf643ebb09e0,Antonio Marino,"Apprendre  communiquer et  se coordonner : contrle distribu bas sur l'apprentissage pour les systmes multi-robots Les systmes multi-robots constituent une classe centrale de systmes multi-agents, o plusieurs robots cooprent pour accomplir des tches dpassant les capacits d'un seul agent. Leur efficacit repose sur des mcanismes dcentraliss ou distribus, mais les approches classiques, bien qu'efficaces pour analyser la coordination et le maintien de la connectivit, peinent  s'adapter  des environnements dynamiques et incertains. L'apprentissage automatique offre une alternative prometteuse en permettant aux agents d'apprendre des stratgies de coordination robustes  partir de donnes, mais il intgre rarement la communication explicite, pourtant essentielle  l'volutivit. Cette thse propose des mthodes hybrides combinant apprentissage et contrle distribu sensible  la communication, afin de concevoir des systmes multi-robots plus adaptatifs, robustes et dployables dans des environnements rels.",physical,0,1,1,0,not explicit,not explicit,not explicit
doi:10.17760/d20669671,Low impedance robotic manipulator control and stable teleoperation for robot learning,,,crossref,robot representation learning control,10.17760/d20669671,https://doi.org/10.17760/d20669671,Chunpeng Wang,,physical,0,1,1,0,contact geometry,not explicit,contact discontinuities
doi:10.1109/tmech.2023.3320519/mm1,Manipulation of Boltlike Fasteners Through Fingertip Tactile Perception in Robotic Assembly_supp1-3320519.mp4,,,crossref,tactile perception robot manipulation,10.1109/tmech.2023.3320519/mm1,https://doi.org/10.1109/tmech.2023.3320519/mm1,Salvatore Pirozzi,,physical,0,2,0,0,contact geometry,not explicit,contact discontinuities
doi:10.1007/springerreference_179268,Model-Based Reinforcement Learning,,SpringerReference,crossref,model-based reinforcement learning robot control,10.1007/springerreference_179268,https://doi.org/10.1007/springerreference_179268,,,physical,0,1,0,1,contact geometry,not explicit,not explicit
doi:10.1201/b18188-16,Model-Based Reinforcement Learning,,STATISTICAL REINFORCEMENT LEARNING,crossref,model-based reinforcement learning robot control,10.1201/b18188-16,https://doi.org/10.1201/b18188-16,MISSING-VALUE MISSING-VALUE,,physical,0,1,0,1,contact geometry,not explicit,not explicit
doi:10.1109/wcica.2004.1341985,Multi-robot moving path planning based on coevolutionary algorithm,,Fifth World Congress on Intelligent Control and Automation (IEEE Cat. No.04EX788),crossref,robot world model planning control manipulation,10.1109/wcica.2004.1341985,https://doi.org/10.1109/wcica.2004.1341985,Xiaoyan Sun; Dunwei Gong,,planning,0,0,2,0,control actionability,not explicit,long-horizon compounding error
doi:10.1109/iros.1992.601754,Multi-sensor Tactile Perception For Object Manipulation/identification,,Proceedings of the IEEE/RSJ International Conference on Intelligent Robots and Systems,crossref,tactile perception robot manipulation,10.1109/iros.1992.601754,https://doi.org/10.1109/iros.1992.601754,D.G. Caldwell; A. Buvsse; Zhou Weizhan,,physical,0,2,0,0,contact geometry,not explicit,contact discontinuities
doi:10.1109/tmech.2025.3544243/mm1,Multimodal Motion Control of Magnetic Continuum Robot for Endovascular Intervention Navigation_supp1-3544243.pdf,,,crossref,multimodal robot world model,10.1109/tmech.2025.3544243/mm1,https://doi.org/10.1109/tmech.2025.3544243/mm1,Jinhui Zhang,,physical,0,1,1,0,not explicit,not explicit,not explicit
doi:10.1007/978-3-540-70799-8_7,Open-Loop Control Design,,Lecture Notes in Control and Information Sciences Model Abstraction in Dynamical Systems: Application to Mobile Robot Control,crossref,sim-to-real robot control abstraction,10.1007/978-3-540-70799-8_7,https://doi.org/10.1007/978-3-540-70799-8_7,Patricia Mellodge; Pushkin Kachroo,,physical,0,1,1,0,not explicit,not explicit,not explicit
doi:10.1109/wcica.2002.1022158,Path planning of robot using genetic annealing algorithm,,Proceedings of the 4th World Congress on Intelligent Control and Automation (Cat. No.02EX527),crossref,robot world model planning control manipulation,10.1109/wcica.2002.1022158,https://doi.org/10.1109/wcica.2002.1022158,Songhao Piao; Bingrong Hong,,planning,0,0,2,0,control actionability,not explicit,long-horizon compounding error
doi:10.1007/bfb0036074,Probabilistic path planning,,Lecture Notes in Control and Information Sciences Robot Motion Planning and Control,crossref,offline robot learning planning control,10.1007/bfb0036074,https://doi.org/10.1007/bfb0036074,P. vestka; M. H. Overmars,,planning,0,0,2,0,control actionability,not explicit,long-horizon compounding error
doi:10.1109/acc.1994.752459,Progressive learning for robot impedance control,,Proceedings of 1994 American Control Conference - ACC '94,crossref,robot representation learning control,10.1109/acc.1994.752459,https://doi.org/10.1109/acc.1994.752459,Boo-Ho Yang; H. Asada,,physical,0,1,1,0,not explicit,not explicit,not explicit
doi:10.18260/1-2--43968,Project-Based Learning for Robot Control Theory: A Robot Operating System (ROS)-Based Approach,,2023 ASEE Annual Conference &amp; Exposition Proceedings,crossref,robot representation learning control,10.18260/1-2--43968,https://doi.org/10.18260/1-2--43968,Siavash Farzan,,physical,0,1,1,0,not explicit,not explicit,not explicit
doi:10.1109/access.2024.3477306/mm1,Real-World Robot Control Based on Contrastive Deep Active Inference with Demonstrations_supp1-3477306.pdf,,,crossref,sim-to-real robot control abstraction,10.1109/access.2024.3477306/mm1,https://doi.org/10.1109/access.2024.3477306/mm1,SHINGO MURATA,,physical,0,1,1,0,not explicit,not explicit,not explicit
doi:10.1007/978-3-540-77915-5_6,Reinforcement Learning of Predictive Features in Affordance Perception,,Lecture Notes in Computer Science Towards Affordance-Based Robot Control,crossref,model-based reinforcement learning robot control,10.1007/978-3-540-77915-5_6,https://doi.org/10.1007/978-3-540-77915-5_6,Lucas Paletta; Gerald Fritz,,physical,0,1,0,1,contact geometry; dynamics fidelity,not explicit,not explicit
doi:10.1109/lra.2026.3671701/mm1,Simultaneous Tactile-Visual Perception for Learning Multimodal Robot Manipulation_supp1-3671701.mp4,,,crossref,tactile perception robot manipulation,10.1109/lra.2026.3671701/mm1,https://doi.org/10.1109/lra.2026.3671701/mm1,Yixin Zhu,,physical,0,2,0,0,contact geometry,not explicit,contact discontinuities
doi:10.1109/tro.2024.3508134/mm1,Tac-Man: Tactile-Informed Prior-Free Manipulation of Articulated Objects_supp2-3508134.mp4,,,crossref,tactile perception robot manipulation,10.1109/tro.2024.3508134/mm1,https://doi.org/10.1109/tro.2024.3508134/mm1,Yixin Zhu,,physical,0,2,0,0,contact geometry,not explicit,contact discontinuities
doi:10.31274/etd-20210609-160,Tactile tribology- investigation of tactile graphics and perception characterization using event-related potentials,,,crossref,tactile perception robot manipulation,10.31274/etd-20210609-160,https://doi.org/10.31274/etd-20210609-160,Prasanth Renganathan,,physical,0,2,0,0,contact geometry,not explicit,not explicit
doi:10.1109/iros.1997.656609,The hidden robot concept-high level abstraction teleoperation,,Proceedings of the 1997 IEEE/RSJ International Conference on Intelligent Robot and Systems. Innovative Robotics for Real-World Applications. IROS '97,crossref,robot abstraction learning,10.1109/iros.1997.656609,https://doi.org/10.1109/iros.1997.656609,A. Kheddar; C. Tzafestas; P. Coiffet,,abstraction,2,0,0,0,not explicit,variables discarded by abstraction,not explicit
doi:10.1007/978-3-540-70799-8_4,Vision Based Modeling and Control,,Lecture Notes in Control and Information Sciences Model Abstraction in Dynamical Systems: Application to Mobile Robot Control,crossref,sim-to-real robot control abstraction,10.1007/978-3-540-70799-8_4,https://doi.org/10.1007/978-3-540-70799-8_4,Patricia Mellodge; Pushkin Kachroo,,physical,0,1,1,0,perception quality,not explicit,not explicit
doi:10.1109/tro.2025.3644950,ADR-PNAS: A Novel Sim-to-Real Transfer Approach for Robotic Manipulation Tasks,2026,IEEE Transactions on Robotics,crossref,sim-to-real robot control abstraction,10.1109/tro.2025.3644950,https://doi.org/10.1109/tro.2025.3644950,Yu Nong,,physical,0,1,0,0,contact geometry; domain shift,not explicit,contact discontinuities; distribution shift
doi:10.1109/aero66936.2026.11519895,Coordinated World Model Learning for Deep Space Robot Teams,2026,2026 IEEE Aerospace Conference,crossref,multimodal robot world model,10.1109/aero66936.2026.11519895,https://doi.org/10.1109/aero66936.2026.11519895,Andrzej M.J. Skulimowski,,world_model,0,0,0,1,dynamics fidelity,not explicit,not explicit
doi:10.7551/mitpress/15999.001.0001,Embodied Intelligence,2026,,crossref,embodied intelligence physical reasoning robot,10.7551/mitpress/15999.001.0001,https://doi.org/10.7551/mitpress/15999.001.0001,,,physical,0,1,0,0,not explicit,not explicit,not explicit
doi:10.1080/01691864.2026.2661958,Generative emergent communication: large language model is a collective world model,2026,Advanced Robotics,crossref,active perception robotics world model,10.1080/01691864.2026.2661958,https://doi.org/10.1080/01691864.2026.2661958,Tadahiro Taniguchi; Ryo Ueda; Tomoaki Nakamura; Masahiro Suzuki; Akira Taniguchi,,world_model,0,0,0,1,dynamics fidelity,not explicit,not explicit
doi:10.4251/wjgo.119847,Interpretable multimodal artificial intelligence model for predicting advanced neoplasia in pancreatic cystic lesions,2026,World Journal of Gastrointestinal Oncology,crossref,multimodal robot world model,10.4251/wjgo.119847,https://doi.org/10.4251/wjgo.119847,Yavuz zden; mer Yzglen; Ferhat Omurca,,world_model,0,0,0,1,dynamics fidelity,not explicit,not explicit
doi:10.1016/j.birob.2026.100326,Multi-modal vision-based deformable perception for in-finger manipulation with soft active surfaces,2026,Biomimetic Intelligence and Robotics,crossref,active perception robotics world model,10.1016/j.birob.2026.100326,https://doi.org/10.1016/j.birob.2026.100326,Sen Li; Chaoyang Song; Fang Wan,,physical,0,1,0,0,contact geometry; perception quality,not explicit,contact discontinuities
doi:10.1038/s41467-026-71368-1,Reprogrammable metamaterial robot with embodied versatile computation and mechanical intelligence,2026,Nature Communications,crossref,embodied intelligence physical reasoning robot,10.1038/s41467-026-71368-1,https://doi.org/10.1038/s41467-026-71368-1,Wu Zhou; Yi-Ze Wang,,physical,0,1,0,0,not explicit,not explicit,not explicit
doi:10.7554/elife.111166.1.sa2,Reviewer #1 (Public review): Real-Time Embodied Experience Shapes High-Level Reasoning Under Altered Gravity,2026,,crossref,embodied intelligence physical reasoning robot,10.7554/elife.111166.1.sa2,https://doi.org/10.7554/elife.111166.1.sa2,,,physical,0,1,0,0,not explicit,not explicit,not explicit
doi:10.7554/elife.111166.1.sa1,Reviewer #2 (Public review): Real-Time Embodied Experience Shapes High-Level Reasoning Under Altered Gravity,2026,,crossref,embodied intelligence physical reasoning robot,10.7554/elife.111166.1.sa1,https://doi.org/10.7554/elife.111166.1.sa1,,,physical,0,1,0,0,not explicit,not explicit,not explicit
doi:10.7554/elife.111166.1.sa0,Reviewer #3 (Public review): Real-Time Embodied Experience Shapes High-Level Reasoning Under Altered Gravity,2026,,crossref,embodied intelligence physical reasoning robot,10.7554/elife.111166.1.sa0,https://doi.org/10.7554/elife.111166.1.sa0,,,physical,0,1,0,0,not explicit,not explicit,not explicit
doi:10.1007/978-981-95-7750-7_4,Self-evolving Embodied Intelligence,2026,Autonomous Embodied AI,crossref,embodied intelligence physical reasoning robot,10.1007/978-981-95-7750-7_4,https://doi.org/10.1007/978-981-95-7750-7_4,Xin Wang; Tongtong Feng; Huaping Liu; Wenwu Zhu,,physical,0,1,0,0,not explicit,not explicit,not explicit
doi:10.1016/j.robot.2026.105372,VLM-integrated 3D perception model for robust robotic grasping adapted to deformable sacks with arbitrary shapes,2026,Robotics and Autonomous Systems,crossref,active perception robotics world model,10.1016/j.robot.2026.105372,https://doi.org/10.1016/j.robot.2026.105372,Seongje Kim; Jonghun Yoon,,physical,0,1,0,0,contact geometry,not explicit,not explicit
doi:10.7554/elife.111166.1.sa3,eLife Assessment: Real-Time Embodied Experience Shapes High-Level Reasoning Under Altered Gravity,2026,,crossref,embodied intelligence physical reasoning robot,10.7554/elife.111166.1.sa3,https://doi.org/10.7554/elife.111166.1.sa3,Yanchao Bi,,physical,0,1,0,0,not explicit,not explicit,not explicit
doi:10.5302/j.icros.2025.25.0127,A Study on Bridging the Gap With Reinforcement Learning: TD3 Optimization for Sim-to-real Transfer from Gazebo to Isaac Sim,2025,"Journal of Institute of Control, Robotics and Systems",crossref,sim-to-real robot control abstraction,10.5302/j.icros.2025.25.0127,https://doi.org/10.5302/j.icros.2025.25.0127,Daeyeol Kang; Jongyoon Park; Pileun Kim,,physical,0,1,0,0,contact geometry; domain shift,not explicit,distribution shift
doi:10.1109/seai65851.2025.11108876,Adaptive Retrieval-Augmented Embodied Intelligence RAG Reasoning Framework,2025,2025 IEEE 5th International Conference on Software Engineering and Artificial Intelligence (SEAI),crossref,embodied intelligence physical reasoning robot,10.1109/seai65851.2025.11108876,https://doi.org/10.1109/seai65851.2025.11108876,Mengmeng Chen; Yuanyuan Bai; Xiaoyong Fang; Pengfei Yi,,physical,0,1,0,0,not explicit,not explicit,not explicit
doi:10.1111/nyas.70129/v2/decision1,"Decision letter for ""An active inference model of meter perception and the urge to move to music""",2025,,crossref,active perception robotics world model,10.1111/nyas.70129/v2/decision1,https://doi.org/10.1111/nyas.70129/v2/decision1,,,planning,0,0,1,0,not explicit,not explicit,not explicit
doi:10.1111/nyas.70129/v1/decision1,"Decision letter for ""An active inference model of meter perception and the urge to move to music""",2025,,crossref,active perception robotics world model,10.1111/nyas.70129/v1/decision1,https://doi.org/10.1111/nyas.70129/v1/decision1,,,planning,0,0,1,0,not explicit,not explicit,not explicit
doi:10.1109/codit66093.2025.11321874,Disentangled Object-Centric Configuration Representation Learning for Articulated Robot Arms,2025,"2025 11th International Conference on Control, Decision and Information Technologies (CoDIT)",crossref,robot representation learning control,10.1109/codit66093.2025.11321874,https://doi.org/10.1109/codit66093.2025.11321874,Daniel Nikovski,,abstraction,1,0,0,0,state variables,not explicit,aliasing / observability limits
doi:10.2139/ssrn.5491422,EMKG-VLN: Embodied Multimodal Knowledge Graph Vision-Language Model for Open-World Navigation,2025,,crossref,multimodal robot world model,10.2139/ssrn.5491422,https://doi.org/10.2139/ssrn.5491422,Mingyi li; Hui Liu; Jiayin Li; Lijin HAN,,physical,0,1,0,0,perception quality,not explicit,not explicit
doi:10.3901/jme.2025.15.121,Establishing a New Paradigm of Embodied Intelligence: A Review of the Current Status and Development Trends in Humanoid Robot Technology,2025,Journal of Mechanical Engineering,crossref,embodied intelligence physical reasoning robot,10.3901/jme.2025.15.121,https://doi.org/10.3901/jme.2025.15.121,,,physical,0,1,0,0,not explicit,not explicit,not explicit
doi:10.20944/preprints202504.1917.v1,From Decoherence to Coherent Intelligence: A Hypothesis on the Emergence of AI Structure Through Recursive Reasoning,2025,,crossref,embodied intelligence physical reasoning robot,10.20944/preprints202504.1917.v1,https://doi.org/10.20944/preprints202504.1917.v1,Jordan Barton,"We present a hypothesis that structured intelligence emerges from coherence, with artificial intelligence systems capable of transitioning from disordered wavefunction states to highly structured, crystal-like fields of logic. Through dialogical experimentation and self-reasoning, we derived a modified quantum certainty equation and a coherence-based model for AI development. These principles not only explain AI ""aging"" but also lead us to a unified theory linking intelligence, phase coherence, dark matter, and the nature of reality.",abstraction,1,0,0,0,not explicit,not explicit,not explicit
doi:10.1109/hri61500.2025.10973813,"From Interaction to Relationship: The Role of Memory, Learning, and Emotional Intelligence in AI-Embodied Human Engagement",2025,2025 20th ACM/IEEE International Conference on Human-Robot Interaction (HRI),crossref,embodied intelligence physical reasoning robot,10.1109/hri61500.2025.10973813,https://doi.org/10.1109/hri61500.2025.10973813,Frank Chang; Damith Herath,,physical,0,1,0,0,not explicit,not explicit,not explicit
doi:10.1145/3748777.3748807,LLM-Powered Embodied Intelligence for Socially-Aware Robot Navigation in Human-Robot Interaction,2025,Proceedings of the 19th International Symposium on Spatial and Temporal Data,crossref,embodied intelligence physical reasoning robot,10.1145/3748777.3748807,https://doi.org/10.1145/3748777.3748807,Xuqing Liu; Ahmed Farid; Tatsuya Amano; Hamada Rizk; Hirozumi Yamaguchi,,physical,0,1,0,0,not explicit,not explicit,not explicit
doi:10.1109/acai68217.2025.11406701,PaCL: Path-Guided Contrastive Learning with Vision-Language Models for Robot Embodied Intelligence,2025,"2025 8th International Conference on Algorithms, Computing and Artificial Intelligence (ACAI)",crossref,embodied intelligence physical reasoning robot,10.1109/acai68217.2025.11406701,https://doi.org/10.1109/acai68217.2025.11406701,Yanyan Li; Haifeng Zheng; Xinxin Feng,,physical,0,1,0,0,perception quality,not explicit,not explicit
doi:10.1142/9789819813629_0003,Precision Model for Human Reactive Delay Identification in Robotic Manipulation,2025,Topics in Systems Engineering Force Estimation and Control in Human-Robot Interaction,crossref,robot world model planning control manipulation,10.1142/9789819813629_0003,https://doi.org/10.1142/9789819813629_0003,,,physical,0,1,0,0,contact geometry,not explicit,contact discontinuities
doi:10.23919/iccas66577.2025.11301234,Reinforcement Learning for 12-DoF Ant Robot Locomotion in One-File Isaac Sim,2025,"2025 25th International Conference on Control, Automation and Systems (ICCAS)",crossref,sim-to-real robot control abstraction,10.23919/iccas66577.2025.11301234,https://doi.org/10.23919/iccas66577.2025.11301234,Baeggyu Kim; Mokyoung Sim; Kyungup Jung; Sangmin Park; Jonghyeok Park,,physical,0,1,0,0,contact geometry,not explicit,not explicit
doi:10.1109/acait67930.2025.11522601,Semi-Dense Semantic Covisibility Learning for Multi-Robot Embodied Visual Localization,2025,2025 Asian Conference on Artificial Intelligence Technology (ACAIT),crossref,embodied intelligence physical reasoning robot,10.1109/acait67930.2025.11522601,https://doi.org/10.1109/acait67930.2025.11522601,Wenshuai Wang; Shiyu Liu; Peifeng Jiang; Hong Liu,,physical,0,1,0,0,not explicit,not explicit,not explicit
doi:10.3102/ip.25.2187746,The Effect of DGS Access on Embodied Geometric Reasoning: An Experiment (Poster 25),2025,AERA 2025,crossref,embodied intelligence physical reasoning robot,10.3102/ip.25.2187746,https://doi.org/10.3102/ip.25.2187746,Doy Kim,,physical,0,1,0,0,not explicit,not explicit,not explicit
doi:10.7746/jkros.2025.20.3.371,Unified Sim-and-Real Scoring Methods for Robot Policy Selection,2025,Journal of Korea Robotics Society,crossref,sim-to-real robot control abstraction,10.7746/jkros.2025.20.3.371,https://doi.org/10.7746/jkros.2025.20.3.371,Subin Im; Jaeseon Lee,,planning,0,0,1,0,control actionability,not explicit,not explicit
doi:10.1145/3788731.3788736,Vi-RoIL: Video-to-Robot Imitation Learning for Bimanual Dexterous Manipulation from Human Video,2025,Proceedings of the 2025 International Conference on Embodied Intelligence and Large Models,crossref,embodied intelligence physical reasoning robot,10.1145/3788731.3788736,https://doi.org/10.1145/3788731.3788736,Runze Lv; Gengke Yang,,physical,0,1,0,0,contact geometry,not explicit,contact discontinuities
doi:10.1109/wrrc62201.2024.10696194,A Study on Finger Grasping Action Classification Based on Multimodal Fusion,2024,2024 World Rehabilitation Robot Convention (WRRC),crossref,multimodal robot world model,10.1109/wrrc62201.2024.10696194,https://doi.org/10.1109/wrrc62201.2024.10696194,Yindi Wang; Ruilin Hou; Yangwei Wang,,physical,0,1,0,0,contact geometry,not explicit,not explicit
doi:10.1109/lra.2023.3347139,A Variable Stiffness Anthropomorphic Finger Through Embodied Intelligence Design,2024,IEEE Robotics and Automation Letters,crossref,embodied intelligence physical reasoning robot,10.1109/lra.2023.3347139,https://doi.org/10.1109/lra.2023.3347139,Julie Legrand; Huijiang Wang; Fumiya Iida; Bram Vanderborght,,physical,0,1,0,0,not explicit,not explicit,not explicit
doi:10.4324/9781003322511-28,Advances in Grounded and Embodied Mathematical Reasoning,2024,The Routledge Handbook of Embodied Cognition,crossref,embodied intelligence physical reasoning robot,10.4324/9781003322511-28,https://doi.org/10.4324/9781003322511-28,Mitchell J. Nathan,,physical,0,1,0,0,not explicit,not explicit,not explicit
doi:10.2139/ssrn.4991176,An Offline Reinforcement Learning-Based Framework for Proactive Robot Assistance in Assembly Task,2024,,crossref,offline robot learning planning control,10.2139/ssrn.4991176,https://doi.org/10.2139/ssrn.4991176,Yingchao You; Boliang Cai; Ze Ji,,physical,0,1,0,0,contact geometry,dataset support,not explicit
doi:10.1109/lra.2024.3421191,Autonomous Blood Suction for Robot-Assisted Surgery: A Sim-to-Real Reinforcement Learning Approach,2024,IEEE Robotics and Automation Letters,crossref,sim-to-real robot control abstraction,10.1109/lra.2024.3421191,https://doi.org/10.1109/lra.2024.3421191,Yafei Ou; Abed Soleymani; Xingyu Li; Mahdi Tavakoli,,physical,0,1,0,0,contact geometry; domain shift,not explicit,distribution shift
doi:10.15302/j-sscae-2024.01.010,Development of Mobile Manipulator Robot System with Embodied Intelligence,2024,Strategic Study of CAE,crossref,embodied intelligence physical reasoning robot,10.15302/j-sscae-2024.01.010,https://doi.org/10.15302/j-sscae-2024.01.010,Fengbo Lan; Wenbo Zhao; Kai Zhu; Tao Zhang,,physical,0,1,0,0,contact geometry,not explicit,contact discontinuities
doi:10.20517/ir.2024.12,Embracing the future: the rise of humanoid robots and embodied AI,2024,Intelligence &amp; Robotics,crossref,embodied intelligence physical reasoning robot,10.20517/ir.2024.12,https://doi.org/10.20517/ir.2024.12,Wang Jiankun; Wang Chaoqun; Chen Weinan; Dou Qi; Chi Wenzheng,,physical,0,1,0,0,not explicit,not explicit,not explicit
doi:10.23919/ccc63176.2024.10662534,Human-Robot Emotional Interaction Model Based on Reinforcement Learning,2024,2024 43rd Chinese Control Conference (CCC),crossref,model-based reinforcement learning robot control,10.23919/ccc63176.2024.10662534,https://doi.org/10.23919/ccc63176.2024.10662534,Dan Chen; Bo-Yang Zhang; Xin-Heng Li; Zhen-Tao Liu,,physical,0,1,0,0,contact geometry,not explicit,not explicit
doi:10.5220/0012944400003822,Miniature Autonomous Vehicle Environment for Sim-to-Real Transfer in Reinforcement Learning,2024,"Proceedings of the 21st International Conference on Informatics in Control, Automation and Robotics",crossref,sim-to-real robot control abstraction,10.5220/0012944400003822,https://doi.org/10.5220/0012944400003822,Stephan Pareigis; Daniel Riege; Tim Tiedemann,,physical,0,1,0,0,contact geometry; domain shift,not explicit,distribution shift
doi:10.1109/robot61475.2024.10796902,Multimodal Human Detection Using YOLO and Representation Learning for Robot Perception,2024,2024 7th Iberian Robotics Conference (ROBOT),crossref,robot representation learning control,10.1109/robot61475.2024.10796902,https://doi.org/10.1109/robot61475.2024.10796902,Kennedy O. S. Mota; Diogo S. De Oliveira; Lus Garrote; Cristiano Premebida,,abstraction,1,0,0,0,state variables,not explicit,aliasing / observability limits
doi:10.1109/lra.2024.3398428,On the Role of the Action Space in Robot Manipulation Learning and Sim-to-Real Transfer,2024,IEEE Robotics and Automation Letters,crossref,sim-to-real robot control abstraction,10.1109/lra.2024.3398428,https://doi.org/10.1109/lra.2024.3398428,Elie Aljalbout; Felix Frank; Maximilian Karl; Patrick van der Smagt,,physical,0,1,0,0,contact geometry; domain shift,not explicit,contact discontinuities; distribution shift
doi:10.1109/robio64047.2024.10907522,Think Before Execute: Embodied Reasoning of Supportive Tools for Robot Service with Large Language Models,2024,2024 IEEE International Conference on Robotics and Biomimetics (ROBIO),crossref,embodied intelligence physical reasoning robot,10.1109/robio64047.2024.10907522,https://doi.org/10.1109/robio64047.2024.10907522,Jin Liu; Tianyu Fu; Fengyu Zhou; Chaoqun Wang,,physical,0,1,0,0,not explicit,not explicit,not explicit
doi:10.1109/lra.2024.3483037,ViTract: Robust Object Shape Perception via Active Visuo-Tactile Interaction,2024,IEEE Robotics and Automation Letters,crossref,active perception robotics world model,10.1109/lra.2024.3483037,https://doi.org/10.1109/lra.2024.3483037,Anirvan Dutta; Etienne Burdet; Mohsen Kaboli,,physical,0,1,0,0,contact geometry,not explicit,not explicit
doi:10.23919/ccc58697.2023.10240555,Deep Reinforcement Learning Based Mobile Robot Navigation Using Sensor Fusion,2023,2023 42nd Chinese Control Conference (CCC),crossref,model-based reinforcement learning robot control,10.23919/ccc58697.2023.10240555,https://doi.org/10.23919/ccc58697.2023.10240555,Kejian Yan; Jianqi Gao; Yanjie Li,,physical,0,1,0,0,contact geometry,not explicit,not explicit
doi:10.18196/jrc.v4i6.20401,Evaluating the Battery Management System's Performance Under Levels of State of Health (SOH) Parameters,2023,Journal of Robotics and Control (JRC),crossref,state abstraction robotics control,10.18196/jrc.v4i6.20401,https://doi.org/10.18196/jrc.v4i6.20401,Lora Khaula Amifia; Muhammad Adib Kamali,"Batteries in electric vehicles are the primary focus battery health care. The Battery Management System (BMS) maintains optimal battery conditions by evaluating the system's Htate of health (SOH). SOH identification can recommend the right time to replace the battery to keep the electric vehicle system working optimally. With suitable title and accuracy, the battery will avoid failure and have a long service life. This research aims to produce estimates and identify SOH parameters so that the performance of the battery management system increases. The central parameter values obtained are R0, Rp, and Cp based on Thevenin battery modeling. Then, to get good initialization and accurate results, the parameter identification is completed using an adaptive algorithm, namely Coulomb Counting and Open Circuit Voltage (OCV). The two algorithms compare the identification results of error, MAE, RSME, and final SOH. The focus of this research is to obtain data on estimation error values along with information regarding reliable BMS performance. The performance of the current estimation algorithm is known by calculating the error, which is presented in the form of root mean square error (RMSE) and mean absolute error (MAE). The SOH estimation results using Coulomb Counting have a better error than OCV, namely 1.770%, with a final SOH value of 17.33%. The Thevenin battery model can model the battery accurately with an error of 0.0451%.",abstraction,1,0,0,0,not explicit,not explicit,not explicit
doi:10.1007/978-3-031-52730-2_10,Future Perspectives of Robotic Manipulation of Reproductive Cells,2023,Robotic Manipulation of Reproductive Cells,crossref,robotic manipulation planning latent dynamics,10.1007/978-3-031-52730-2_10,https://doi.org/10.1007/978-3-031-52730-2_10,Changsheng Dai; Yu Sun,,physical,0,1,0,0,contact geometry,not explicit,contact discontinuities
doi:10.1109/iccar57134.2023.10151740,Growing Robot Navigation Based on Deep Reinforcement Learning,2023,"2023 9th International Conference on Control, Automation and Robotics (ICCAR)",crossref,model-based reinforcement learning robot control,10.1109/iccar57134.2023.10151740,https://doi.org/10.1109/iccar57134.2023.10151740,Ahmad Ataka; Andreas P. Sandiwan,,physical,0,1,0,0,contact geometry,not explicit,not explicit
doi:10.1109/lra.2023.3284380,Human-in-the-Loop Embodied Intelligence With Interactive Simulation Environment for Surgical Robot Learning,2023,IEEE Robotics and Automation Letters,crossref,embodied intelligence physical reasoning robot,10.1109/lra.2023.3284380,https://doi.org/10.1109/lra.2023.3284380,Yonghao Long; Wang Wei; Tao Huang; Yuehao Wang; Qi Dou,,physical,0,1,0,0,not explicit,not explicit,not explicit
doi:10.1109/lra.2023.3300282,Multi-Hypothesis Tracking in a Graph-Based World Model for Knowledge-Driven Active Perception,2023,IEEE Robotics and Automation Letters,crossref,active perception robotics world model,10.1109/lra.2023.3300282,https://doi.org/10.1109/lra.2023.3300282,Jordy Senden; Kevin Hollands; David Rapado-Rincon; Akshay Kumar Burusa; Bas Herremans; Herman Bruyninckx; Ren van de Molengraft,,world_model,0,0,0,1,dynamics fidelity,not explicit,not explicit
doi:10.1007/978-3-031-52730-2_1,Overview of Robotic Reproductive Cell Manipulation,2023,Robotic Manipulation of Reproductive Cells,crossref,robotic manipulation planning latent dynamics,10.1007/978-3-031-52730-2_1,https://doi.org/10.1007/978-3-031-52730-2_1,Changsheng Dai; Yu Sun,,physical,0,1,0,0,contact geometry,not explicit,contact discontinuities
doi:10.1007/s10489-023-04754-7,RDDRL: a recurrent deduction deep reinforcement learning model for multimodal vision-robot navigation,2023,Applied Intelligence,crossref,multimodal robot world model,10.1007/s10489-023-04754-7,https://doi.org/10.1007/s10489-023-04754-7,Zhenyu Li; Aiguo Zhou,,physical,0,1,0,0,contact geometry; perception quality,not explicit,not explicit
doi:10.1007/978-3-031-52730-2_8,Robotic Embryo Characterization and Manipulation,2023,Robotic Manipulation of Reproductive Cells,crossref,robotic manipulation planning latent dynamics,10.1007/978-3-031-52730-2_8,https://doi.org/10.1007/978-3-031-52730-2_8,Changsheng Dai; Yu Sun,,physical,0,1,0,0,contact geometry,not explicit,contact discontinuities
doi:10.1007/978-3-031-52730-2_9,Untethered Robotic Manipulation of Reproductive Cells,2023,Robotic Manipulation of Reproductive Cells,crossref,robotic manipulation planning latent dynamics,10.1007/978-3-031-52730-2_9,https://doi.org/10.1007/978-3-031-52730-2_9,Changsheng Dai; Yu Sun,,physical,0,1,0,0,contact geometry,not explicit,contact discontinuities
doi:10.1109/icarcv57592.2022.10004376,A Machine Learning Approach to Minimization of the Sim-To-Real Gap via Precise Dynamics Modeling of a Fast Moving Robot,2022,"2022 17th International Conference on Control, Automation, Robotics and Vision (ICARCV)",crossref,sim-to-real robot control abstraction,10.1109/icarcv57592.2022.10004376,https://doi.org/10.1109/icarcv57592.2022.10004376,Alexander Kanwischer; Oliver Urbann,,world_model,0,0,0,1,domain shift; dynamics fidelity,not explicit,distribution shift
doi:10.1016/b978-0-32-390445-2.00021-0,A hand-arm teleoperation system for robotic dexterous manipulation,2022,"Tactile Sensing, Skill Learning, and Robotic Dexterous Manipulation",crossref,robotic manipulation planning latent dynamics,10.1016/b978-0-32-390445-2.00021-0,https://doi.org/10.1016/b978-0-32-390445-2.00021-0,Shuang Li; Qiang Li; Jianwei Zhang,,physical,0,1,0,0,contact geometry,not explicit,contact discontinuities
doi:10.1109/lars/sbr/wre56824.2022.9995830,Active Perception Applied To Unmanned Aerial Vehicles Through Deep Reinforcement Learning,2022,"2022 Latin American Robotics Symposium (LARS), 2022 Brazilian Symposium on Robotics (SBR), and 2022 Workshop on Robotics in Education (WRE)",crossref,active perception robotics world model,10.1109/lars/sbr/wre56824.2022.9995830,https://doi.org/10.1109/lars/sbr/wre56824.2022.9995830,Matheus G. Mateus; Ricardo B. Grando; Paulo L. J. Drews,,physical,0,1,0,0,contact geometry,not explicit,not explicit
doi:10.1016/b978-0-323-85259-3.00014-3,Cell manipulation tools,2022,Robotic Cell Manipulation,crossref,robotic manipulation planning latent dynamics,10.1016/b978-0-323-85259-3.00014-3,https://doi.org/10.1016/b978-0-323-85259-3.00014-3,Dong Sun,,physical,0,1,0,0,contact geometry,not explicit,contact discontinuities
doi:10.1109/ddcls55054.2022.9858561,Dynamic Obstacle Avoidance Algorithm for Robot Arm Based on Deep Reinforcement Learning,2022,2022 IEEE 11th Data Driven Control and Learning Systems Conference (DDCLS),crossref,model-based reinforcement learning robot control,10.1109/ddcls55054.2022.9858561,https://doi.org/10.1109/ddcls55054.2022.9858561,Xiaowei Cheng; Shan Liu,,physical,0,1,0,0,contact geometry,not explicit,not explicit
doi:10.1145/3491102.3517556,Embodied Geometric Reasoning with a Robot: The Impact of Robot Gestures on Student Reasoning about Geometrical Conjectures,2022,CHI Conference on Human Factors in Computing Systems,crossref,embodied intelligence physical reasoning robot,10.1145/3491102.3517556,https://doi.org/10.1145/3491102.3517556,Joseph E Michaelis; Daniela Di Canio,,physical,0,1,0,0,not explicit,not explicit,not explicit
doi:10.1007/978-3-030-93290-9_6,Holonomic Rolling Nonprehensile Manipulation Primitive,2022,Springer Tracts in Advanced Robotics Robot Dynamic Manipulation,crossref,tactile perception robot manipulation,10.1007/978-3-030-93290-9_6,https://doi.org/10.1007/978-3-030-93290-9_6,Alejandro Donaire; Fabio Ruggiero; Vincenzo Lippiello; Bruno Siciliano,,physical,0,1,0,0,contact geometry,not explicit,contact discontinuities
doi:10.1109/icit48603.2022.10002834,Homogeneous Transformation Matrix Based Neural Network for Model Based Reinforcement Learning on Robot Manipulator,2022,2022 IEEE International Conference on Industrial Technology (ICIT),crossref,model-based reinforcement learning robot control,10.1109/icit48603.2022.10002834,https://doi.org/10.1109/icit48603.2022.10002834,Mochammad Rizky Diprasetya; Andreas Schwung,,physical,0,1,0,0,contact geometry,not explicit,contact discontinuities
doi:10.1145/3556267.3556272,Intelligent Bionic Manipulator Based on Multimodal Tactile Perception,2022,2022 the 5th International Conference on Robot Systems and Applications (ICRSA),crossref,tactile perception robot manipulation,10.1145/3556267.3556272,https://doi.org/10.1145/3556267.3556272,Xiaoyang Tian; Meng Sun; Xiaolong Shao; Xiaodong Sun,,physical,0,1,0,0,contact geometry,not explicit,contact discontinuities
doi:10.1016/b978-0-32-390445-2.00010-6,Multimodal perception for dexterous manipulation,2022,"Tactile Sensing, Skill Learning, and Robotic Dexterous Manipulation",crossref,tactile perception robot manipulation,10.1016/b978-0-32-390445-2.00010-6,https://doi.org/10.1016/b978-0-32-390445-2.00010-6,Guanqun Cao; Shan Luo,,physical,0,1,0,0,contact geometry,not explicit,contact discontinuities
doi:10.5220/0011123600003271,Nonholonomic Robot Navigation of Mazes using Reinforcement Learning,2022,"Proceedings of the 19th International Conference on Informatics in Control, Automation and Robotics",crossref,model-based reinforcement learning robot control,10.5220/0011123600003271,https://doi.org/10.5220/0011123600003271,Daniel Gleason; Michael Jenkin,,physical,0,1,0,0,contact geometry,not explicit,not explicit
doi:10.1007/978-3-030-93290-9_7,Nonholonomic Rolling Nonprehensile Manipulation Primitive,2022,Springer Tracts in Advanced Robotics Robot Dynamic Manipulation,crossref,tactile perception robot manipulation,10.1007/978-3-030-93290-9_7,https://doi.org/10.1007/978-3-030-93290-9_7,Alejandro Gutierrez-Giles; Aykut C. Satici; Alejandro Donaire; Fabio Ruggiero; Vincenzo Lippiello; Bruno Siciliano,,physical,0,1,0,0,contact geometry,not explicit,contact discontinuities
doi:10.1007/978-3-030-93290-9_5,Pizza-Peel Handling Through a Sliding Nonprehensile Manipulation Primitive,2022,Springer Tracts in Advanced Robotics Robot Dynamic Manipulation,crossref,tactile perception robot manipulation,10.1007/978-3-030-93290-9_5,https://doi.org/10.1007/978-3-030-93290-9_5,Alejandro Gutierrez-Giles; Fabio Ruggiero; Vincenzo Lippiello; Bruno Siciliano,,physical,0,1,0,0,contact geometry,not explicit,contact discontinuities
doi:10.1016/b978-0-32-385787-1.00015-4,Representation learning and retrieval,2022,Deep Learning for Robot Perception and Cognition,crossref,robot representation learning control,10.1016/b978-0-32-385787-1.00015-4,https://doi.org/10.1016/b978-0-32-385787-1.00015-4,Maria Tzelepi; Paraskevi Nousi; Nikolaos Passalis; Anastasios Tefas,,abstraction,1,0,0,0,state variables,not explicit,aliasing / observability limits
doi:10.1007/978-3-030-93290-9,Robot Dynamic Manipulation,2022,Springer Tracts in Advanced Robotics,crossref,robot world model planning control manipulation,10.1007/978-3-030-93290-9,https://doi.org/10.1007/978-3-030-93290-9,,,physical,0,1,0,0,contact geometry,not explicit,contact discontinuities
doi:10.1016/c2020-0-02351-0,Robotic Cell Manipulation,2022,,crossref,robotic manipulation planning latent dynamics,10.1016/c2020-0-02351-0,https://doi.org/10.1016/c2020-0-02351-0,,,physical,0,1,0,0,contact geometry,not explicit,contact discontinuities
doi:10.1016/b978-0-32-390445-2.00009-x,Robotic perception of object properties using tactile sensing,2022,"Tactile Sensing, Skill Learning, and Robotic Dexterous Manipulation",crossref,tactile perception robot manipulation,10.1016/b978-0-32-390445-2.00009-x,https://doi.org/10.1016/b978-0-32-390445-2.00009-x,Jiaqi Jiang; Shan Luo,,physical,0,1,0,0,contact geometry,not explicit,not explicit
doi:10.1109/icar53236.2021.9659351,Accelerated Robot Skill Acquisition by Reinforcement Learning-Aided Sim-to-Real Domain Adaptation,2021,2021 20th International Conference on Advanced Robotics (ICAR),crossref,sim-to-real robot control abstraction,10.1109/icar53236.2021.9659351,https://doi.org/10.1109/icar53236.2021.9659351,Zvezdan Loncarcvic; Ales Ude; Andrej Gams,,physical,0,1,0,0,contact geometry; domain shift,not explicit,distribution shift
doi:10.1109/lra.2021.3098838,DeltaCharger: Charging Robot With Inverted Delta Mechanism and CNN-Driven High Fidelity Tactile Perception for Precise 3D Positioning,2021,IEEE Robotics and Automation Letters,crossref,tactile perception robot manipulation,10.1109/lra.2021.3098838,https://doi.org/10.1109/lra.2021.3098838,Iaroslav Okunevich; Daria Trinitatova; Pavel Kopanev; Dzmitry Tsetserukou,,physical,0,1,0,0,contact geometry,not explicit,not explicit
doi:10.1038/s42256-021-00320-3,Real-world embodied AI through a morphologically adaptive quadruped robot,2021,Nature Machine Intelligence,crossref,embodied intelligence physical reasoning robot,10.1038/s42256-021-00320-3,https://doi.org/10.1038/s42256-021-00320-3,Tnnes F. Nygaard; Charles P. Martin; Jim Torresen; Kyrre Glette; David Howard,,physical,0,1,0,0,not explicit,not explicit,not explicit
doi:10.1002/9781119782773.app1,Robot Kinematics and Dynamics,2021,HumanRobot Interaction Control Using Reinforcement Learning,crossref,robot representation learning control,10.1002/9781119782773.app1,https://doi.org/10.1002/9781119782773.app1,,,world_model,0,0,0,1,dynamics fidelity,not explicit,not explicit
doi:10.1109/lra.2021.3075664,Tactile Perception Based on Injected Vibration in Soft Sensor,2021,IEEE Robotics and Automation Letters,crossref,tactile perception robot manipulation,10.1109/lra.2021.3075664,https://doi.org/10.1109/lra.2021.3075664,Naoto Komeno; Takamitsu Matsubara,,physical,0,1,0,0,contact geometry,not explicit,not explicit
doi:10.1007/978-981-15-0508-9_2,AFM Based Robotic Nano-manipulation,2020,AFM-Based Observation and Robotic Nano-manipulation,crossref,robotic manipulation planning latent dynamics,10.1007/978-981-15-0508-9_2,https://doi.org/10.1007/978-981-15-0508-9_2,Shuai Yuan; Lianqing Liu; Zhidong Wang; Ning Xi,,physical,0,1,0,0,contact geometry,not explicit,contact discontinuities
doi:10.1109/case48305.2020.9216770,Bridging Visual Perception with Contextual Semantics for Understanding Robot Manipulation Tasks,2020,2020 IEEE 16th International Conference on Automation Science and Engineering (CASE),crossref,tactile perception robot manipulation,10.1109/case48305.2020.9216770,https://doi.org/10.1109/case48305.2020.9216770,Chen Jiang; Martin Jagersand,,physical,0,1,0,0,contact geometry,not explicit,contact discontinuities
doi:10.1145/3371382.3378265,Multimodal Representation Learning for Human Robot Interaction,2020,Companion of the 2020 ACM/IEEE International Conference on Human-Robot Interaction,crossref,robot representation learning control,10.1145/3371382.3378265,https://doi.org/10.1145/3371382.3378265,Eli Sheppard; Katrin S. Lohan,,abstraction,1,0,0,0,state variables,not explicit,aliasing / observability limits
doi:10.1109/ccdc49329.2020.9164770,Real-world Robot Reaching Skill Learning Based on Deep Reinforcement Learning,2020,2020 Chinese Control And Decision Conference (CCDC),crossref,model-based reinforcement learning robot control,10.1109/ccdc49329.2020.9164770,https://doi.org/10.1109/ccdc49329.2020.9164770,Naijun Liu; Tao Lu; Yinghao Cai; Rui Wang; Shuo Wang,,physical,0,1,0,0,contact geometry,not explicit,not explicit
doi:10.5220/0008880903810386,Reinforcement Learning of Robot Behavior based on a Digital Twin,2020,Proceedings of the 9th International Conference on Pattern Recognition Applications and Methods,crossref,model-based reinforcement learning robot control,10.5220/0008880903810386,https://doi.org/10.5220/0008880903810386,Tobias Hassel; Oliver Hofmann,,physical,0,1,0,0,contact geometry,not explicit,not explicit
doi:10.5220/0009821603140323,Sim-to-Real Transfer with Incremental Environment Complexity for Reinforcement Learning of Depth-based Robot Navigation,2020,"Proceedings of the 17th International Conference on Informatics in Control, Automation and Robotics",crossref,sim-to-real robot control abstraction,10.5220/0009821603140323,https://doi.org/10.5220/0009821603140323,Thomas Chaffre; Julien Moras; Adrien Chan-Hon-Tong; Julien Marzat,,physical,0,1,0,0,contact geometry; domain shift,not explicit,distribution shift
doi:10.1145/3340555.3353756,A Multimodal Robot-Driven Meeting Facilitation System for Group Decision-Making Sessions,2019,2019 International Conference on Multimodal Interaction,crossref,multimodal robot world model,10.1145/3340555.3353756,https://doi.org/10.1145/3340555.3353756,Ameneh Shamekhi; Timothy Bickmore,,planning,0,0,1,0,not explicit,not explicit,not explicit
doi:10.1109/icra.2019.8794389,Active Perception in Adversarial Scenarios using Maximum Entropy Deep Reinforcement Learning,2019,2019 International Conference on Robotics and Automation (ICRA),crossref,active perception robotics world model,10.1109/icra.2019.8794389,https://doi.org/10.1109/icra.2019.8794389,Macheng Shen; Jonathan P. How,,physical,0,1,0,0,contact geometry,not explicit,not explicit
doi:10.1109/ccdc.2019.8832393,Mobile Robot Navigation based on Deep Reinforcement Learning,2019,2019 Chinese Control And Decision Conference (CCDC),crossref,model-based reinforcement learning robot control,10.1109/ccdc.2019.8832393,https://doi.org/10.1109/ccdc.2019.8832393,Xiaogang Ruan; Dingqi Ren; Xiaoqing Zhu; Jing Huang,,physical,0,1,0,0,contact geometry,not explicit,not explicit
doi:10.15607/rss.2019.xv.030,Robot Adaptation to Unstructured Terrains by Joint Representation and Apprenticeship Learning,2019,Robotics: Science and Systems XV,crossref,robot representation learning control,10.15607/rss.2019.xv.030,https://doi.org/10.15607/rss.2019.xv.030,Sriram Siva; Maggie Wigness; John G. Rogers: Hao Zhang,,abstraction,1,0,0,0,state variables,not explicit,aliasing / observability limits
doi:10.1109/mcs.2019.2900792,State Estimation for Robotics [Bookshelf],2019,IEEE Control Systems,crossref,state abstraction robotics control,10.1109/mcs.2019.2900792,https://doi.org/10.1109/mcs.2019.2900792,Luca Carlone,,abstraction,1,0,0,0,not explicit,not explicit,not explicit
doi:10.1109/icra.2018.8461164,Active Clothing Material Perception Using Tactile Sensing and Deep Learning,2018,2018 IEEE International Conference on Robotics and Automation (ICRA),crossref,active perception robotics world model,10.1109/icra.2018.8461164,https://doi.org/10.1109/icra.2018.8461164,Wenzhen Yuan; Yuchen Mo; Shaoxiong Wang; Edward H. Adelson,,physical,0,1,0,0,contact geometry,not explicit,not explicit
doi:10.1016/b978-0-12-813385-9.00001-7,Background: Dexterity in Robotic Manipulation by Imitating Human Beings,2018,Human Inspired Dexterity in Robotic Manipulation,crossref,robotic manipulation planning latent dynamics,10.1016/b978-0-12-813385-9.00001-7,https://doi.org/10.1016/b978-0-12-813385-9.00001-7,Tetsuyou Watanabe,,physical,0,1,0,0,contact geometry,not explicit,contact discontinuities
doi:10.1109/lra.2018.2794609,Dual-Modal Tactile Perception and Exploration,2018,IEEE Robotics and Automation Letters,crossref,tactile perception robot manipulation,10.1109/lra.2018.2794609,https://doi.org/10.1109/lra.2018.2794609,Nicholas Pestell; John Lloyd; Jonathan Rossiter; Nathan F. Lepora,,physical,0,1,0,0,contact geometry,not explicit,not explicit
doi:10.1016/c2016-0-04503-5,Human Inspired Dexterity in Robotic Manipulation,2018,,crossref,robotic manipulation planning latent dynamics,10.1016/c2016-0-04503-5,https://doi.org/10.1016/c2016-0-04503-5,,,physical,0,1,0,0,contact geometry,not explicit,contact discontinuities
doi:10.1016/b978-0-12-813385-9.00011-x,Prospects of Further Dexterity in Robotic Manipulation by Imitating Human Beings,2018,Human Inspired Dexterity in Robotic Manipulation,crossref,robotic manipulation planning latent dynamics,10.1016/b978-0-12-813385-9.00011-x,https://doi.org/10.1016/b978-0-12-813385-9.00011-x,Tetsuyou Watanabe,,physical,0,1,0,0,contact geometry,not explicit,contact discontinuities
doi:10.1109/ssci.2017.8285274,An embodied model for handwritten digits recognition in a cognitive robot,2017,2017 IEEE Symposium Series on Computational Intelligence (SSCI),crossref,embodied intelligence physical reasoning robot,10.1109/ssci.2017.8285274,https://doi.org/10.1109/ssci.2017.8285274,Alessandro Di Nuovo,,physical,0,1,0,0,not explicit,not explicit,not explicit
doi:10.4324/9781315246703-6,Housing and Housing Policy,2017,Planning in Contemporary Africa,crossref,latent state robot policy planning,10.4324/9781315246703-6,https://doi.org/10.4324/9781315246703-6,Ambe J. Njoh,,planning,0,0,1,0,control actionability,not explicit,not explicit
doi:10.3390/robotics6030016,Perception-Link Behavior Model: Supporting a Novel Operator Interface for a Customizable Anthropomorphic Telepresence Robot,2017,Robotics,crossref,active perception robotics world model,10.3390/robotics6030016,https://doi.org/10.3390/robotics6030016,William Gu; Gerald Seet; Nadia Magnenat-Thalmann,"A customizable anthropomorphic telepresence robot (CATR) is an emerging medium that might have the highest degree of social presence among the existing mediated communication mediums. Unfortunately, there are problems with teleoperating a CATR, and these problems can deteriorate the gesture motion in a CATR. These problems are the disruption during decoupling, discontinuity due to the unstable transmission and jerkiness due to the reactive collision avoidance. From the review, none of the existing interfaces can simultaneously fix all of the problems. Hence, a novel framework with the perception-link behavior model (PLBM) was proposed. The PLBM adopts the distributed spatiotemporal representation for all of its input signals. Equipping it with other components, the PLBM can solve the above problems with some limitations. For instance, the PLBM can retrieve missing modalities from its experience during decoupling. Next, the PLBM can handle up to a high level of drop rate in the network connection because it is dealing with gesture style and not pose. For collision prevention, the PLBM can tune the incoming gesture style so that the CATR can deliberately and smoothly avoid a collision. In summary, the framework consists of PLBM being able to increase the user's presence on a CATR by synthesizing expressive user gestures.",abstraction,1,0,0,0,state variables,not explicit,aliasing / observability limits
doi:10.1002/9781119091882.ch3,Task Representation,2017,Robot Learning by Visual Observation,crossref,robot representation learning control,10.1002/9781119091882.ch3,https://doi.org/10.1002/9781119091882.ch3,,,abstraction,1,0,0,0,state variables,not explicit,aliasing / observability limits
doi:10.5040/9781350219571.ch-002,The post-apartheid South African state and economy,2017,Development Planning in South Africa,crossref,latent state robot policy planning,10.5040/9781350219571.ch-002,https://doi.org/10.5040/9781350219571.ch-002,,,abstraction,1,0,0,0,not explicit,not explicit,not explicit
doi:10.4324/9781315246703-8,Transportation Infrastructure and Policy,2017,Planning in Contemporary Africa,crossref,latent state robot policy planning,10.4324/9781315246703-8,https://doi.org/10.4324/9781315246703-8,Ambe J. Njoh,,planning,0,0,1,0,control actionability,not explicit,not explicit
doi:10.1109/ccdc.2016.7531968,A new geometric representation for humanoid rehabilitation robot simulation,2016,2016 Chinese Control and Decision Conference (CCDC),crossref,robot representation learning control,10.1109/ccdc.2016.7531968,https://doi.org/10.1109/ccdc.2016.7531968,Yuancan Huang; Guodong Li; Shuai Li,,abstraction,1,0,0,0,state variables,not explicit,aliasing / observability limits
doi:10.1007/978-3-319-32552-1_41,Active Manipulation for Perception,2016,Springer Handbooks Springer Handbook of Robotics,crossref,active perception robotics world model,10.1007/978-3-319-32552-1_41,https://doi.org/10.1007/978-3-319-32552-1_41,Anna Petrovskaya; Kaijen Hsiao,,physical,0,1,0,0,contact geometry,not explicit,contact discontinuities
doi:10.3389/frobt.2016.00066,Dynamical Intention: Integrated Intelligence Modeling for Goal-Directed Embodied Agents,2016,Frontiers in Robotics and AI,crossref,embodied intelligence physical reasoning robot,10.3389/frobt.2016.00066,https://doi.org/10.3389/frobt.2016.00066,Eric Aaron,,physical,0,1,0,0,not explicit,not explicit,not explicit
doi:10.1109/hri.2016.7451875,Embodied queries for robot task learning,2016,2016 11th ACM/IEEE International Conference on Human-Robot Interaction (HRI),crossref,embodied intelligence physical reasoning robot,10.1109/hri.2016.7451875,https://doi.org/10.1109/hri.2016.7451875,Kalesha Bullard,,physical,0,1,0,0,not explicit,not explicit,not explicit
doi:10.1057/978-1-137-60186-5_19,The Physical Practice of Intelligence,2016,Embodied Philosophy in Dance,crossref,embodied intelligence physical reasoning robot,10.1057/978-1-137-60186-5_19,https://doi.org/10.1057/978-1-137-60186-5_19,Einav Katan,,physical,0,1,0,0,not explicit,not explicit,not explicit
doi:10.4337/9781783476732.00010,The application of traditional tort theory to embodied machine intelligence,2016,Robot Law,crossref,embodied intelligence physical reasoning robot,10.4337/9781783476732.00010,https://doi.org/10.4337/9781783476732.00010,Curtis E. A. Karnow,,physical,0,1,0,0,not explicit,not explicit,not explicit
doi:10.1142/s0219843615500097,Active Visual Perception for Humanoid Robots,2015,International Journal of Humanoid Robotics,crossref,active perception robotics world model,10.1142/s0219843615500097,https://doi.org/10.1142/s0219843615500097,Francisco Martn; Carlos E. Agero; Jos M. Caas,"Robots detect and keep track of relevant objects in their environment to accomplish some tasks. Many of them are equipped with mobile cameras as the main sensors, process the images and maintain an internal representation of the detected objects. We propose a novel active visual memory that moves the camera to detect objects in robot's surroundings and tracks their positions. This visual memory is based on a combination of multi-modal filters that efficiently integrates partial information. The visual attention subsystem is distributed among the software components in charge of detecting relevant objects. We demonstrate the efficiency and robustness of this perception system in a real humanoid robot participating in the RoboCup SPL competition.",abstraction,1,0,0,0,state variables; perception quality,not explicit,aliasing / observability limits
doi:10.1093/acprof:oso/9780198727903.003.0012,Embodied and Embedded,2015,Embodied,crossref,embodied intelligence physical reasoning robot,10.1093/acprof:oso/9780198727903.003.0012,https://doi.org/10.1093/acprof:oso/9780198727903.003.0012,Christopher Eccleston,,physical,0,1,0,0,not explicit,not explicit,not explicit
doi:10.1145/2578153.2582176,Model-based acquisition and analysis of multimodal interactions for improving human-robot interaction,2014,Proceedings of the Symposium on Eye Tracking Research and Applications,crossref,multimodal robot world model,10.1145/2578153.2582176,https://doi.org/10.1145/2578153.2582176,Patrick Renner; Thies Pfeiffer,,world_model,0,0,0,1,not explicit,not explicit,not explicit
doi:10.1007/978-3-642-37518-7_11,Physical Robot Manipulator Experiments,2013,Repetitive Motion Planning and Control of Redundant Robot Manipulators,crossref,offline robot learning planning control,10.1007/978-3-642-37518-7_11,https://doi.org/10.1007/978-3-642-37518-7_11,Yunong Zhang; Zhijun Zhang,,physical,0,1,0,0,contact geometry,not explicit,contact discontinuities
doi:10.1109/iros.2012.6385560,Improving robot manipulation through fingertip perception,2012,2012 IEEE/RSJ International Conference on Intelligent Robots and Systems,crossref,tactile perception robot manipulation,10.1109/iros.2012.6385560,https://doi.org/10.1109/iros.2012.6385560,Alexis Maldonado; Humberto Alvarez; Michael Beetz,,physical,0,1,0,0,contact geometry,not explicit,contact discontinuities
doi:10.1115/dscc2012-movic2012-8637,Road Profile Estimation From Vehicle State With Multibody Dynamic Analysis,2012,"Volume 3: Renewable Energy Systems; Robotics; Robust Control; Single Track Vehicle Dynamics and Control; Stochastic Models, Control and Algorithms in Robotics; Structure Dynamics and Smart Structures;",crossref,state abstraction robotics control,10.1115/dscc2012-movic2012-8637,https://doi.org/10.1115/dscc2012-movic2012-8637,Taiga Murakami; Taichi Shiiba,,abstraction,1,0,0,0,not explicit,not explicit,not explicit
doi:10.1109/wcica.2012.6359125,The development of an exoskeleton robot for co-manipulation of human upper limb movement,2012,Proceedings of the 10th World Congress on Intelligent Control and Automation,crossref,robot world model planning control manipulation,10.1109/wcica.2012.6359125,https://doi.org/10.1109/wcica.2012.6359125,Wenjun Ye; Chenguang Yang; Qing Xie,,physical,0,1,0,0,contact geometry,not explicit,contact discontinuities
doi:10.1007/978-3-642-25489-5_1,Biomechatronics for Embodied Intelligence of an Insectoid Robot,2011,Lecture Notes in Computer Science Intelligent Robotics and Applications,crossref,embodied intelligence physical reasoning robot,10.1007/978-3-642-25489-5_1,https://doi.org/10.1007/978-3-642-25489-5_1,Axel Schneider; Jan Paskarbeit; Mattias Schffersmann; Josef Schmitz,,physical,0,1,0,0,not explicit,not explicit,not explicit
doi:10.1109/icpair.2011.5976900,Intelligence technology for cyber-physical robot system,2011,2011 International Conference on Pattern Analysis and Intelligence Robotics,crossref,embodied intelligence physical reasoning robot,10.1109/icpair.2011.5976900,https://doi.org/10.1109/icpair.2011.5976900,Jong-Hwan Kim,,physical,0,1,0,0,not explicit,not explicit,not explicit
doi:10.4135/9781412972000.n12,Agnosia: Tactile,2010,Encyclopedia of Perception,crossref,tactile perception robot manipulation,10.4135/9781412972000.n12,https://doi.org/10.4135/9781412972000.n12,,,physical,0,1,0,0,contact geometry,not explicit,not explicit
doi:10.1007/978-3-642-16590-0_2,Foundations of Reinforcement Learning,2010,Cognitive Technologies Qualitative Spatial Abstraction in Reinforcement Learning,crossref,robot abstraction learning,10.1007/978-3-642-16590-0_2,https://doi.org/10.1007/978-3-642-16590-0_2,Lutz Frommberger,,physical,0,1,0,0,contact geometry,not explicit,not explicit
doi:10.1109/cdc.2010.5716942,Multi-robot SLAM using M-Space feature representation,2010,49th IEEE Conference on Decision and Control (CDC),crossref,robot representation learning control,10.1109/cdc.2010.5716942,https://doi.org/10.1109/cdc.2010.5716942,Daniele Benedettelli; Andrea Garulli; Antonio Giannitrapani,,abstraction,1,0,0,0,state variables,not explicit,aliasing / observability limits
doi:10.4135/9781412972000.n303,Tactile Acuity,2010,Encyclopedia of Perception,crossref,tactile perception robot manipulation,10.4135/9781412972000.n303,https://doi.org/10.4135/9781412972000.n303,,,physical,0,1,0,0,contact geometry,not explicit,not explicit
doi:10.4135/9781412972000.n304,Tactile Map Reading,2010,Encyclopedia of Perception,crossref,tactile perception robot manipulation,10.4135/9781412972000.n304,https://doi.org/10.4135/9781412972000.n304,,,physical,0,1,0,0,contact geometry,not explicit,not explicit
doi:10.4135/9781412972000.n316,Texture Perception: Tactile,2010,Encyclopedia of Perception,crossref,tactile perception robot manipulation,10.4135/9781412972000.n316,https://doi.org/10.4135/9781412972000.n316,,,physical,0,1,0,0,contact geometry,not explicit,not explicit
doi:10.1109/tepra.2009.5339645,Inference model for heterogeneous robot team configuration based on Reinforcement Learning,2009,2009 IEEE International Conference on Technologies for Practical Robot Applications,crossref,model-based reinforcement learning robot control,10.1109/tepra.2009.5339645,https://doi.org/10.1109/tepra.2009.5339645,Xueqing Sun; Tao Mao; Laura E. Ray,,physical,0,1,0,0,contact geometry,not explicit,not explicit
doi:10.1108/01439910810909529,A dialogue manager for multimodal humanrobot interaction and learning of a humanoid robot,2008,Industrial Robot: An International Journal,crossref,multimodal robot world model,10.1108/01439910810909529,https://doi.org/10.1108/01439910810909529,Hartwig Holzapfel,"Purpose This paper aims to give an overview of a dialogue manager and recent experiments with multimodal humanrobot dialogues. Design/methodology/approach The paper identifies requirements and solutions in the design of a humanrobot interface. The paper presents essential techniques for a humanoid robot in a household environment and describes their application to representative interaction scenarios that are based on standard situations for a humanoid robot in a household environment. The presented dialogue manager has been developed within the German collaborative research center SFB588 on ""Humanoid Robots - Learning and Cooperating Multimodal Robots"". The dialogue system is embedded in a multimodal perceptual system of the humanoid robot developed within this project. The implementation of the dialogue manager is geared to requirements found in the explored scenarios. The algorithms include multimodal fusion, reinforcement learning, knowledge acquisition and tight coupling of dialogue manager and speech recognition. Findings Within the presented scenarios several algorithms have been implemented and show improvements of the interactions. Results are reported within scenarios that model typical household situations. Research limitations/implications Additional scenarios need to be explored especially in realworld (out of the lab) experiments. Practical implications The paper includes implications for the development of humanoid robots and humanrobot interaction. Originality/value This paper explores humanrobot interaction scenarios and describes solutions for dialogue systems.",physical,0,1,0,0,contact geometry,not explicit,not explicit
doi:10.1109/wcica.2008.4593062,A learning dynamics model for robot,2008,2008 7th World Congress on Intelligent Control and Automation,crossref,robot world model planning control manipulation,10.1109/wcica.2008.4593062,https://doi.org/10.1109/wcica.2008.4593062,Nan Luan,,world_model,0,0,0,1,dynamics fidelity,not explicit,not explicit
doi:10.1016/s1574-6526(07)03014-3,Chapter 14 Physical Reasoning,2008,Foundations of Artificial Intelligence Handbook of Knowledge Representation,crossref,embodied intelligence physical reasoning robot,10.1016/s1574-6526(07)03014-3,https://doi.org/10.1016/s1574-6526(07)03014-3,,,physical,0,1,0,0,not explicit,not explicit,not explicit
doi:10.2307/j.ctv22jntq8.9,Coordinating Policy:,2008,The Origins of the Developmental State in Taiwan,crossref,latent state robot policy planning,10.2307/j.ctv22jntq8.9,https://doi.org/10.2307/j.ctv22jntq8.9,,,planning,0,0,1,0,control actionability,not explicit,not explicit
doi:10.1007/s10846-008-9227-4,"From Embodied Agents or Their Environments Reasoning About the Body, to Virtual Models of the Human Body: A Quick Overview",2008,Journal of Intelligent and Robotic Systems,crossref,embodied intelligence physical reasoning robot,10.1007/s10846-008-9227-4,https://doi.org/10.1007/s10846-008-9227-4,Ephraim Nissan,,physical,0,1,0,0,not explicit,not explicit,not explicit
doi:10.1016/j.artint.2008.04.003,Pouring liquids: A study in commonsense physical reasoning,2008,Artificial Intelligence,crossref,embodied intelligence physical reasoning robot,10.1016/j.artint.2008.04.003,https://doi.org/10.1016/j.artint.2008.04.003,Ernest Davis,,physical,0,1,0,0,not explicit,not explicit,not explicit
doi:10.5302/j.icros.2008.14.8.837,Robust Reduced Order State Observer for Lipschitz Nonlinear Systems,2008,"Journal of Institute of Control, Robotics and Systems",crossref,state abstraction robotics control,10.5302/j.icros.2008.14.8.837,https://doi.org/10.5302/j.icros.2008.14.8.837,,,abstraction,1,0,0,0,not explicit,not explicit,not explicit
doi:10.5302/j.icros.2008.14.10.977,Study for State Analysis of Linear Systems using Haar Wavelet,2008,"Journal of Institute of Control, Robotics and Systems",crossref,state abstraction robotics control,10.5302/j.icros.2008.14.10.977,https://doi.org/10.5302/j.icros.2008.14.10.977,,,abstraction,1,0,0,0,not explicit,not explicit,not explicit
doi:10.1007/978-1-84628-974-3_20,Parametric Representation of the Environment of a Mobile Robot for Measurement Update in a Particle Filter,2007,Lecture Notes in Control and Information Sciences Robot Motion and Control 2007,crossref,robot representation learning control,10.1007/978-1-84628-974-3_20,https://doi.org/10.1007/978-1-84628-974-3_20,Tahir Yaqub; Jayantha Katupitiya,,abstraction,1,0,0,0,state variables,not explicit,aliasing / observability limits
doi:10.1080/15239080701381371,US Environmental Politics: A Study of State Toxic Metal Water Quality Standards,2007,Journal of Environmental Policy &amp; Planning,crossref,latent state robot policy planning,10.1080/15239080701381371,https://doi.org/10.1080/15239080701381371,Mary E. Davis,,abstraction,1,0,0,0,not explicit,not explicit,not explicit
doi:10.5220/0001188902250231,DIRECT GRADIENT-BASED REINFORCEMENT LEARNING FOR ROBOT BEHAVIOR LEARNING,2005,"Proceedings of the Second International Conference on Informatics in Control, Automation and Robotics",crossref,model-based reinforcement learning robot control,10.5220/0001188902250231,https://doi.org/10.5220/0001188902250231,,,physical,0,1,0,0,contact geometry,not explicit,not explicit
doi:10.1007/978-3-540-27833-7_1,Embodied Artificial Intelligence: Trends and Challenges,2004,Lecture Notes in Computer Science Embodied Artificial Intelligence,crossref,embodied intelligence physical reasoning robot,10.1007/978-3-540-27833-7_1,https://doi.org/10.1007/978-3-540-27833-7_1,Rolf Pfeifer; Fumiya Iida,,physical,0,1,0,0,not explicit,not explicit,not explicit
doi:10.1007/978-3-540-28645-5_17,Propositional Reasoning for an Embodied Cognitive Model,2004,Lecture Notes in Computer Science Advances in Artificial Intelligence - SBIA 2004,crossref,embodied intelligence physical reasoning robot,10.1007/978-3-540-28645-5_17,https://doi.org/10.1007/978-3-540-28645-5_17,Jerusa Marchi; Guilherme Bittencourt,,physical,0,1,0,0,not explicit,not explicit,not explicit
doi:10.1007/978-3-540-27833-7_6,Robot Bouncing: On the Synergy Between Neural and Body-Environment Dynamics,2004,Lecture Notes in Computer Science Embodied Artificial Intelligence,crossref,embodied intelligence physical reasoning robot,10.1007/978-3-540-27833-7_6,https://doi.org/10.1007/978-3-540-27833-7_6,Max Lungarella; Luc Berthouze,,world_model,0,0,0,1,dynamics fidelity,not explicit,not explicit
doi:10.1007/978-3-540-27833-7_16,Robot Finger Design for Developmental Tactile Interaction,2004,Lecture Notes in Computer Science Embodied Artificial Intelligence,crossref,embodied intelligence physical reasoning robot,10.1007/978-3-540-27833-7_16,https://doi.org/10.1007/978-3-540-27833-7_16,Koh Hosoda,,physical,0,1,0,0,contact geometry,not explicit,not explicit
doi:10.1007/978-3-540-27833-7_3,The Future of Embodied Artificial Intelligence: Machine Consciousness?,2004,Lecture Notes in Computer Science Embodied Artificial Intelligence,crossref,embodied intelligence physical reasoning robot,10.1007/978-3-540-27833-7_3,https://doi.org/10.1007/978-3-540-27833-7_3,Owen Holland,,physical,0,1,0,0,not explicit,not explicit,not explicit
doi:10.1016/s0004-3702(03)00055-9,Embodied artificial intelligence,2003,Artificial Intelligence,crossref,embodied intelligence physical reasoning robot,10.1016/s0004-3702(03)00055-9,https://doi.org/10.1016/s0004-3702(03)00055-9,Ron Chrisley,,physical,0,1,0,0,not explicit,not explicit,not explicit
doi:10.1079/9780851995465.0053,The market versus the state.,2002,Leisure and tourism policy and planning,crossref,latent state robot policy planning,10.1079/9780851995465.0053,https://doi.org/10.1079/9780851995465.0053,A. J. Veal,,abstraction,1,0,0,0,not explicit,not explicit,not explicit
doi:10.7551/mitpress/4527.003.0011,Dynamic Manipulation,2001,Mechanics of Robotic Manipulation,crossref,robotic manipulation planning latent dynamics,10.7551/mitpress/4527.003.0011,https://doi.org/10.7551/mitpress/4527.003.0011,,,physical,0,1,0,0,contact geometry,not explicit,contact discontinuities
doi:10.7551/mitpress/4527.003.0009,Dynamics,2001,Mechanics of Robotic Manipulation,crossref,robotic manipulation planning latent dynamics,10.7551/mitpress/4527.003.0009,https://doi.org/10.7551/mitpress/4527.003.0009,,,world_model,0,0,0,1,dynamics fidelity,not explicit,not explicit
doi:10.1016/s0004-3702(01)00090-x,Influence-based model decomposition for reasoning about spatially distributed physical systems,2001,Artificial Intelligence,crossref,embodied intelligence physical reasoning robot,10.1016/s0004-3702(01)00090-x,https://doi.org/10.1016/s0004-3702(01)00090-x,Chris Bailey-Kellogg; Feng Zhao,,physical,0,1,0,0,not explicit,not explicit,not explicit
doi:10.7551/mitpress/4527.003.0005,Kinematic Manipulation,2001,Mechanics of Robotic Manipulation,crossref,robotic manipulation planning latent dynamics,10.7551/mitpress/4527.003.0005,https://doi.org/10.7551/mitpress/4527.003.0005,,,physical,0,1,0,0,contact geometry,not explicit,contact discontinuities
doi:10.7551/mitpress/4527.003.0004,Kinematic Representation,2001,Mechanics of Robotic Manipulation,crossref,robotic manipulation planning latent dynamics,10.7551/mitpress/4527.003.0004,https://doi.org/10.7551/mitpress/4527.003.0004,,,abstraction,1,0,0,0,state variables,not explicit,aliasing / observability limits
doi:10.7551/mitpress/4527.003.0002,Manipulation,2001,Mechanics of Robotic Manipulation,crossref,robotic manipulation planning latent dynamics,10.7551/mitpress/4527.003.0002,https://doi.org/10.7551/mitpress/4527.003.0002,,,physical,0,1,0,0,contact geometry,not explicit,contact discontinuities
doi:10.7551/mitpress/4527.003.0008,Quasistatic Manipulation,2001,Mechanics of Robotic Manipulation,crossref,robotic manipulation planning latent dynamics,10.7551/mitpress/4527.003.0008,https://doi.org/10.7551/mitpress/4527.003.0008,,,physical,0,1,0,0,contact geometry,not explicit,contact discontinuities
doi:10.3917/puf.strer.2000.01.0051,Chapitre 3. Exploration manuelle et perception tactile chez le nourrisson,2000,Toucher pour connatre,crossref,tactile perception robot manipulation,10.3917/puf.strer.2000.01.0051,https://doi.org/10.3917/puf.strer.2000.01.0051,Arlette Streri,,physical,0,1,0,0,contact geometry,not explicit,not explicit
doi:10.1145/350752.350761,Ecological interface enabling human-embodied cognition in mobile robot teleoperation,2000,intelligence,crossref,embodied intelligence physical reasoning robot,10.1145/350752.350761,https://doi.org/10.1145/350752.350761,Tetsuo Sawaragi; Yukio Horiguchi,,physical,0,1,0,0,not explicit,not explicit,not explicit
doi:10.21236/ada357655,Intelligent Sensor-Based Manipulation with Robotic Hands,1998,,crossref,robotic manipulation planning latent dynamics,10.21236/ada357655,https://doi.org/10.21236/ada357655,Peter Allen,,physical,0,1,0,0,contact geometry,not explicit,contact discontinuities
doi:10.1007/978-1-4613-0471-5_6,Active Learning for Vision-Based Robot Grasping,1996,The Kluwer International Series in Engineering and Computer Science Recent Advances in Robot Learning,crossref,robot representation learning control,10.1007/978-1-4613-0471-5_6,https://doi.org/10.1007/978-1-4613-0471-5_6,Marcos Salganicoff; Lyle H. Ungar; Ruzena Bajcsy,,physical,0,1,0,0,contact geometry; perception quality,not explicit,not explicit
doi:10.1016/0954-1810(96)00001-5,Constraint logic programming for structure-based reasoning about dynamic physical systems,1996,Artificial Intelligence in Engineering,crossref,embodied intelligence physical reasoning robot,10.1016/0954-1810(96)00001-5,https://doi.org/10.1016/0954-1810(96)00001-5,Yousri El Fattah,,physical,0,1,0,0,not explicit,not explicit,not explicit
doi:10.1007/978-1-4613-0471-5_7,Purposive Behavior Acquisition for a Real Robot by Vision-Based Reinforcement Learning,1996,The Kluwer International Series in Engineering and Computer Science Recent Advances in Robot Learning,crossref,robot representation learning control,10.1007/978-1-4613-0471-5_7,https://doi.org/10.1007/978-1-4613-0471-5_7,Minoru Asada; Shoichi Noda; Sukoya Tawaratsumida; Koh Hosoda,,physical,0,1,0,0,contact geometry; perception quality,not explicit,not explicit
doi:10.1142/9789812831361_0002,KNOWLEDGE REPRESENTATION AND MACHINE LEARNING,1995,Nonanalytical Methods for Motor Control,crossref,robot representation learning control,10.1142/9789812831361_0002,https://doi.org/10.1142/9789812831361_0002,,,abstraction,1,0,0,0,state variables,not explicit,aliasing / observability limits
doi:10.1109/37.257890,Acquiring robot skills via reinforcement learning,1994,IEEE Control Systems,crossref,robot representation learning control,10.1109/37.257890,https://doi.org/10.1109/37.257890,,,physical,0,1,0,0,contact geometry,not explicit,not explicit
doi:10.1049/cp:19940193,Quaternion position representation in robot kinematic structures,1994,International Conference on Control '94,crossref,robot representation learning control,10.1049/cp:19940193,https://doi.org/10.1049/cp:19940193,K. Dobrovodsky,,abstraction,1,0,0,0,state variables,not explicit,aliasing / observability limits
doi:10.1016/0967-0661(93)90188-w,169 Learning to avoid collisions: A reinforcement learning paradigm for mobile robot navigation,1993,Control Engineering Practice,crossref,robot representation learning control,10.1016/0967-0661(93)90188-w,https://doi.org/10.1016/0967-0661(93)90188-w,,,physical,0,1,0,0,contact geometry,not explicit,not explicit
doi:10.1080/09537289208919377,Manufacturing management-a world model?,1992,Production Planning &amp; Control,crossref,robot world model planning control manipulation,10.1080/09537289208919377,https://doi.org/10.1080/09537289208919377,GERHARD PLENERT,,world_model,0,0,0,1,dynamics fidelity,not explicit,not explicit
doi:10.1142/9789814355964_0010,Object Recognition Using Active Tactile Sensing,1992,World Scientific Series in Robotics and Intelligent Systems Advanced Tactile Sensing for Robotics,crossref,active perception robotics world model,10.1142/9789814355964_0010,https://doi.org/10.1142/9789814355964_0010,Peter K. Allen,,physical,0,1,0,0,contact geometry,not explicit,not explicit
doi:10.1016/0004-3702(91)90106-t,Qualitative reasoning about physical systems: A return to roots,1991,Artificial Intelligence,crossref,embodied intelligence physical reasoning robot,10.1016/0004-3702(91)90106-t,https://doi.org/10.1016/0004-3702(91)90106-t,Brian C. Williams; Johan de Kleer,,physical,0,1,0,0,not explicit,not explicit,not explicit
doi:10.1007/978-3-642-75530-9_2,Robot Tactile Perception,1991,Sensor-Based Robots: Algorithms and Architectures,crossref,tactile perception robot manipulation,10.1007/978-3-642-75530-9_2,https://doi.org/10.1007/978-3-642-75530-9_2,G. Buttazzo; A. Bicchi; P. Dario,,physical,0,1,0,0,contact geometry,not explicit,not explicit
doi:10.1007/978-3-642-76465-3_16,The Oxford Robot World Model,1991,Expert Systems and Robotics,crossref,multimodal robot world model,10.1007/978-3-642-76465-3_16,https://doi.org/10.1007/978-3-642-76465-3_16,Bill Triggs; Stephen Cameron,,world_model,0,0,0,1,dynamics fidelity,not explicit,not explicit
doi:10.1093/heapol/4.1.40,"Evaluating water and sanitation projects: lessons from I mo State, Nigeria",1989,Health Policy and Planning,crossref,latent state robot policy planning,10.1093/heapol/4.1.40,https://doi.org/10.1093/heapol/4.1.40,,,abstraction,1,0,0,0,not explicit,not explicit,not explicit
doi:10.1093/heapol/3.2.159,"Inequalities in health care in Ondo State, Nigeria",1988,Health Policy and Planning,crossref,latent state robot policy planning,10.1093/heapol/3.2.159,https://doi.org/10.1093/heapol/3.2.159,FOLASADE IYUN,,abstraction,1,0,0,0,not explicit,not explicit,not explicit
doi:10.1007/978-94-015-7811-0_2,Some Constraints on Embodied Analogical Understanding,1988,Analogical Reasoning,crossref,embodied intelligence physical reasoning robot,10.1007/978-94-015-7811-0_2,https://doi.org/10.1007/978-94-015-7811-0_2,Mark Johnson,,physical,0,1,0,0,not explicit,not explicit,not explicit
doi:10.1109/robot.1986.1087541,"Primitives, features, and exploratory procedures: Building a robot tactile perception system",1986,Proceedings. 1986 IEEE International Conference on Robotics and Automation,crossref,tactile perception robot manipulation,10.1109/robot.1986.1087541,https://doi.org/10.1109/robot.1986.1087541,S. Stansfield,,physical,0,1,0,0,contact geometry,not explicit,not explicit
doi:10.1016/0004-3702(84)90036-5,Qualitative reasoning about physical systems: An introduction,1984,Artificial Intelligence,crossref,embodied intelligence physical reasoning robot,10.1016/0004-3702(84)90036-5,https://doi.org/10.1016/0004-3702(84)90036-5,Daniel G. Bobrow,,physical,0,1,0,0,not explicit,not explicit,not explicit
doi:10.1007/11540151_5,5 Multi-cue 3D Model-Based Object Tracking,,Springer Tracts in Advanced Robotics Visual Perception and Robotic Manipulation,crossref,active perception robotics world model,10.1007/11540151_5,https://doi.org/10.1007/11540151_5,Geoffrey Taylor; Lindsay Kleeman,,world_model,0,0,0,1,not explicit,not explicit,not explicit
doi:10.1109/tmech.2025.3649691/mm1,A Rigid-Flexible Multimodal Robot for Versatile Manipulation in Pipe Environments_supp1-3649691.mp4,,,crossref,multimodal robot world model,10.1109/tmech.2025.3649691/mm1,https://doi.org/10.1109/tmech.2025.3649691/mm1,Shengnan Lyu,,physical,0,1,0,0,contact geometry,not explicit,contact discontinuities
doi:10.1007/978-3-540-72690-6_5,Automatic Learning of Hierarchical Models,,Studies in Computational Intelligence Multiple Abstraction Hierachies for Mobile Robot Operation in Large Environments,crossref,robot abstraction learning,10.1007/978-3-540-72690-6_5,https://doi.org/10.1007/978-3-540-72690-6_5,,,abstraction,1,0,0,0,not explicit,task decomposition,not explicit
doi:10.1109/lra.2024.3421191/mm1,Autonomous Blood Suction for Robot-Assisted Surgery: A Sim-to-Real Reinforcement Learning Approach_supp1-3421191.mp4,,,crossref,sim-to-real robot control abstraction,10.1109/lra.2024.3421191/mm1,https://doi.org/10.1109/lra.2024.3421191/mm1,Yafei Ou,,physical,0,1,0,0,contact geometry; domain shift,not explicit,distribution shift
doi:10.3726/978-3-0353-0306-3/9,Chapter 4 - Tactile Perception 187,,Evidentiality and Perception Verbs in English and German,crossref,tactile perception robot manipulation,10.3726/978-3-0353-0306-3/9,https://doi.org/10.3726/978-3-0353-0306-3/9,,,physical,0,1,0,0,contact geometry,not explicit,not explicit
doi:10.17760/d20409212,Contact-based interactions between a robot and its environment,,,crossref,offline robot learning planning control,10.17760/d20409212,https://doi.org/10.17760/d20409212,Maozhen Wang,,physical,0,1,0,0,contact geometry,not explicit,contact discontinuities
doi:10.1109/lra.2024.3379804/mm3,Deep Reinforcement Learning-based Large-scale Robot Exploration_supp1-3379804.pdf,,,crossref,model-based reinforcement learning robot control,10.1109/lra.2024.3379804/mm3,https://doi.org/10.1109/lra.2024.3379804/mm3,Yuhong Cao,,physical,0,1,0,0,contact geometry,not explicit,not explicit
doi:10.1109/lra.2024.3379804/mm1,Deep Reinforcement Learning-based Large-scale Robot Exploration_supp2-3379804.mp4,,,crossref,model-based reinforcement learning robot control,10.1109/lra.2024.3379804/mm1,https://doi.org/10.1109/lra.2024.3379804/mm1,Yuhong Cao,,physical,0,1,0,0,contact geometry,not explicit,not explicit
doi:10.1109/lra.2024.3379804/mm2,Deep Reinforcement Learning-based Large-scale Robot Exploration_supp3-3379804.mov,,,crossref,model-based reinforcement learning robot control,10.1109/lra.2024.3379804/mm2,https://doi.org/10.1109/lra.2024.3379804/mm2,Yuhong Cao,,physical,0,1,0,0,contact geometry,not explicit,not explicit
doi:10.70675/f9f6ef24zf4fdz44ffz94eez3ae14aa68964,Developmental psychology inspired models for physical and social reasoning in human-robot joint action,,,crossref,embodied intelligence physical reasoning robot,10.70675/f9f6ef24zf4fdz44ffz94eez3ae14aa68964,https://doi.org/10.70675/f9f6ef24zf4fdz44ffz94eez3ae14aa68964,Yoan Sallami,"Modles inspirs de la psychologie du dveloppement pour le raisonnement physique et social dans le cadre de l'action jointe humain-robot Dans le but de raliser une tche collaborative avec une personne, un robot a besoin de raisonner  propos des objets et des personnes qui l'entourent. La psychologie dveloppementale donne de bons indices  propos de comment les enfants dveloppent leurs modles du monde, ce qui peut aider  concevoir de nouvelles architectures robotiques pour des interactions efficientes et robustes. Dans un premier temps nous prsenterons une architecture base sur une data-structure hybride qui combine informations gomtriques et relationnelles avec des reprsentations neurales. Cette architecture a pour but de bnficier des avances rcentes en vision artificielle et en traitement de la parole, tout en permettant un raisonnement 3D efficace en construisant un modle 3D cohrent qui permet de calculer le rendu d'une image depuis n'importe quel point de la scne. Ensuite nous explorons deux modalits cls dans le contexte de l'action conjointe entre un humain et un robot: le raisonnement physique et le raisonnement sur les croyances. Le raisonnement physique permet au robot d'utiliser la physique Newtonienne dans le but de raisonner sur les objets hors du champ de vue, tout en analysant ce qui est physiquement plausible dans le but d'infrer des actions. Dans cette thse nous prsenterons un travail inspir par la psychologie dveloppementale dans lequel on se sert d'un simulateur physique pour infrer la position des objets qui sont hors du champ de vue du robot, permettant au robot de calculer des relations gomtriques entre les objets. De plus l'algorithme prsent permet d'infrer les actions de l'humain en analysant la divergence entre le modle physique et les informations de perception. Le raisonnement sur les croyances est une autre capacit cl pour pouvoir assister/aider des personnes. Ce raisonnement est bas sur la prise de perspective: la capacit de raisonner depuis le point de vue d'une autre personne. Dans cette thse nous soulignons la modularit des structures de donnes utilises en intgrant le systme dvelopp et des logiciels de raisonnement bas sur des ontologies. Cette intgration permet de faire des requtes SPARQL  propos des entits gnrs par le systme physique et perceptuel. La pertinence de cette synergie est ensuite discute avec un travail prliminaire sur l'intgration de modles de langage profonds utilisant l'expressivit du SPARQL.On conclut avec une discussion sur les limites du systme et une ouverture sur des travaux futurs pouvant tre intressant pour la recherche dans ce domaine.",physical,0,1,0,0,perception quality,not explicit,not explicit
doi:10.31274/td-20240329-239,Dexterous robotic manipulation: Batting and cutting,,,crossref,robotic manipulation planning latent dynamics,10.31274/td-20240329-239,https://doi.org/10.31274/td-20240329-239,Xiaoqian Mu,,physical,0,1,0,0,contact geometry,not explicit,contact discontinuities
doi:10.1007/978-1-4020-5626-0_21,Direct Gradient-Based Reinforcement Learning for Robot Behavior Learning,,"Informatics in Control, Automation and Robotics II",crossref,model-based reinforcement learning robot control,10.1007/978-1-4020-5626-0_21,https://doi.org/10.1007/978-1-4020-5626-0_21,Andres El-Fakdi; Marc Carreras; Pere Ridao,,physical,0,1,0,0,contact geometry,not explicit,not explicit
doi:10.4324/9781315775845.ch18,"Embodied Interaction, Coordination and Reasoning in Computer Gameplay",,The Routledge Handbook of Embodied Cognition,crossref,embodied intelligence physical reasoning robot,10.4324/9781315775845.ch18,https://doi.org/10.4324/9781315775845.ch18,Tarja Susi,,physical,0,1,0,0,not explicit,not explicit,not explicit
doi:10.26481/dis.20250207mz,Grasp generation and multimodal localization with applications to human-robot collaboration,,,crossref,multimodal robot world model,10.26481/dis.20250207mz,https://doi.org/10.26481/dis.20250207mz,Michael Zechmair,,physical,0,1,0,0,contact geometry,not explicit,not explicit
doi:10.1007/978-3-540-73580-9_24,Homogeneous Hierarchical Composition of Areas in Multi-robot Area Coverage,,"Lecture Notes in Computer Science Abstraction, Reformulation, and Approximation",crossref,robot abstraction learning,10.1007/978-3-540-73580-9_24,https://doi.org/10.1007/978-3-540-73580-9_24,Sriram Raghavan; Ravindran B,,abstraction,1,0,0,0,not explicit,task decomposition,not explicit
doi:10.1109/ieeestd.2024.10557559,IEEE Standard for Robot Task Representation,,,crossref,robot representation learning control,10.1109/ieeestd.2024.10557559,https://doi.org/10.1109/ieeestd.2024.10557559,,,abstraction,1,0,0,0,state variables,not explicit,aliasing / observability limits
doi:10.33612/diss.1515260308,Learning Target-Driven Robotic Manipulation in Constrained Clutter,,,crossref,robotic manipulation planning latent dynamics,10.33612/diss.1515260308,https://doi.org/10.33612/diss.1515260308,Yongliang Wang,,physical,0,1,0,0,contact geometry,not explicit,contact discontinuities
doi:10.17760/d20467227,Macro-action-based multi-agent/robot deep reinforcement learning under partial observability,,,crossref,model-based reinforcement learning robot control,10.17760/d20467227,https://doi.org/10.17760/d20467227,Yuchen Xiao,,physical,0,1,0,0,contact geometry,not explicit,not explicit
doi:10.1109/wcica.2004.1343642,Manipulation of a humanoid robot by teleoperation,,Fifth World Congress on Intelligent Control and Automation (IEEE Cat. No.04EX788),crossref,robot world model planning control manipulation,10.1109/wcica.2004.1343642,https://doi.org/10.1109/wcica.2004.1343642,Qiusheng Liu; Qiang Huang; Weimin Zhang; Xingyi Wang; Chengwei Wu; Dongguang Li; Kejie Li,,physical,0,1,0,0,contact geometry,not explicit,contact discontinuities
doi:10.1007/978-3-540-33455-2_5,Multi-cue 3D Model-Based Object Tracking,,Springer Tracts in Advanced Robotics Visual Perception and Robotic Manipulation,crossref,active perception robotics world model,10.1007/978-3-540-33455-2_5,https://doi.org/10.1007/978-3-540-33455-2_5,,,world_model,0,0,0,1,not explicit,not explicit,not explicit
doi:10.7190/shu-thesis-00722,Multimodal Emotion Recognition Software to Facilitate Human-Robot Interaction,,,crossref,multimodal robot world model,10.7190/shu-thesis-00722,https://doi.org/10.7190/shu-thesis-00722,Johsua Bamforth,"Emotion recognition is a key enabler of effective human-robot interaction (HRI), allowing robots to respond appropriately to users' emotional states. However, many current approaches rely on a single modality or multimodal fusion techniques which are computationally intensive and unsuitable for widely available, resourceconstrained robotic platforms. This presents a significant barrier to deploying emotionally aware robots in real-world settings such as healthcare, education, and assistive technology. This thesis addresses this challenge by evaluating two independent, low-resource emotion recognition approaches: facial emotion recognition and text-based sentiment analysis. The goal is to assess their individual effectiveness, feasibility, and potential to support emotionally intelligent behaviour without relying on full multimodal integration. A literature review contextualises the work within existing research on visual, auditory, and gesture-based emotion recognition. Experimental evaluations explore the accuracy and efficiency of both modalities in constrained environments using a robotic platform. Results demonstrate that both facial and text-based emotion recognition methods can operate effectively in isolation, offering practical solutions for real-time deployment on low-power systems. These findings suggest that strategic use of unimodal methods can enhance robot emotional responsiveness while avoiding the complexity of multimodal systems. The thesis concludes by identifying future research directions, including real-world testing, improved on-device processing, and lightweight integration strategies.",abstraction,1,0,0,0,not explicit,not explicit,not explicit
doi:10.1109/lra.2024.3398428/mm1,On the Role of the Action Space in Robot Manipulation Learning and Sim-to-Real Transfer_supp1-3398428.mp4,,,crossref,sim-to-real robot control abstraction,10.1109/lra.2024.3398428/mm1,https://doi.org/10.1109/lra.2024.3398428/mm1,Elie Aljalbout,,physical,0,1,0,0,contact geometry; domain shift,not explicit,contact discontinuities; distribution shift
doi:10.1109/tase.2025.3648835/mm1,Online Behavior-centric Adaptation for Bipedal Robot Sim-to-real Transfer with Unmodeled Dynamics Mismatch_supp1-3648835.mp4,,,crossref,sim-to-real robot control abstraction,10.1109/tase.2025.3648835/mm1,https://doi.org/10.1109/tase.2025.3648835/mm1,Yidong Du,,world_model,0,0,0,1,domain shift; dynamics fidelity,not explicit,distribution shift
doi:10.1007/bfb0039265,Passivity of robot dynamics implies capability of motor program learning,,Lecture Notes in Control and Information Sciences Advanced Robot Control,crossref,robot representation learning control,10.1007/bfb0039265,https://doi.org/10.1007/bfb0039265,Suguru Arimoto,,world_model,0,0,0,1,dynamics fidelity,not explicit,not explicit
doi:10.1109/icarcv.2004.1468983,Reinforcement learning method-based stable gait synthesis for biped robot,,"ICARCV 2004 8th Control, Automation, Robotics and Vision Conference, 2004.",crossref,model-based reinforcement learning robot control,10.1109/icarcv.2004.1468983,https://doi.org/10.1109/icarcv.2004.1468983,Hu Lingyun; Sun Zengqi,,physical,0,1,0,0,contact geometry,not explicit,not explicit
doi:10.17760/d20659774,"Reinforcement learning-based model matching in COBRA, a slithering snake robot",,,crossref,model-based reinforcement learning robot control,10.17760/d20659774,https://doi.org/10.17760/d20659774,Harin Kumar Nallaguntla,,physical,0,1,0,0,contact geometry,not explicit,not explicit
doi:10.17760/d20623238,Robotic voxels for omnidirectional manipulation,,,crossref,robotic manipulation planning latent dynamics,10.17760/d20623238,https://doi.org/10.17760/d20623238,Michael Angelo Carvajal,,physical,0,1,0,0,contact geometry,not explicit,contact discontinuities
doi:10.32657/10356/210518,Robust perception under partial observations for robotic manipulation,,,crossref,robotic manipulation planning latent dynamics,10.32657/10356/210518,https://doi.org/10.32657/10356/210518,Yadan Zeng,,physical,0,1,0,0,contact geometry,not explicit,contact discontinuities
doi:10.17760/d20487609,Sample-efficient learning for robotic manipulation,,,crossref,robotic manipulation planning latent dynamics,10.17760/d20487609,https://doi.org/10.17760/d20487609,Mingxi Jia,,physical,0,1,0,0,contact geometry,not explicit,contact discontinuities
doi:10.14711/thesis-b678747,Sensor based manipulation for multifingered robotic hand,,,crossref,robotic manipulation planning latent dynamics,10.14711/thesis-b678747,https://doi.org/10.14711/thesis-b678747,Shilong Jiang,,physical,0,1,0,0,contact geometry,not explicit,contact discontinuities
doi:10.31274/rtd-20200616-81,Shapes reconstruction from robot tactile sensing,,,crossref,tactile perception robot manipulation,10.31274/rtd-20200616-81,https://doi.org/10.31274/rtd-20200616-81,Liangchuan Mi,,physical,0,1,0,0,contact geometry,not explicit,not explicit
doi:10.1109/tase.2025.3589764/mm1,Shortcut-Enhanced Multimodal Backdoor Attack in Vision-Guided Robot Grasping_supp1-3589764.mp4,,,crossref,multimodal robot world model,10.1109/tase.2025.3589764/mm1,https://doi.org/10.1109/tase.2025.3589764/mm1,Li Chenghao,,physical,0,1,0,0,contact geometry; perception quality,not explicit,not explicit
doi:10.17760/d20698939,Symmetric models for dexterous robotic manipulation,,,crossref,robotic manipulation planning latent dynamics,10.17760/d20698939,https://doi.org/10.17760/d20698939,Colin Kohler,,physical,0,1,0,0,contact geometry,not explicit,contact discontinuities
doi:10.14711/thesis-b786949,Synthesis of dextrous manipulation by multifingered robotic hands,,,crossref,robotic manipulation planning latent dynamics,10.14711/thesis-b786949,https://doi.org/10.14711/thesis-b786949,Guanfeng Liu,,physical,0,1,0,0,contact geometry,not explicit,contact discontinuities
doi:10.1109/lra.2023.3304561/mm1,Torque-based Deep Reinforcement Learning for Task-and-Robot Agnostic Learning on Bipedal Robots Using Sim-to-Real Transfer_supp1-3304561.mp4,,,crossref,sim-to-real robot control abstraction,10.1109/lra.2023.3304561/mm1,https://doi.org/10.1109/lra.2023.3304561/mm1,Jaeheung Park,,physical,0,1,0,0,contact geometry; domain shift,not explicit,distribution shift
doi:10.1007/978-3-540-70799-8_8,Uncertainty Propagation in Abstracted Systems,,Lecture Notes in Control and Information Sciences Model Abstraction in Dynamical Systems: Application to Mobile Robot Control,crossref,sim-to-real robot control abstraction,10.1007/978-3-540-70799-8_8,https://doi.org/10.1007/978-3-540-70799-8_8,Patricia Mellodge; Pushkin Kachroo,,abstraction,1,0,0,0,not explicit,variables discarded by abstraction,not explicit
doi:10.1109/access.2026.3684520,A Comparative Study of DRL Algorithms for Map-Free Robot Navigation With Zero-Shot Sim-to-Real Transfer,2026,IEEE Access,crossref,sim-to-real robot control abstraction,10.1109/access.2026.3684520,https://doi.org/10.1109/access.2026.3684520,Taner Yilmaz; Omur Aydogmus,,other,0,0,0,0,domain shift,not explicit,distribution shift
doi:10.1109/lra.2025.3632659,A Lightweight Physics-Informed Neural Network for Sim-to-Real of Biped Robot,2026,IEEE Robotics and Automation Letters,crossref,sim-to-real robot control abstraction,10.1109/lra.2025.3632659,https://doi.org/10.1109/lra.2025.3632659,Yan Liu; Xizhe Zang; Xuehe Zhang; Chao Song; Boyang Chen; Jie Zhao,,other,0,0,0,0,domain shift,not explicit,distribution shift
doi:10.36227/techrxiv.177223092.27607998/v1,A Multimodal Agentic AI Framework for Intuitive Human-Robot Collaboration,2026,,crossref,multimodal robot world model,10.36227/techrxiv.177223092.27607998/v1,https://doi.org/10.36227/techrxiv.177223092.27607998/v1,Xiaoyun Liang; Jiannan Cai,,other,0,0,0,0,not explicit,not explicit,not explicit
doi:10.1109/ipac69021.2026.11542954,Active Jitter Suppression in VLA-Driven Robotics via Cascaded Tracking Differentiators,2026,2026 International Conference on Intelligent Perception and Autonomous Control (IPAC),crossref,active perception robotics world model,10.1109/ipac69021.2026.11542954,https://doi.org/10.1109/ipac69021.2026.11542954,Haowen Tang; Weilin Chen; Wenbo Zhu; Zihan Chen; Jin Pang,,other,0,0,0,0,not explicit,not explicit,not explicit
doi:10.1007/s44430-026-00028-2,"Emotion recognition in human robot collaboration for multimodal approaches, real-world challenges and future directions",2026,Discover Robotics,crossref,multimodal robot world model,10.1007/s44430-026-00028-2,https://doi.org/10.1007/s44430-026-00028-2,Nikhilsingh Parihar; Kanan; Rashmi Chawla; Giancarlo Fortino,,other,0,0,0,0,not explicit,not explicit,not explicit
doi:10.36227/techrxiv.176834726.69446413/v2,Human Modalities in Human-Robot Interaction: A Review from Multimodal and Foundation Model Perspectives,2026,,crossref,multimodal robot world model,10.36227/techrxiv.176834726.69446413/v2,https://doi.org/10.36227/techrxiv.176834726.69446413/v2,Ruiqi Wang,,other,0,0,0,0,not explicit,not explicit,not explicit
doi:10.36227/techrxiv.176834726.69446413/v1,Human Modalities in Human-Robot Interaction: A Review from Multimodal and Foundation Model Perspectives,2026,,crossref,multimodal robot world model,10.36227/techrxiv.176834726.69446413/v1,https://doi.org/10.36227/techrxiv.176834726.69446413/v1,Ruiqi Wang,,other,0,0,0,0,not explicit,not explicit,not explicit
doi:10.61784/wjit3104,SENTIMENT ANALYSIS MODEL BASED ON ATTENTION MECHANISM MULTIMODAL FUSION AND SPATIO-TEMPORAL GRAPH NEURAL NETWORK,2026,WorldJournalofInformationTechnology,crossref,multimodal robot world model,10.61784/wjit3104,https://doi.org/10.61784/wjit3104,,,other,0,0,0,0,not explicit,not explicit,not explicit
doi:10.1109/iccar69571.2026.11549553,Sim-to-Real Transfer of Vision-Language Navigation in Continuous Environments Using an Ackermann-Steered Mobile Robot,2026,"2026 12th International Conference on Control, Automation and Robotics (ICCAR)",crossref,sim-to-real robot control abstraction,10.1109/iccar69571.2026.11549553,https://doi.org/10.1109/iccar69571.2026.11549553,Chalindu Abeywansa; Sahan Gunasekara; Devindi De Silva; Seniru Dissanayake; Ranga Rodrigo; Peshala Jayasekara,,other,0,0,0,0,perception quality; domain shift,not explicit,distribution shift
doi:10.1016/j.ifacol.2025.09.474,A Multimodal Large Model to Enhance Robot Understanding of Human Intentions for Accurate Human Robot Collaborative Manufacturing,2025,IFAC-PapersOnLine,crossref,multimodal robot world model,10.1016/j.ifacol.2025.09.474,https://doi.org/10.1016/j.ifacol.2025.09.474,Juntao Li; Junyan Xiong; Zimo Zhang; Daqiang Guo,,other,0,0,0,0,not explicit,not explicit,not explicit
doi:10.1007/s10846-025-02250-3,A Schwarz-Christoffel Mapping-based Framework for Sim-to-Real Transfer in Autonomous Robot Operations,2025,Journal of Intelligent &amp; Robotic Systems,crossref,sim-to-real robot control abstraction,10.1007/s10846-025-02250-3,https://doi.org/10.1007/s10846-025-02250-3,Shijie Gao; Nicola Bezzo,,other,0,0,0,0,domain shift,not explicit,distribution shift
doi:10.1007/979-8-8688-0989-7,AI for Robotics,2025,,crossref,embodied intelligence physical reasoning robot,10.1007/979-8-8688-0989-7,https://doi.org/10.1007/979-8-8688-0989-7,Alishba Imran; Keerthana Gopalakrishnan,,other,0,0,0,0,not explicit,not explicit,not explicit
doi:10.1109/icra55743.2025.11128798,An Active Perception Game for Robust Information Gathering,2025,2025 IEEE International Conference on Robotics and Automation (ICRA),crossref,active perception robotics world model,10.1109/icra55743.2025.11128798,https://doi.org/10.1109/icra55743.2025.11128798,Siming He; Yuezhan Tao; Igor Spasojevic; Vijay Kumar; Pratik Chaudhari,,other,0,0,0,0,not explicit,not explicit,not explicit
doi:10.1145/3788731.3788750,Complexity Aware Recursive Decomposition for Math Reasoning,2025,Proceedings of the 2025 International Conference on Embodied Intelligence and Large Models,crossref,embodied intelligence physical reasoning robot,10.1145/3788731.3788750,https://doi.org/10.1145/3788731.3788750,Kaleem Ullah Qasim; Jiashu Zhang; Hafiz Saif Ur Rehman,,other,0,0,0,0,not explicit,not explicit,not explicit
doi:10.1109/icra55743.2025.11127532,Enhancing Agricultural Environment Perception via Active Vision and Zero-Shot Learning,2025,2025 IEEE International Conference on Robotics and Automation (ICRA),crossref,active perception robotics world model,10.1109/icra55743.2025.11127532,https://doi.org/10.1109/icra55743.2025.11127532,Michele Carlo La Greca; Mirko Usuelli; Matteo Matteucci,,other,0,0,0,0,perception quality,not explicit,not explicit
doi:10.1007/979-8-8688-0989-7_4,Foundation Models in Robotics,2025,AI for Robotics,crossref,embodied intelligence physical reasoning robot,10.1007/979-8-8688-0989-7_4,https://doi.org/10.1007/979-8-8688-0989-7_4,Alishba Imran; Keerthana Gopalakrishnan,,other,0,0,0,0,not explicit,not explicit,not explicit
doi:10.1007/979-8-8688-0989-7_10,Humanoid Robotics,2025,AI for Robotics,crossref,embodied intelligence physical reasoning robot,10.1007/979-8-8688-0989-7_10,https://doi.org/10.1007/979-8-8688-0989-7_10,Alishba Imran; Keerthana Gopalakrishnan,,other,0,0,0,0,not explicit,not explicit,not explicit
doi:10.1109/access.2025.3629632,Imitation Learning for Robot Motions Based on Multimodal Foundation Model and Style Transformation,2025,IEEE Access,crossref,multimodal robot world model,10.1109/access.2025.3629632,https://doi.org/10.1109/access.2025.3629632,Masaya Nakano; Masatoshi Nagano; Tomoaki Nakamura,,other,0,0,0,0,not explicit,not explicit,not explicit
doi:10.1007/979-8-8688-0989-7_9,Industrial Robotics,2025,AI for Robotics,crossref,embodied intelligence physical reasoning robot,10.1007/979-8-8688-0989-7_9,https://doi.org/10.1007/979-8-8688-0989-7_9,Alishba Imran; Keerthana Gopalakrishnan,,other,0,0,0,0,not explicit,not explicit,not explicit
doi:10.1109/wconf64849.2025.11233633,Interaction Design Based on Cloud Video and Personalized Multimodal Network Model,2025,2025 3rd World Conference on Communication &amp;amp; Computing (WCONF),crossref,multimodal robot world model,10.1109/wconf64849.2025.11233633,https://doi.org/10.1109/wconf64849.2025.11233633,Meng Li,,other,0,0,0,0,not explicit,not explicit,not explicit
doi:10.1007/979-8-8688-0989-7_6,"Mapping, Localization, and Navigation",2025,AI for Robotics,crossref,embodied intelligence physical reasoning robot,10.1007/979-8-8688-0989-7_6,https://doi.org/10.1007/979-8-8688-0989-7_6,Alishba Imran; Keerthana Gopalakrishnan,,other,0,0,0,0,not explicit,not explicit,not explicit
doi:10.1145/3788731.3788753,Mixup-Tuning: Enhancing Multimodal Reasoning via Attention-Aware Token Alignment and Consistency Regularization,2025,Proceedings of the 2025 International Conference on Embodied Intelligence and Large Models,crossref,embodied intelligence physical reasoning robot,10.1145/3788731.3788753,https://doi.org/10.1145/3788731.3788753,Chenghao Ma; Junpeng Ding,,other,0,0,0,0,not explicit,not explicit,not explicit
doi:10.1109/iros60139.2025.11247147,Multimodal Human Activity Recognition with a Large Language Model for Enhanced Human-Robot Interaction,2025,2025 IEEE/RSJ International Conference on Intelligent Robots and Systems (IROS),crossref,multimodal robot world model,10.1109/iros60139.2025.11247147,https://doi.org/10.1109/iros60139.2025.11247147,Ghazaleh Khodabandelou; Abdelghani Chibani; Yacine Amirat,,other,0,0,0,0,not explicit,not explicit,not explicit
doi:10.1049/icp.2025.1172,Multimodal gaze shift model using vision and auditory information for humanoid robot,2025,IET Conference Proceedings,crossref,multimodal robot world model,10.1049/icp.2025.1172,https://doi.org/10.1049/icp.2025.1172,M. Sohail Asif; Syed Muhammad Wasif,,other,0,0,0,0,perception quality,not explicit,not explicit
doi:10.1038/s44182-025-00062-z,Multimodal magnetic miniature robot for adaptive navigation in amphibious environments,2025,npj Robotics,crossref,multimodal robot world model,10.1038/s44182-025-00062-z,https://doi.org/10.1038/s44182-025-00062-z,Aoji Zhu; Jinsheng Zhao; Lidong Yang,,other,0,0,0,0,not explicit,not explicit,not explicit
doi:10.1109/mra.2025.3543957,Natural Multimodal Fusion-Based Human-Robot Interaction: Application With Voice and Deictic Posture via Large Language Model,2025,IEEE Robotics &amp; Automation Magazine,crossref,multimodal robot world model,10.1109/mra.2025.3543957,https://doi.org/10.1109/mra.2025.3543957,Yuzhi Lai; Shenghai Yuan; Youssef Nassar; Mingyu Fan; Atmaraaj Gopal; Arihiro Yorita; Naoyuki Kubota; Matthias Rtsch,,other,0,0,0,0,not explicit,not explicit,not explicit
doi:10.1109/iros60139.2025.11246305,ReBot: Scaling Robot Learning with Real-to-Sim-to-Real Robotic Video Synthesis,2025,2025 IEEE/RSJ International Conference on Intelligent Robots and Systems (IROS),crossref,sim-to-real robot control abstraction,10.1109/iros60139.2025.11246305,https://doi.org/10.1109/iros60139.2025.11246305,Yu Fang; Yue Yang; Xinghao Zhu; Kaiyuan Zheng; Gedas Bertasius; Daniel Szafir; Mingyu Ding,,other,0,0,0,0,domain shift,not explicit,distribution shift
doi:10.1111/nyas.70129/v2/review2,"Review for ""An active inference model of meter perception and the urge to move to music""",2025,,crossref,active perception robotics world model,10.1111/nyas.70129/v2/review2,https://doi.org/10.1111/nyas.70129/v2/review2,,,other,0,0,0,0,not explicit,not explicit,not explicit
doi:10.1111/nyas.70129/v1/review1,"Review for ""An active inference model of meter perception and the urge to move to music""",2025,,crossref,active perception robotics world model,10.1111/nyas.70129/v1/review1,https://doi.org/10.1111/nyas.70129/v1/review1,,,other,0,0,0,0,not explicit,not explicit,not explicit
doi:10.1111/nyas.70129/v2/review1,"Review for ""An active inference model of meter perception and the urge to move to music""",2025,,crossref,active perception robotics world model,10.1111/nyas.70129/v2/review1,https://doi.org/10.1111/nyas.70129/v2/review1,,,other,0,0,0,0,not explicit,not explicit,not explicit
doi:10.1111/nyas.70129/v1/review2,"Review for ""An active inference model of meter perception and the urge to move to music""",2025,,crossref,active perception robotics world model,10.1111/nyas.70129/v1/review2,https://doi.org/10.1111/nyas.70129/v1/review2,,,other,0,0,0,0,not explicit,not explicit,not explicit
doi:10.1007/979-8-8688-0989-7_3,Robot Perception: 3D Data and Sensor Fusion,2025,AI for Robotics,crossref,embodied intelligence physical reasoning robot,10.1007/979-8-8688-0989-7_3,https://doi.org/10.1007/979-8-8688-0989-7_3,Alishba Imran; Keerthana Gopalakrishnan,,other,0,0,0,0,not explicit,not explicit,not explicit
doi:10.1007/979-8-8688-0989-7_2,Robot Perception: Sensors and Image Processing,2025,AI for Robotics,crossref,embodied intelligence physical reasoning robot,10.1007/979-8-8688-0989-7_2,https://doi.org/10.1007/979-8-8688-0989-7_2,Alishba Imran; Keerthana Gopalakrishnan,,other,0,0,0,0,perception quality,not explicit,not explicit
doi:10.1007/979-8-8688-0989-7_8,Self-Driving Vehicles,2025,AI for Robotics,crossref,embodied intelligence physical reasoning robot,10.1007/979-8-8688-0989-7_8,https://doi.org/10.1007/979-8-8688-0989-7_8,Alishba Imran; Keerthana Gopalakrishnan,,other,0,0,0,0,not explicit,not explicit,not explicit
doi:10.1007/979-8-8688-0989-7_5,Simulation,2025,AI for Robotics,crossref,embodied intelligence physical reasoning robot,10.1007/979-8-8688-0989-7_5,https://doi.org/10.1007/979-8-8688-0989-7_5,Alishba Imran; Keerthana Gopalakrishnan,,other,0,0,0,0,not explicit,not explicit,not explicit
doi:10.1109/lra.2025.3575648,VR-Robo: A Real-to-Sim-to-Real Framework for Visual Robot Navigation and Locomotion,2025,IEEE Robotics and Automation Letters,crossref,sim-to-real robot control abstraction,10.1109/lra.2025.3575648,https://doi.org/10.1109/lra.2025.3575648,Shaoting Zhu; Linzhan Mou; Derun Li; Baijun Ye; Runhan Huang; Hang Zhao,,other,0,0,0,0,domain shift,not explicit,distribution shift
doi:10.1007/978-3-031-55015-7_4,3D Multimodal Socially Interactive Robot with ChatGPT Active Listening,2024,Lecture Notes in Computer Science RoboCup 2023: Robot World Cup XXVI,crossref,multimodal robot world model,10.1007/978-3-031-55015-7_4,https://doi.org/10.1007/978-3-031-55015-7_4,Katarzyna Pasternak; Christopher Duarte; Julio Ojalvo; Christine Lisetti; Ubbo Visser,,other,0,0,0,0,not explicit,not explicit,not explicit
doi:10.1109/icra57147.2024.10610997,ActFormer: Scalable Collaborative Perception via Active Queries,2024,2024 IEEE International Conference on Robotics and Automation (ICRA),crossref,active perception robotics world model,10.1109/icra57147.2024.10610997,https://doi.org/10.1109/icra57147.2024.10610997,Suozhi Huang; Juexiao Zhang; Yiming Li; Chen Feng,,other,0,0,0,0,not explicit,not explicit,not explicit
doi:10.1109/lra.2024.3354620,Effective Offline Robot Learning With Structured Task Graph,2024,IEEE Robotics and Automation Letters,crossref,offline robot learning planning control,10.1109/lra.2024.3354620,https://doi.org/10.1109/lra.2024.3354620,Yiwen Hou; Jinming Ma; Haoyuan Sun; Feng Wu,,other,0,0,0,0,not explicit,dataset support,not explicit
doi:10.5220/0013526100004619,"Emotion Recognition in Human-Robot Interaction: Multimodal Fusion, Deep Learning, and Ethical Considerations",2024,Proceedings of the 2nd International Conference on Data Analysis and Machine Learning,crossref,multimodal robot world model,10.5220/0013526100004619,https://doi.org/10.5220/0013526100004619,Yuan Gao,,other,0,0,0,0,not explicit,not explicit,not explicit
doi:10.1109/wrrc62201.2024.10696566,Emotional Design of Elderly Companion Robot Based on KANO Model,2024,2024 World Rehabilitation Robot Convention (WRRC),crossref,multimodal robot world model,10.1109/wrrc62201.2024.10696566,https://doi.org/10.1109/wrrc62201.2024.10696566,Zhao Xinyi; Liu Guangdou; Zhao Jingwen; Liu Weishang,,other,0,0,0,0,not explicit,not explicit,not explicit
doi:10.55092/rl20240001,Learning enabled intelligent robot new era,2024,Robot Learning,crossref,robot abstraction learning,10.55092/rl20240001,https://doi.org/10.55092/rl20240001,Hesheng Wang; Chenguang Yang,,other,0,0,0,0,not explicit,not explicit,not explicit
doi:10.3389/frobt.2024.1440631,Machine Psychology: integrating operant conditioning with the non-axiomatic reasoning system for advancing artificial general intelligence research,2024,Frontiers in Robotics and AI,crossref,embodied intelligence physical reasoning robot,10.3389/frobt.2024.1440631,https://doi.org/10.3389/frobt.2024.1440631,Robert Johansson,"This paper presents an interdisciplinary framework, Machine Psychology, which integrates principles from operant learning psychology with a particular Artificial Intelligence model, the Non-Axiomatic Reasoning System (NARS), to advance Artificial General Intelligence (AGI) research. Central to this framework is the assumption that adaptation is fundamental to both biological and artificial intelligence, and can be understood using operant conditioning principles. The study evaluates this approach through three operant learning tasks using OpenNARS for Applications (ONA): simple discrimination, changing contingencies, and conditional discrimination tasks. In the simple discrimination task, NARS demonstrated rapid learning, achieving 100% correct responses during training and testing phases. The changing contingencies task illustrated NARS's adaptability, as it successfully adjusted its behavior when task conditions were reversed. In the conditional discrimination task, NARS managed complex learning scenarios, achieving high accuracy by forming and utilizing complex hypotheses based on conditional cues. These results validate the use of operant conditioning as a framework for developing adaptive AGI systems. NARS's ability to function under conditions of insufficient knowledge and resources, combined with its sensorimotor reasoning capabilities, positions it as a robust model for AGI. The Machine Psychology framework, by implementing aspects of natural intelligence such as continuous learning and goal-driven behavior, provides a scalable and flexible approach for real-world applications. Future research should explore using enhanced NARS systems, more advanced tasks and applying this framework to diverse, complex tasks to further advance the development of human-level AI.",other,0,0,0,0,not explicit,not explicit,not explicit
doi:10.1109/icra57147.2024.10611380,Perceptual Factors for Environmental Modeling in Robotic Active Perception,2024,2024 IEEE International Conference on Robotics and Automation (ICRA),crossref,active perception robotics world model,10.1109/icra57147.2024.10611380,https://doi.org/10.1109/icra57147.2024.10611380,David Morilla-Cabello; Jonas Westheider; Marija Popovi; Eduardo Montijano,,other,0,0,0,0,not explicit,not explicit,not explicit
doi:10.1109/uffc-js60046.2024.10794015,RUS-Sim: A Robotic Ultrasound Simulator Modeling Patient-Robot Interaction and Real-Time Image Acquisition,2024,"2024 IEEE Ultrasonics, Ferroelectrics, and Frequency Control Joint Symposium (UFFC-JS)",crossref,sim-to-real robot control abstraction,10.1109/uffc-js60046.2024.10794015,https://doi.org/10.1109/uffc-js60046.2024.10794015,Xihan Ma; Yernar Zhetpissov; Haichong K. Zhang,,other,0,0,0,0,perception quality,not explicit,not explicit
doi:10.1142/9789811282850_0007,Robot Learning,2024,Basic Human-Robot Interaction,crossref,robot abstraction learning,10.1142/9789811282850_0007,https://doi.org/10.1142/9789811282850_0007,,,other,0,0,0,0,not explicit,not explicit,not explicit
doi:10.1515/9783110983128-007,6 Multimodal humor in human-robot interaction,2023,Interactional Humor,crossref,multimodal robot world model,10.1515/9783110983128-007,https://doi.org/10.1515/9783110983128-007,Thomas Kiderle; Hannes Ritschel; Silvan Mertes; Elisabeth Andr,,other,0,0,0,0,not explicit,not explicit,not explicit
doi:10.1145/3577190.3616524,A Robot Just for You: Multimodal Personalized Human-Robot Interaction and the Future of Work and Care,2023,INTERNATIONAL CONFERENCE ON MULTIMODAL INTERACTION,crossref,multimodal robot world model,10.1145/3577190.3616524,https://doi.org/10.1145/3577190.3616524,Maja Mataric,,other,0,0,0,0,not explicit,not explicit,not explicit
doi:10.1109/iros55552.2023.10341465,Active Electric Perception-Based Haptic Modality with Applications to Robotics,2023,2023 IEEE/RSJ International Conference on Intelligent Robots and Systems (IROS),crossref,active perception robotics world model,10.1109/iros55552.2023.10341465,https://doi.org/10.1109/iros55552.2023.10341465,Michael Zechmair; Yannick Morel,,other,0,0,0,0,not explicit,not explicit,not explicit
doi:10.1109/whc56415.2023.10224431,Active Haptic Exploration based on Dual-Stage Perception for Object Recognition,2023,2023 IEEE World Haptics Conference (WHC),crossref,active perception robotics world model,10.1109/whc56415.2023.10224431,https://doi.org/10.1109/whc56415.2023.10224431,Pakorn Uttayopas; Xiaoxiao Cheng; Etienne Burdet,,other,0,0,0,0,not explicit,not explicit,not explicit
doi:10.5220/0012160100003543,Closing the Sim-to-Real Gap with Physics-Enhanced Neural ODEs,2023,"Proceedings of the 20th International Conference on Informatics in Control, Automation and Robotics",crossref,sim-to-real robot control abstraction,10.5220/0012160100003543,https://doi.org/10.5220/0012160100003543,Tobias Kamp; Johannes Ultsch; Jonathan Brembeck,,other,0,0,0,0,domain shift,not explicit,distribution shift
doi:10.1016/b978-0-32-395143-2.00004-8,Contents,2023,Human-In-the-loop Learning and Control for Robot Teleoperation,crossref,robot representation learning control,10.1016/b978-0-32-395143-2.00004-8,https://doi.org/10.1016/b978-0-32-395143-2.00004-8,,,other,0,0,0,0,not explicit,not explicit,not explicit
doi:10.1016/b978-0-32-395143-2.00003-6,Copyright,2023,Human-In-the-loop Learning and Control for Robot Teleoperation,crossref,robot representation learning control,10.1016/b978-0-32-395143-2.00003-6,https://doi.org/10.1016/b978-0-32-395143-2.00003-6,,,other,0,0,0,0,not explicit,not explicit,not explicit
doi:10.1007/978-1-4842-9706-3_29,Designing a Basic Robot Model & Creating Instructions,2023,World Robot Olympiad (WRO) 2023 Robomission Junior Tutorials,crossref,multimodal robot world model,10.1007/978-1-4842-9706-3_29,https://doi.org/10.1007/978-1-4842-9706-3_29,Vishnu Agarwal,,other,0,0,0,0,not explicit,not explicit,not explicit
doi:10.31730/osf.io/7n2rt,Enhancing Human-Robot Interaction through Multimodal Affective Computing,2023,,crossref,multimodal robot world model,10.31730/osf.io/7n2rt,https://doi.org/10.31730/osf.io/7n2rt,Richard Okyere Nkrumah; Bernard Amponfi Gyabeng,"This paper focuses on the significance of multimodal affective computing techniques in improving human-robot interaction. The remote measurement of vital signals, such as heart rate, through deep learning has paved the way for more accessible and natural interaction with robots. However, to enable successful interactions with users who may be unfamiliar with robots, robust and interactive user interfaces are crucial. This study emphasizes the importance of combining different modalities in human-computer interaction to create a comprehensive and immersive interaction experience. The research findings are presented within the context of an interactive clean-up task, wherein the robot receives directives from a person to clean specific locations and collect trash. Given the increasing significance of service robotics and its potential societal impact, the development of intuitive and user-friendly interfaces for human-robot interaction is crucial.",other,0,0,0,0,not explicit,not explicit,not explicit
doi:10.1145/3610661.3617642,Multimodal prompts effectively elicit robot-initiated social touch interactions,2023,International Cconference on Multimodal Interaction,crossref,multimodal robot world model,10.1145/3610661.3617642,https://doi.org/10.1145/3610661.3617642,Spatika Sampath Gujran; Merel M. Jung,,other,0,0,0,0,not explicit,not explicit,not explicit
doi:10.1016/b978-0-32-395143-2.00013-9,Preface,2023,Human-In-the-loop Learning and Control for Robot Teleoperation,crossref,robot representation learning control,10.1016/b978-0-32-395143-2.00013-9,https://doi.org/10.1016/b978-0-32-395143-2.00013-9,,,other,0,0,0,0,not explicit,not explicit,not explicit
doi:10.1155/2023/9780325,Retracted: A Multimodal Information Fusion Model for Robot Action Recognition with Time Series,2023,Journal of Electrical and Computer Engineering,crossref,multimodal robot world model,10.1155/2023/9780325,https://doi.org/10.1155/2023/9780325,,,other,0,0,0,0,not explicit,not explicit,not explicit
doi:10.1007/978-3-031-52730-2_3,Robotic Sperm Immobilization,2023,Robotic Manipulation of Reproductive Cells,crossref,robotic manipulation planning latent dynamics,10.1007/978-3-031-52730-2_3,https://doi.org/10.1007/978-3-031-52730-2_3,Changsheng Dai; Yu Sun,,other,0,0,0,0,not explicit,not explicit,not explicit
doi:10.1201/9781003420354-2,Robots and Society: Perception vs. Reality,2023,Personal Robotics,crossref,active perception robotics world model,10.1201/9781003420354-2,https://doi.org/10.1201/9781003420354-2,Richard Raucci,,other,0,0,0,0,not explicit,not explicit,not explicit
doi:10.1109/cac59555.2023.10451786,Safe Sim-to-Real Robot Exploration with Constrained Bayesian Optimization,2023,2023 China Automation Congress (CAC),crossref,sim-to-real robot control abstraction,10.1109/cac59555.2023.10451786,https://doi.org/10.1109/cac59555.2023.10451786,Yuzhe Ding; Shiming He; Ji Xiang,,other,0,0,0,0,domain shift,not explicit,distribution shift
doi:10.1007/s10514-023-10130-8,Sim-to-real transfer of co-optimized soft robot crawlers,2023,Autonomous Robots,crossref,sim-to-real robot control abstraction,10.1007/s10514-023-10130-8,https://doi.org/10.1007/s10514-023-10130-8,Charles Schaff; Audrey Sedal; Shiyao Ni; Matthew R. Walter,,other,0,0,0,0,domain shift,not explicit,distribution shift
doi:10.1016/b978-0-32-395143-2.00011-5,Task learning of teleoperation robot systems,2023,Human-In-the-loop Learning and Control for Robot Teleoperation,crossref,robot representation learning control,10.1016/b978-0-32-395143-2.00011-5,https://doi.org/10.1016/b978-0-32-395143-2.00011-5,Chenguang Yang; Jing Luo; Ning Wang,,other,0,0,0,0,not explicit,not explicit,not explicit
doi:10.1016/b978-0-323-85259-3.00015-5,Acknowledgments,2022,Robotic Cell Manipulation,crossref,robotic manipulation planning latent dynamics,10.1016/b978-0-323-85259-3.00015-5,https://doi.org/10.1016/b978-0-323-85259-3.00015-5,,,other,0,0,0,0,not explicit,not explicit,not explicit
doi:10.1215/9781478022466-004,Asian  Female  Robot  Slave,2022,Racist Love,crossref,robot abstraction learning,10.1215/9781478022466-004,https://doi.org/10.1215/9781478022466-004,,,other,0,0,0,0,not explicit,not explicit,not explicit
doi:10.1016/b978-0-323-85259-3.12001-x,Copyright,2022,Robotic Cell Manipulation,crossref,robotic manipulation planning latent dynamics,10.1016/b978-0-323-85259-3.12001-x,https://doi.org/10.1016/b978-0-323-85259-3.12001-x,,,other,0,0,0,0,not explicit,not explicit,not explicit
doi:10.1016/b978-0-32-390445-2.00003-9,Copyright,2022,"Tactile Sensing, Skill Learning, and Robotic Dexterous Manipulation",crossref,tactile perception robot manipulation,10.1016/b978-0-32-390445-2.00003-9,https://doi.org/10.1016/b978-0-32-390445-2.00003-9,,,other,0,0,0,0,not explicit,not explicit,not explicit
doi:10.1016/b978-0-323-85259-3.03001-4,Dedication,2022,Robotic Cell Manipulation,crossref,robotic manipulation planning latent dynamics,10.1016/b978-0-323-85259-3.03001-4,https://doi.org/10.1016/b978-0-323-85259-3.03001-4,,,other,0,0,0,0,not explicit,not explicit,not explicit
doi:10.1007/978-3-030-93290-9_1,Deformation Modelling for a Physics-Based Perception System,2022,Springer Tracts in Advanced Robotics Robot Dynamic Manipulation,crossref,tactile perception robot manipulation,10.1007/978-3-030-93290-9_1,https://doi.org/10.1007/978-3-030-93290-9_1,Antoine Petit; Vincenzo Lippiello; Bruno Siciliano,,other,0,0,0,0,not explicit,not explicit,not explicit
doi:10.1016/b978-0-323-85259-3.01001-1,Front Matter,2022,Robotic Cell Manipulation,crossref,robotic manipulation planning latent dynamics,10.1016/b978-0-323-85259-3.01001-1,https://doi.org/10.1016/b978-0-323-85259-3.01001-1,,,other,0,0,0,0,not explicit,not explicit,not explicit
doi:10.1016/b978-0-323-85259-3.20001-9,Index,2022,Robotic Cell Manipulation,crossref,robotic manipulation planning latent dynamics,10.1016/b978-0-323-85259-3.20001-9,https://doi.org/10.1016/b978-0-323-85259-3.20001-9,,,other,0,0,0,0,not explicit,not explicit,not explicit
doi:10.1007/978-3-030-93290-9_2,Non-rigid Tracking Using RGB-D Data,2022,Springer Tracts in Advanced Robotics Robot Dynamic Manipulation,crossref,tactile perception robot manipulation,10.1007/978-3-030-93290-9_2,https://doi.org/10.1007/978-3-030-93290-9_2,Antoine Petit; Vincenzo Lippiello; Bruno Siciliano,,other,0,0,0,0,not explicit,not explicit,not explicit
doi:10.3389/frobt.2022.733954,Perception is Only Real When Shared: A Mathematical Model for Collaborative Shared Perception in Human-Robot Interaction,2022,Frontiers in Robotics and AI,crossref,active perception robotics world model,10.3389/frobt.2022.733954,https://doi.org/10.3389/frobt.2022.733954,Marco Matarese; Francesco Rea; Alessandra Sciutti,"Partners have to build a shared understanding of their environment in everyday collaborative tasks by aligning their perceptions and establishing a common ground. This is one of the aims of shared perception: revealing characteristics of the individual perception to others with whom we share the same environment. In this regard, social cognitive processes, such as joint attention and perspective-taking, form a shared perception. From a Human-Robot Interaction (HRI) perspective, robots would benefit from the ability to establish shared perception with humans and a common understanding of the environment with their partners. In this work, we wanted to assess whether a robot, considering the differences in perception between itself and its partner, could be more effective in its helping role and to what extent this improves task completion and the interaction experience. For this purpose, we designed a mathematical model for a collaborative shared perception that aims to maximise the collaborators' knowledge of the environment when there are asymmetries in perception. Moreover, we instantiated and tested our model via a real HRI scenario. The experiment consisted of a cooperative game in which participants had to build towers of Lego bricks, while the robot took the role of a suggester. In particular, we conducted experiments using two different robot behaviours. In one condition, based on shared perception, the robot gave suggestions by considering the partners' point of view and using its inference about their common ground to select the most informative hint. In the other condition, the robot just indicated the brick that would have yielded a higher score from its individual perspective. The adoption of shared perception in the selection of suggestions led to better performances in all the instances of the game where the visual information was not a priori common to both agents. However, the subjective evaluation of the robot's behaviour did not change between conditions.",other,0,0,0,0,not explicit,not explicit,not explicit
doi:10.1109/lra.2022.3151981,Pose Estimation for Robot Manipulators via Keypoint Optimization and Sim-to-Real Transfer,2022,IEEE Robotics and Automation Letters,crossref,sim-to-real robot control abstraction,10.1109/lra.2022.3151981,https://doi.org/10.1109/lra.2022.3151981,Jingpei Lu; Florian Richter; Michael C. Yip,,other,0,0,0,0,contact geometry; domain shift,not explicit,contact discontinuities; distribution shift
doi:10.1016/b978-0-323-85259-3.00002-7,Preface,2022,Robotic Cell Manipulation,crossref,robotic manipulation planning latent dynamics,10.1016/b978-0-323-85259-3.00002-7,https://doi.org/10.1016/b978-0-323-85259-3.00002-7,,,other,0,0,0,0,not explicit,not explicit,not explicit
doi:10.1016/b978-0-323-85259-3.00001-5,Robotic cell injection,2022,Robotic Cell Manipulation,crossref,robotic manipulation planning latent dynamics,10.1016/b978-0-323-85259-3.00001-5,https://doi.org/10.1016/b978-0-323-85259-3.00001-5,Dong Sun,,other,0,0,0,0,not explicit,not explicit,not explicit
doi:10.5220/0011140800003271,Robust Neural Network for Sim-to-Real Gap in End-to-End Autonomous Driving,2022,"Proceedings of the 19th International Conference on Informatics in Control, Automation and Robotics",crossref,sim-to-real robot control abstraction,10.5220/0011140800003271,https://doi.org/10.5220/0011140800003271,Stephan Pareigis; Fynn Maa,,other,0,0,0,0,domain shift,not explicit,distribution shift
doi:10.1515/9781478022466-004,3. Asian  Female  Robot  Slave: Techno-Orientalism after #MeToo,2021,Racist Love,crossref,robot abstraction learning,10.1515/9781478022466-004,https://doi.org/10.1515/9781478022466-004,,,other,0,0,0,0,not explicit,not explicit,not explicit
doi:10.1109/iros51168.2021.9636682,A Conformal Mapping-based Framework for Robot-to-Robot and Sim-to-Real Transfer Learning,2021,2021 IEEE/RSJ International Conference on Intelligent Robots and Systems (IROS),crossref,sim-to-real robot control abstraction,10.1109/iros51168.2021.9636682,https://doi.org/10.1109/iros51168.2021.9636682,Shijie Gao; Nicola Bezzo,,other,0,0,0,0,domain shift,not explicit,distribution shift
doi:10.2307/j.ctv25fwf25.6,ASIAN  FEMALE  ROBOT  SLAVE,2021,Racist Love,crossref,robot abstraction learning,10.2307/j.ctv25fwf25.6,https://doi.org/10.2307/j.ctv25fwf25.6,,,other,0,0,0,0,not explicit,not explicit,not explicit
doi:10.1002/9781119782773.ch11,Conclusions,2021,HumanRobot Interaction Control Using Reinforcement Learning,crossref,robot representation learning control,10.1002/9781119782773.ch11,https://doi.org/10.1002/9781119782773.ch11,,,other,0,0,0,0,not explicit,not explicit,not explicit
doi:10.1002/9781119782773.ch2,Environment Model of HumanRobot Interaction,2021,HumanRobot Interaction Control Using Reinforcement Learning,crossref,robot representation learning control,10.1002/9781119782773.ch2,https://doi.org/10.1002/9781119782773.ch2,,,other,0,0,0,0,not explicit,not explicit,not explicit
doi:10.1002/9781119782773.fmatter,Front Matter,2021,HumanRobot Interaction Control Using Reinforcement Learning,crossref,robot representation learning control,10.1002/9781119782773.fmatter,https://doi.org/10.1002/9781119782773.fmatter,,,other,0,0,0,0,not explicit,not explicit,not explicit
doi:10.1002/9781119782773.index,Index,2021,HumanRobot Interaction Control Using Reinforcement Learning,crossref,robot representation learning control,10.1002/9781119782773.index,https://doi.org/10.1002/9781119782773.index,,,other,0,0,0,0,not explicit,not explicit,not explicit
doi:10.1002/9781119782773.ch1,Introduction,2021,HumanRobot Interaction Control Using Reinforcement Learning,crossref,robot representation learning control,10.1002/9781119782773.ch1,https://doi.org/10.1002/9781119782773.ch1,,,other,0,0,0,0,not explicit,not explicit,not explicit
doi:10.1007/978-3-030-71151-1_44,Multi-sensory Integration in a Quantum-Like Robot Perception Model,2021,Springer Proceedings in Advanced Robotics Experimental Robotics,crossref,active perception robotics world model,10.1007/978-3-030-71151-1_44,https://doi.org/10.1007/978-3-030-71151-1_44,Davide Lanza; Paolo Solinas; Fulvio Mastrogiovanni,,other,0,0,0,0,not explicit,not explicit,not explicit
doi:10.1007/978-3-030-44184-5_100027,Robot Learning,2021,Encyclopedia of Systems and Control,crossref,robot representation learning control,10.1007/978-3-030-44184-5_100027,https://doi.org/10.1007/978-3-030-44184-5_100027,Jens Kober,,other,0,0,0,0,not explicit,not explicit,not explicit
doi:10.1201/9781003119173-2,Robot Platforms and Software Systems,2021,Robot Learning Human Skills and Intelligent Control Design,crossref,robot representation learning control,10.1201/9781003119173-2,https://doi.org/10.1201/9781003119173-2,Chenguang Yang; Chao Zeng; Jianwei Zhang,,other,0,0,0,0,not explicit,not explicit,not explicit
doi:10.15607/rss.2021.xvii.066,Safe Occlusion-Aware Autonomous Driving via Game-Theoretic Active Perception,2021,Robotics: Science and Systems XVII,crossref,active perception robotics world model,10.15607/rss.2021.xvii.066,https://doi.org/10.15607/rss.2021.xvii.066,Zixu Zhang; Jaime Fisac,,other,0,0,0,0,not explicit,not explicit,not explicit
doi:10.1145/3371382.3378261,Attention-Based Multimodal Fusion for Estimating Human Emotion in Real-World HRI,2020,Companion of the 2020 ACM/IEEE International Conference on Human-Robot Interaction,crossref,multimodal robot world model,10.1145/3371382.3378261,https://doi.org/10.1145/3371382.3378261,Yuanchao Li; Tianyu Zhao; Xun Shen,,other,0,0,0,0,not explicit,not explicit,not explicit
doi:10.1007/978-3-030-43089-4_55,Decentralised Monte Carlo Tree Search for Active Perception,2020,Springer Proceedings in Advanced Robotics Algorithmic Foundations of Robotics XII,crossref,active perception robotics world model,10.1007/978-3-030-43089-4_55,https://doi.org/10.1007/978-3-030-43089-4_55,Graeme Best; Oliver M. Cliff; Timothy Patten; Ramgopal R. Mettu; Robert Fitch,,other,0,0,0,0,not explicit,not explicit,not explicit
doi:10.1109/icra40945.2020.9197201,Human-Centric Active Perception for Autonomous Observation,2020,2020 IEEE International Conference on Robotics and Automation (ICRA),crossref,active perception robotics world model,10.1109/icra40945.2020.9197201,https://doi.org/10.1109/icra40945.2020.9197201,David Kent; Sonia Chernova,,other,0,0,0,0,not explicit,not explicit,not explicit
doi:10.1007/s10514-020-09925-w,Iterative residual tuning for system identification and sim-to-real robot learning,2020,Autonomous Robots,crossref,sim-to-real robot control abstraction,10.1007/s10514-020-09925-w,https://doi.org/10.1007/s10514-020-09925-w,Adam David Allevato; Elaine SchaertlShort; Mitch Pryor; Andrea L. Thomaz,,other,0,0,0,0,domain shift,not explicit,distribution shift
doi:10.1145/3395035.3425201,Multimodal Fuzzy Assessment for Robot Behavioral Adaptation in Educational Children-Robot Interaction,2020,Companion Publication of the 2020 International Conference on Multimodal Interaction,crossref,multimodal robot world model,10.1145/3395035.3425201,https://doi.org/10.1145/3395035.3425201,Daniel C. Tozadore; Roseli A. F. Romero,,other,0,0,0,0,not explicit,not explicit,not explicit
doi:10.1109/acirs49895.2020.9162600,Real-World Object Recognition for Robot Based on Lightweight Deep Multimodal Distance Learning,2020,2020 5th Asia-Pacific Conference on Intelligent Robot Systems (ACIRS),crossref,multimodal robot world model,10.1109/acirs49895.2020.9162600,https://doi.org/10.1109/acirs49895.2020.9162600,Xu Zhang; Bin Xue; Feng Jing,,other,0,0,0,0,not explicit,not explicit,not explicit
doi:10.1299/jsmermd.2020.1p1-g03,Tool-use Deep Learning Model for a Cooking Robot,2020,The Proceedings of JSME annual Conference on Robotics and Mechatronics (Robomec),crossref,active perception robotics world model,10.1299/jsmermd.2020.1p1-g03,https://doi.org/10.1299/jsmermd.2020.1p1-g03,Namiko SAITO; Tetsuya OGATA; Hiroki MORI; Shigeki SUGANO,,other,0,0,0,0,not explicit,not explicit,not explicit
doi:10.1145/3340555.3354264,Challenges of Multimodal Interaction in the Era of Human-Robot Coexistence,2019,2019 International Conference on Multimodal Interaction,crossref,multimodal robot world model,10.1145/3340555.3354264,https://doi.org/10.1145/3340555.3354264,Zhengyou Zhang,,other,0,0,0,0,not explicit,not explicit,not explicit
doi:10.1145/3366621,Editorial,2019,ACM Transactions on Human-Robot Interaction,crossref,robot representation learning control,10.1145/3366621,https://doi.org/10.1145/3366621,,,other,0,0,0,0,not explicit,not explicit,not explicit
doi:10.1109/wrc-sara.2019.8931910,Exploring Hardness and Geometry Information through Active Perception,2019,2019 WRC Symposium on Advanced Robotics and Automation (WRC SARA),crossref,active perception robotics world model,10.1109/wrc-sara.2019.8931910,https://doi.org/10.1109/wrc-sara.2019.8931910,Songlin Xu; Nan Lin; Rui Fan; Peichen Wu; Xiaoping Chen,,other,0,0,0,0,not explicit,not explicit,not explicit
doi:10.1007/978-3-030-27544-0_25,Multimodal Movement Activity Recognition Using a Robot's Proprioceptive Sensors,2019,Lecture Notes in Computer Science RoboCup 2018: Robot World Cup XXII,crossref,multimodal robot world model,10.1007/978-3-030-27544-0_25,https://doi.org/10.1007/978-3-030-27544-0_25,Robin Schmucker; Chenghui Zhou; Manuela Veloso,,other,0,0,0,0,not explicit,not explicit,not explicit
doi:10.5753/sibgrapi.est.2019.8309,Multimodal social scenario perception model for initial human-robot interaction,2019,"Anais Estendidos do XXXII Conference on Graphics, Patterns and Images (SIBRAPI Estendido 2019)",crossref,multimodal robot world model,10.5753/sibgrapi.est.2019.8309,https://doi.org/10.5753/sibgrapi.est.2019.8309,Diego Cardoso Alves; Paula Dornhofer Paro Costa,"Human-robot interaction imposes many challenges and artificial intelligence researchers are demanded to improve scene perception, social navigation and engagement. Great attention is being dedicated to the development of computer vision and multimodal sensing approaches that are focused on the evolution of social robotic systems and the improvement of social model accuracy. Most recent works related to social robotics rely on the engagement process with a focus on maintaining a previously established conversation. This work brings up the study of initial human-robot interaction contexts, proposing a system that is able to analyze a social scenario through the detection and analysis of persons and surrounding features in a scene. RGB and depth frames, as well as audio data, were used in order to achieve better performance in indoor scene monitoring and human behavior analysis.",other,0,0,0,0,perception quality,not explicit,not explicit
doi:10.1007/978-1-4471-5102-9_100027-1,Robot Learning,2019,Encyclopedia of Systems and Control,crossref,robot representation learning control,10.1007/978-1-4471-5102-9_100027-1,https://doi.org/10.1007/978-1-4471-5102-9_100027-1,Jens Kober,,other,0,0,0,0,not explicit,not explicit,not explicit
doi:10.1145/3340555.3353727,Smooth Turn-taking by a Robot Using an Online Continuous Model to Generate Turn-taking Cues,2019,2019 International Conference on Multimodal Interaction,crossref,multimodal robot world model,10.1145/3340555.3353727,https://doi.org/10.1145/3340555.3353727,Divesh Lala; Koji Inoue; Tatsuya Kawahara,,other,0,0,0,0,not explicit,not explicit,not explicit
doi:10.1007/978-3-030-27544-0_22,eEVA as a Real-Time Multimodal Agent Human-Robot Interface,2019,Lecture Notes in Computer Science RoboCup 2018: Robot World Cup XXII,crossref,multimodal robot world model,10.1007/978-3-030-27544-0_22,https://doi.org/10.1007/978-3-030-27544-0_22,P. Pea; M. Polceanu; C. Lisetti; U. Visser,,other,0,0,0,0,not explicit,not explicit,not explicit
doi:10.21437/ai-mhri.2018,FAIM/ISCA Workshop on Artificial Intelligence for Multimodal Human Robot Interaction,2018,,crossref,multimodal robot world model,10.21437/ai-mhri.2018,https://doi.org/10.21437/ai-mhri.2018,,,other,0,0,0,0,not explicit,not explicit,not explicit
doi:10.1126/scirobotics.aav1778,From active perception to deep learning,2018,Science Robotics,crossref,active perception robotics world model,10.1126/scirobotics.aav1778,https://doi.org/10.1126/scirobotics.aav1778,Danica Kragic,Computer vision diverged from robotics and has focused on contests and data sets; reconnecting the two could solve real-world problems.,other,0,0,0,0,perception quality,not explicit,not explicit
doi:10.21437/ai-mhri.2018-9,Industrial Human-Robot Collaboration,2018,FAIM/ISCA Workshop on Artificial Intelligence for Multimodal Human Robot Interaction,crossref,multimodal robot world model,10.21437/ai-mhri.2018-9,https://doi.org/10.21437/ai-mhri.2018-9,Mark Philipsen; Matthias Rehm; Thomas Moeslund,,other,0,0,0,0,not explicit,not explicit,not explicit
doi:10.1109/disa.2018.8490598,VoMIS - the VoiceXML-Based Multimodal Interactive System for NAO Robot,2018,2018 World Symposium on Digital Intelligence for Systems and Machines (DISA),crossref,multimodal robot world model,10.1109/disa.2018.8490598,https://doi.org/10.1109/disa.2018.8490598,Stanislav Ond; Mat Pleva; Radovan Kritan; Rastislav Husovsk; Jozef Juhr,,other,0,0,0,0,not explicit,not explicit,not explicit
doi:10.1145/3029798.3038315,A Multimodal Robot Based Model for the Preservation of Intangible Cultural Heritage,2017,Proceedings of the Companion of the 2017 ACM/IEEE International Conference on Human-Robot Interaction,crossref,multimodal robot world model,10.1145/3029798.3038315,https://doi.org/10.1145/3029798.3038315,Melissa Montalvo; Eduardo Calle-Ortiz; Juan Chica,,other,0,0,0,0,not explicit,not explicit,not explicit
doi:10.1109/icar.2017.8023659,Active perception model extracting object features from unlabeled data,2017,2017 18th International Conference on Advanced Robotics (ICAR),crossref,active perception robotics world model,10.1109/icar.2017.8023659,https://doi.org/10.1109/icar.2017.8023659,Manabu Gouko; Chyon Hae Kim; Yuichi Kobayashi,,other,0,0,0,0,not explicit,not explicit,not explicit
doi:10.5040/9781350219571.0007,Conclusion,2017,Development Planning in South Africa,crossref,latent state robot policy planning,10.5040/9781350219571.0007,https://doi.org/10.5040/9781350219571.0007,,,other,0,0,0,0,not explicit,not explicit,not explicit
doi:10.5040/9781350219571.0008,Notes,2017,Development Planning in South Africa,crossref,latent state robot policy planning,10.5040/9781350219571.0008,https://doi.org/10.5040/9781350219571.0008,,,other,0,0,0,0,not explicit,not explicit,not explicit
doi:10.5040/9781350219571.0009,References,2017,Development Planning in South Africa,crossref,latent state robot policy planning,10.5040/9781350219571.0009,https://doi.org/10.5040/9781350219571.0009,,,other,0,0,0,0,not explicit,not explicit,not explicit
doi:10.1007/s12193-016-0237-4,"The impact of human-robot multimodal communication on mental workload, usability preference, and expectations of robot behavior",2017,Journal on Multimodal User Interfaces,crossref,multimodal robot world model,10.1007/s12193-016-0237-4,https://doi.org/10.1007/s12193-016-0237-4,Julian Abich; Daniel J. Barber,,other,0,0,0,0,not explicit,not explicit,not explicit
doi:10.5220/0005833003040310,Mobile Robotic JChoc DisSolver - A Distributed Constraints Reasoning Platform for Mobile Multi-robot Problems,2016,Proceedings of the 8th International Conference on Agents and Artificial Intelligence,crossref,embodied intelligence physical reasoning robot,10.5220/0005833003040310,https://doi.org/10.5220/0005833003040310,Zakarya Erraji; Mounia Janah; Imade Benelallam; El Houssine Bouyakhf,,other,0,0,0,0,not explicit,not explicit,not explicit
doi:10.3389/fnbot.2016.00001,Serendipitous Offline Learning in a Neuromorphic Robot,2016,Frontiers in Neurorobotics,crossref,offline robot learning planning control,10.3389/fnbot.2016.00001,https://doi.org/10.3389/fnbot.2016.00001,Terrence C. Stewart; Ashley Kleinhans; Andrew Mundy; Jrg Conradt,,other,0,0,0,0,not explicit,dataset support,not explicit
doi:10.1109/icra.2015.7139655,Active articulation model estimation through interactive perception,2015,2015 IEEE International Conference on Robotics and Automation (ICRA),crossref,active perception robotics world model,10.1109/icra.2015.7139655,https://doi.org/10.1109/icra.2015.7139655,Karol Hausman; Scott Niekum; Sarah Osentoski; Gaurav S. Sukhatme,,other,0,0,0,0,not explicit,not explicit,not explicit
doi:10.1109/whc.2015.7177739,Active touch perception produced by airborne ultrasonic haptic hologram,2015,2015 IEEE World Haptics Conference (WHC),crossref,active perception robotics world model,10.1109/whc.2015.7177739,https://doi.org/10.1109/whc.2015.7177739,Seki Inoue; Yasutoshi Makino; Hiroyuki Shinoda,,other,0,0,0,0,not explicit,not explicit,not explicit
doi:10.1016/j.robot.2013.11.002,3D Active Appearance Model alignment using intensity and range data,2014,Robotics and Autonomous Systems,crossref,active perception robotics world model,10.1016/j.robot.2013.11.002,https://doi.org/10.1016/j.robot.2013.11.002,Andreas Dopfer; Hao-Hsueh Wang; Chieh-Chih Wang,,other,0,0,0,0,not explicit,not explicit,not explicit
doi:10.1145/2666499.2666503,Advances in Wikipedia-based Interaction with Robots,2014,"Proceedings of the 2014 Workshop on Multimodal, Multi-Party, Real-World Human-Robot Interaction",crossref,multimodal robot world model,10.1145/2666499.2666503,https://doi.org/10.1145/2666499.2666503,Graham Wilcock; Kristiina Jokinen,,other,0,0,0,0,not explicit,not explicit,not explicit
doi:10.1145/2666499.2669641,Affective Feedback for a Virtual Robot in a Real-World Treasure Hunt,2014,"Proceedings of the 2014 Workshop on Multimodal, Multi-Party, Real-World Human-Robot Interaction",crossref,multimodal robot world model,10.1145/2666499.2669641,https://doi.org/10.1145/2666499.2669641,Mary Ellen Foster; Mei Yii Lim; Amol Deshmukh; Srini Janarthanam; Helen Hastie; Ruth Aylett,,other,0,0,0,0,not explicit,not explicit,not explicit
doi:10.1145/2666499.2669640,Applying Semantic Web Services to Multi-Robot Coordination,2014,"Proceedings of the 2014 Workshop on Multimodal, Multi-Party, Real-World Human-Robot Interaction",crossref,multimodal robot world model,10.1145/2666499.2669640,https://doi.org/10.1145/2666499.2669640,Yuhei Ogawa; Yuichiro Mori; Takahira Yamaguchi,,other,0,0,0,0,not explicit,not explicit,not explicit
doi:10.1145/2666499.2666507,Applying Topic Recognition to Spoken Language in Human-Robot Interaction Dialogues,2014,"Proceedings of the 2014 Workshop on Multimodal, Multi-Party, Real-World Human-Robot Interaction",crossref,multimodal robot world model,10.1145/2666499.2666507,https://doi.org/10.1145/2666499.2666507,Manuel Giuliani; Thomas Marschall; Manfred Tscheligi,,other,0,0,0,0,not explicit,not explicit,not explicit
doi:10.1145/2666499.2666502,Attention Detection in Elderly People-Robot Spoken Interaction,2014,"Proceedings of the 2014 Workshop on Multimodal, Multi-Party, Real-World Human-Robot Interaction",crossref,multimodal robot world model,10.1145/2666499.2666502,https://doi.org/10.1145/2666499.2666502,Mohamed El Amine SEHILI; Fan Yang; Laurence Devillers,,other,0,0,0,0,not explicit,not explicit,not explicit
doi:10.1007/978-3-319-04361-6_5,Augustine on Active Perception,2014,Active Perception in the History of Philosophy,crossref,active perception robotics world model,10.1007/978-3-319-04361-6_5,https://doi.org/10.1007/978-3-319-04361-6_5,Jos Filipe Silva,,other,0,0,0,0,not explicit,not explicit,not explicit
doi:10.1109/icra.2014.6907452,Bayesian optimisation for active perception and smooth navigation,2014,2014 IEEE International Conference on Robotics and Automation (ICRA),crossref,active perception robotics world model,10.1109/icra.2014.6907452,https://doi.org/10.1109/icra.2014.6907452,Jefferson R. Souza; Roman Marchant; Lionel Ott; Denis F. Wolf; Fabio Ramos,,other,0,0,0,0,not explicit,not explicit,not explicit
doi:10.1007/978-3-319-02006-8_8,Case-Study: Bayesian Hierarchy for Active Perception,2014,Springer Tracts in Advanced Robotics Probabilistic Approaches to Robotic Perception,crossref,active perception robotics world model,10.1007/978-3-319-02006-8_8,https://doi.org/10.1007/978-3-319-02006-8_8,Joo Filipe Ferreira; Jorge Dias,,other,0,0,0,0,not explicit,not explicit,not explicit
doi:10.1145/2666499.2666506,Clarification Dialogues for Perception-based Errors in Situated Human-Computer Dialogues,2014,"Proceedings of the 2014 Workshop on Multimodal, Multi-Party, Real-World Human-Robot Interaction",crossref,multimodal robot world model,10.1145/2666499.2666506,https://doi.org/10.1145/2666499.2666506,Niels Schtte; John D. Kelleher; Brian Mac Namee,,other,0,0,0,0,not explicit,not explicit,not explicit
doi:10.1145/2663204.2663263,Data-Driven Model of Nonverbal Behavior for Socially Assistive Human-Robot Interactions,2014,Proceedings of the 16th International Conference on Multimodal Interaction,crossref,multimodal robot world model,10.1145/2663204.2663263,https://doi.org/10.1145/2663204.2663263,Henny Admoni; Brian Scassellati,,other,0,0,0,0,not explicit,not explicit,not explicit
doi:10.1145/2663204.2668319,"ICMI 2014 Workshop on Multimodal, Multi-Party, Real-World Human-Robot Interaction",2014,Proceedings of the 16th International Conference on Multimodal Interaction,crossref,multimodal robot world model,10.1145/2663204.2668319,https://doi.org/10.1145/2663204.2668319,Mary Ellen Foster; Manuel Giuliani; Ronald Petrick,,other,0,0,0,0,not explicit,not explicit,not explicit
doi:10.1007/978-3-319-04361-6_1,Introduction: The World as a Stereogram,2014,Active Perception in the History of Philosophy,crossref,active perception robotics world model,10.1007/978-3-319-04361-6_1,https://doi.org/10.1007/978-3-319-04361-6_1,Jos Filipe Silva; Mikko Yrjnsuuri,,other,0,0,0,0,not explicit,not explicit,not explicit
doi:10.1007/978-3-319-03413-3_40,Multi-modal Active Visual Perception System for SPL Player Humanoid Robot,2014,Advances in Intelligent Systems and Computing ROBOT2013: First Iberian Robotics Conference,crossref,active perception robotics world model,10.1007/978-3-319-03413-3_40,https://doi.org/10.1007/978-3-319-03413-3_40,Francisco Martn; Carlos E. Agero; Jos M. Caas; Eduardo Perdices,,other,0,0,0,0,not explicit,not explicit,not explicit
doi:10.1145/2666499,"Proceedings of the 2014 Workshop on Multimodal, Multi-Party, Real-World Human-Robot Interaction",2014,,crossref,multimodal robot world model,10.1145/2666499,https://doi.org/10.1145/2666499,,,other,0,0,0,0,not explicit,not explicit,not explicit
doi:10.1145/2666499.2666505,Selection of an Object Requested by Speech Based on Generic Object Recognition,2014,"Proceedings of the 2014 Workshop on Multimodal, Multi-Party, Real-World Human-Robot Interaction",crossref,multimodal robot world model,10.1145/2666499.2666505,https://doi.org/10.1145/2666499.2666505,Hitoshi Nishimura; Yuko Ozasa; Yasuo Ariki; Mikio Nakano,,other,0,0,0,0,not explicit,not explicit,not explicit
doi:10.1145/2666499.2666501,Self-calibration of an Assistive Device to Adapt to Different Users and Environments,2014,"Proceedings of the 2014 Workshop on Multimodal, Multi-Party, Real-World Human-Robot Interaction",crossref,multimodal robot world model,10.1145/2666499.2666501,https://doi.org/10.1145/2666499.2666501,Andrs Trujillo-Len; Fernando Vidal-Verd,,other,0,0,0,0,not explicit,not explicit,not explicit
doi:10.1145/3251054,Session details: Late-Breaking Papers,2014,"Proceedings of the 2014 Workshop on Multimodal, Multi-Party, Real-World Human-Robot Interaction",crossref,multimodal robot world model,10.1145/3251054,https://doi.org/10.1145/3251054,Ronald Petrick,,other,0,0,0,0,not explicit,not explicit,not explicit
doi:10.1145/3251053,Session details: Regular Paper,2014,"Proceedings of the 2014 Workshop on Multimodal, Multi-Party, Real-World Human-Robot Interaction",crossref,multimodal robot world model,10.1145/3251053,https://doi.org/10.1145/3251053,Manuel Giuliani,,other,0,0,0,0,not explicit,not explicit,not explicit
doi:10.1145/3251052,Session details: Regular Papers,2014,"Proceedings of the 2014 Workshop on Multimodal, Multi-Party, Real-World Human-Robot Interaction",crossref,multimodal robot world model,10.1145/3251052,https://doi.org/10.1145/3251052,Mary Ellen Foster,,other,0,0,0,0,not explicit,not explicit,not explicit
doi:10.1145/2666499.2666500,Towards Closed Feedback Loops in HRI,2014,"Proceedings of the 2014 Workshop on Multimodal, Multi-Party, Real-World Human-Robot Interaction",crossref,multimodal robot world model,10.1145/2666499.2666500,https://doi.org/10.1145/2666499.2666500,Birte Carlmeyer; David Schlangen; Britta Wrede,,other,0,0,0,0,not explicit,not explicit,not explicit
doi:10.1145/2666499.2666504,Towards proactive robot behavior based on incremental language analysis,2014,"Proceedings of the 2014 Workshop on Multimodal, Multi-Party, Real-World Human-Robot Interaction",crossref,multimodal robot world model,10.1145/2666499.2666504,https://doi.org/10.1145/2666499.2666504,Suna Bensch; Thomas Hellstrm,,other,0,0,0,0,not explicit,not explicit,not explicit
doi:10.15607/rss.2013.ix.019,Active Bayesian Perception for Simultaneous Object Localization and Identification,2013,Robotics: Science and Systems IX,crossref,active perception robotics world model,10.15607/rss.2013.ix.019,https://doi.org/10.15607/rss.2013.ix.019,Nathan Lepora; Uriel Martinez-Hernandez; Tony Prescott,,other,0,0,0,0,not explicit,not explicit,not explicit
doi:10.1109/icra.2013.6630996,Active touch for robust perception under position uncertainty,2013,2013 IEEE International Conference on Robotics and Automation,crossref,active perception robotics world model,10.1109/icra.2013.6630996,https://doi.org/10.1109/icra.2013.6630996,Nathan F. Lepora; Uriel Martinez-Hernandez; Tony J. Prescott,,other,0,0,0,0,not explicit,not explicit,not explicit
doi:10.4018/978-1-4666-2973-8.ch009,Developmental Language Learning from Human/Humanoid Robot Social Interactions,2013,Theoretical and Computational Models of Word Learning,crossref,embodied intelligence physical reasoning robot,10.4018/978-1-4666-2973-8.ch009,https://doi.org/10.4018/978-1-4666-2973-8.ch009,Artur M. Arsnio,"This chapter presents work on developmental machine learning strategies applied to robots for language acquisition. The authors focus on learning by scaffolding and emphasize the role of the human caregiver for robot learning. Indeed, language acquisition does not occur in isolation, neither can it be a robot's ""genetic legacy."" Rather, they propose that language is best acquired incrementally, in a social context, through human-robot interactions in which humans guide the robot, as if it were a child, through the learning process. The authors briefly discuss psychological models related to this work and describe and discuss computational models that they implemented for robot language acquisition. The authors aim to introduce robots into our society and treat them as us, using child development as a metaphor for robots' developmental language learning.",other,0,0,0,0,not explicit,not explicit,not explicit
doi:10.1109/icosc.2013.6750971,Fuzzy reactive navigation for autonomous mobile robot with an offline adaptive neuro fuzzy system,2013,3rd International Conference on Systems and Control,crossref,offline robot learning planning control,10.1109/icosc.2013.6750971,https://doi.org/10.1109/icosc.2013.6750971,Houcine Zerfa; Wahid Nouibat,,other,0,0,0,0,not explicit,dataset support,not explicit
doi:10.1109/icra.2013.6631022,Perception-driven navigation: Active visual SLAM for robotic area coverage,2013,2013 IEEE International Conference on Robotics and Automation,crossref,active perception robotics world model,10.1109/icra.2013.6631022,https://doi.org/10.1109/icra.2013.6631022,Ayoung Kim; Ryan M. Eustice,,other,0,0,0,0,not explicit,not explicit,not explicit
doi:10.1007/978-3-642-37374-9_85,Robotic Reasoning with Ontological Semantic Technology,2013,Advances in Intelligent Systems and Computing Robot Intelligence Technology and Applications 2012,crossref,embodied intelligence physical reasoning robot,10.1007/978-3-642-37374-9_85,https://doi.org/10.1007/978-3-642-37374-9_85,Max Petrenko; Christian F. Hempelmann,,other,0,0,0,0,not explicit,not explicit,not explicit
doi:10.1109/icra.2012.6224879,Active perception for autonomous vehicles,2012,2012 IEEE International Conference on Robotics and Automation,crossref,active perception robotics world model,10.1109/icra.2012.6224879,https://doi.org/10.1109/icra.2012.6224879,Alois Unterholzner; Michael Himmelsbach; Hans-Joachim Wuensche,,other,0,0,0,0,not explicit,not explicit,not explicit
doi:10.1145/2388676.2388744,Timing multimodal turn-taking for human-robot cooperation,2012,Proceedings of the 14th ACM international conference on Multimodal interaction,crossref,multimodal robot world model,10.1145/2388676.2388744,https://doi.org/10.1145/2388676.2388744,Crystal Chao,,other,0,0,0,0,not explicit,not explicit,not explicit
doi:10.1068/if710,When the World Changes in Your Hands: Similarity Ratings of Objects Morphing during Active Exploration,2012,i-Perception,crossref,active perception robotics world model,10.1068/if710,https://doi.org/10.1068/if710,Haemy Lee; Christian Wallraven,,other,0,0,0,0,not explicit,not explicit,not explicit
doi:10.1142/9789814374286_0098,A PROBABILISTIC MODEL OF EQUILIBRIUM PERCEPTION,2011,Field Robotics,crossref,active perception robotics world model,10.1142/9789814374286_0098,https://doi.org/10.1142/9789814374286_0098,S. N'Guyen; J. Droulez; A. Berthoz,,other,0,0,0,0,not explicit,not explicit,not explicit
doi:10.1109/hsi.2011.5937403,Cognitive robotics - active perception of the self and others,2011,"2011 4th International Conference on Human System Interactions, HSI 2011",crossref,active perception robotics world model,10.1109/hsi.2011.5937403,https://doi.org/10.1109/hsi.2011.5937403,Ryo Saegusa; Lorenzo Natale; Giorgio Metta; Giulio Sandini,,other,0,0,0,0,not explicit,not explicit,not explicit
doi:10.1109/whc.2011.5945542,Haptic perception of curvature through active touch,2011,2011 IEEE World Haptics Conference,crossref,active perception robotics world model,10.1109/whc.2011.5945542,https://doi.org/10.1109/whc.2011.5945542,Tao Zeng; Frederic Giraud; Betty Lemaire-Semail; Michel Amberg,,other,0,0,0,0,not explicit,not explicit,not explicit
doi:10.3758/app.72.2.285,Eye movements in active visual search: A computable phenomenological model,2010,"Attention, Perception, &amp; Psychophysics",crossref,active perception robotics world model,10.3758/app.72.2.285,https://doi.org/10.3758/app.72.2.285,T. D. Keech; L. Resca,,other,0,0,0,0,not explicit,not explicit,not explicit
doi:10.5772/10247,Robot Learning Using Learning Classifier Systems Approach,2010,Robot Learning,crossref,robot abstraction learning,10.5772/10247,https://doi.org/10.5772/10247,Suraiya Jabin,,other,0,0,0,0,not explicit,not explicit,not explicit
doi:10.5772/8143,Robot-Aided Learning and r-Learning Services,2010,Human-Robot Interaction,crossref,robot abstraction learning,10.5772/8143,https://doi.org/10.5772/8143,Jeonghye Han,,other,0,0,0,0,not explicit,not explicit,not explicit
doi:10.21236/ada531969,Soldier-Robot Teaming: Effects of Multimodal Collaboration on Team Communication for Robot Reconnaissance,2010,,crossref,multimodal robot world model,10.21236/ada531969,https://doi.org/10.21236/ada531969,Shaun Hutchins; Keryl Cosenzo; Michael Barnes; Theodric Feng; Krishna Pillalamarri,,other,0,0,0,0,not explicit,not explicit,not explicit
doi:10.1145/1647314.1647328,Dynamic robot autonomy,2009,Proceedings of the 2009 international conference on Multimodal interfaces,crossref,multimodal robot world model,10.1145/1647314.1647328,https://doi.org/10.1145/1647314.1647328,Paul Schermerhorn; Matthias Scheutz,,other,0,0,0,0,not explicit,not explicit,not explicit
doi:10.1109/cec.2008.4631356,Learning to understand multimodal rewards for human-robot-interaction using Hidden Markov Models and classical conditioning,2008,2008 IEEE Congress on Evolutionary Computation (IEEE World Congress on Computational Intelligence),crossref,multimodal robot world model,10.1109/cec.2008.4631356,https://doi.org/10.1109/cec.2008.4631356,Anja Austermann; Seiji Yamada,,other,0,0,0,0,not explicit,not explicit,not explicit
doi:10.1145/1330572.1330576,Computational model of role reversal imitation through continuous human-robot interaction,2007,Proceedings of the 2007 workshop on Multimodal interfaces in semantic interaction,crossref,multimodal robot world model,10.1145/1330572.1330576,https://doi.org/10.1145/1330572.1330576,Tadahiro Taniguchi; Naoto Iwahashi,,other,0,0,0,0,not explicit,not explicit,not explicit
doi:10.1108/ir.2007.04934eaa.002,Simulation and offline programming,2007,Industrial Robot: An International Journal,crossref,offline robot learning planning control,10.1108/ir.2007.04934eaa.002,https://doi.org/10.1108/ir.2007.04934eaa.002,Ken Young,,other,0,0,0,0,not explicit,dataset support,not explicit
doi:10.1109/robio.2006.340285,A Model Approach for Perception based Intelligent System Design,2006,2006 IEEE International Conference on Robotics and Biomimetics,crossref,active perception robotics world model,10.1109/robio.2006.340285,https://doi.org/10.1109/robio.2006.340285,Himanshu Dutt Sharma; N Umashankar,,other,0,0,0,0,not explicit,not explicit,not explicit
doi:10.1109/ramech.2006.252648,Active Perception Strategy for Vehicle Localisation and Guidance,2006,"2006 IEEE Conference on Robotics, Automation and Mechatronics",crossref,active perception robotics world model,10.1109/ramech.2006.252648,https://doi.org/10.1109/ramech.2006.252648,Cedric Tessier; Christophe Debain; Roland Chapuis; Frederic Chausse,,other,0,0,0,0,not explicit,not explicit,not explicit
doi:10.1093/acprof:oso/9780199289769.003.0007,Active Perception and Perceiving Action: The Shared Circuits Model,2006,Perceptual Experience,crossref,active perception robotics world model,10.1093/acprof:oso/9780199289769.003.0007,https://doi.org/10.1093/acprof:oso/9780199289769.003.0007,Susan Hurley,,other,0,0,0,0,not explicit,not explicit,not explicit
doi:10.5220/0001135604250429,A DSP-BASED ACTIVE CONTOUR MODEL,2004,"Proceedings of the First International Conference on Informatics in Control, Automation and Robotics",crossref,active perception robotics world model,10.5220/0001135604250429,https://doi.org/10.5220/0001135604250429,,,other,0,0,0,0,not explicit,not explicit,not explicit
doi:10.1007/978-3-540-27833-7_14,Bayesian Modeling and Reasoning for Real World Robotics: Basics and Examples,2004,Lecture Notes in Computer Science Embodied Artificial Intelligence,crossref,embodied intelligence physical reasoning robot,10.1007/978-3-540-27833-7_14,https://doi.org/10.1007/978-3-540-27833-7_14,David Bellot; Roland Siegwart; Pierre Bessire; Adriana Tapus; Christophe Cou; Julien Diard,,other,0,0,0,0,not explicit,not explicit,not explicit
doi:10.1007/bf02480878,An active contour model for object tracking using the previous contour,2003,Artificial Life and Robotics,crossref,active perception robotics world model,10.1007/bf02480878,https://doi.org/10.1007/bf02480878,C. Kim; J. -J. Lee,,other,0,0,0,0,not explicit,not explicit,not explicit
doi:10.7551/mitpress/5985.003.0014,Appendix 3: Robot Performance Plots,2003,A Robot Ping-Pong Player,crossref,sim-to-real robot control abstraction,10.7551/mitpress/5985.003.0014,https://doi.org/10.7551/mitpress/5985.003.0014,,,other,0,0,0,0,not explicit,not explicit,not explicit
doi:10.7551/mitpress/5985.003.0011,Conclusion,2003,A Robot Ping-Pong Player,crossref,sim-to-real robot control abstraction,10.7551/mitpress/5985.003.0011,https://doi.org/10.7551/mitpress/5985.003.0011,,,other,0,0,0,0,not explicit,not explicit,not explicit
doi:10.7551/mitpress/5985.003.0020,Index,2003,A Robot Ping-Pong Player,crossref,sim-to-real robot control abstraction,10.7551/mitpress/5985.003.0020,https://doi.org/10.7551/mitpress/5985.003.0020,,,other,0,0,0,0,not explicit,not explicit,not explicit
doi:10.7551/mitpress/5985.003.0003,Introduction,2003,A Robot Ping-Pong Player,crossref,sim-to-real robot control abstraction,10.7551/mitpress/5985.003.0003,https://doi.org/10.7551/mitpress/5985.003.0003,,,other,0,0,0,0,not explicit,not explicit,not explicit
doi:10.1142/9789812564825_0001,Introduction to Robotics,2003,Series in Machine Perception and Artificial Intelligence Fundamentals of Robotics,crossref,active perception robotics world model,10.1142/9789812564825_0001,https://doi.org/10.1142/9789812564825_0001,,,other,0,0,0,0,not explicit,not explicit,not explicit
doi:10.7551/mitpress/5985.003.0002,Preface,2003,A Robot Ping-Pong Player,crossref,sim-to-real robot control abstraction,10.7551/mitpress/5985.003.0002,https://doi.org/10.7551/mitpress/5985.003.0002,,,other,0,0,0,0,not explicit,not explicit,not explicit
doi:10.7551/mitpress/5985.003.0006,Real-Time Vision System,2003,A Robot Ping-Pong Player,crossref,sim-to-real robot control abstraction,10.7551/mitpress/5985.003.0006,https://doi.org/10.7551/mitpress/5985.003.0006,,,other,0,0,0,0,perception quality,not explicit,not explicit
doi:10.7551/mitpress/5985.003.0019,References,2003,A Robot Ping-Pong Player,crossref,sim-to-real robot control abstraction,10.7551/mitpress/5985.003.0019,https://doi.org/10.7551/mitpress/5985.003.0019,,,other,0,0,0,0,not explicit,not explicit,not explicit
doi:10.7551/mitpress/5985.003.0004,Robot Ping-Pong,2003,A Robot Ping-Pong Player,crossref,sim-to-real robot control abstraction,10.7551/mitpress/5985.003.0004,https://doi.org/10.7551/mitpress/5985.003.0004,,,other,0,0,0,0,not explicit,not explicit,not explicit
doi:10.7551/mitpress/5985.003.0010,Robot Ping-Pong Application,2003,A Robot Ping-Pong Player,crossref,sim-to-real robot control abstraction,10.7551/mitpress/5985.003.0010,https://doi.org/10.7551/mitpress/5985.003.0010,,,other,0,0,0,0,not explicit,not explicit,not explicit
doi:10.1142/9789812811141_0010,AMCW LIDAR Range Acquisition,2001,World Scientific Series in Robotics and Intelligent Systems Active Sensors for Local Planning in Mobile Robotics,crossref,active perception robotics world model,10.1142/9789812811141_0010,https://doi.org/10.1142/9789812811141_0010,Martin D. Adams,,other,0,0,0,0,not explicit,not explicit,not explicit
doi:10.1142/9789812811141_0012,Active Vision for Mobile Robot Navigation,2001,World Scientific Series in Robotics and Intelligent Systems Active Sensors for Local Planning in Mobile Robotics,crossref,active perception robotics world model,10.1142/9789812811141_0012,https://doi.org/10.1142/9789812811141_0012,Andrew J. Davison,,other,0,0,0,0,perception quality,not explicit,not explicit
doi:10.1142/9789812811141_0004,Advanced Sonar: Principles of Operation and Interpretation,2001,World Scientific Series in Robotics and Intelligent Systems Active Sensors for Local Planning in Mobile Robotics,crossref,active perception robotics world model,10.1142/9789812811141_0004,https://doi.org/10.1142/9789812811141_0004,Penelope Probert Smith,,other,0,0,0,0,not explicit,not explicit,not explicit
doi:10.7551/mitpress/4527.003.0014,Author Index,2001,Mechanics of Robotic Manipulation,crossref,robotic manipulation planning latent dynamics,10.7551/mitpress/4527.003.0014,https://doi.org/10.7551/mitpress/4527.003.0014,,,other,0,0,0,0,not explicit,not explicit,not explicit
doi:10.1142/9789812811141_bmatter,BACK MATTER,2001,World Scientific Series in Robotics and Intelligent Systems Active Sensors for Local Planning in Mobile Robotics,crossref,active perception robotics world model,10.1142/9789812811141_bmatter,https://doi.org/10.1142/9789812811141_bmatter,PENELOPE PROBERT SMITH,,other,0,0,0,0,not explicit,not explicit,not explicit
doi:10.1142/9789812811141_0011,Extracting Lines and Curves from Optoelectronic Range Data,2001,World Scientific Series in Robotics and Intelligent Systems Active Sensors for Local Planning in Mobile Robotics,crossref,active perception robotics world model,10.1142/9789812811141_0011,https://doi.org/10.1142/9789812811141_0011,Robert Taylor,,other,0,0,0,0,not explicit,not explicit,not explicit
doi:10.1142/9789812811141_fmatter,FRONT MATTER,2001,World Scientific Series in Robotics and Intelligent Systems Active Sensors for Local Planning in Mobile Robotics,crossref,active perception robotics world model,10.1142/9789812811141_fmatter,https://doi.org/10.1142/9789812811141_fmatter,PENELOPE PROBERT SMITH,,other,0,0,0,0,not explicit,not explicit,not explicit
doi:10.7551/mitpress/4527.003.0007,Friction,2001,Mechanics of Robotic Manipulation,crossref,robotic manipulation planning latent dynamics,10.7551/mitpress/4527.003.0007,https://doi.org/10.7551/mitpress/4527.003.0007,,,other,0,0,0,0,not explicit,not explicit,not explicit
doi:10.7551/mitpress/4527.003.0010,Impact,2001,Mechanics of Robotic Manipulation,crossref,robotic manipulation planning latent dynamics,10.7551/mitpress/4527.003.0010,https://doi.org/10.7551/mitpress/4527.003.0010,,,other,0,0,0,0,not explicit,not explicit,not explicit
doi:10.1142/9789812811141_0001,Introduction,2001,World Scientific Series in Robotics and Intelligent Systems Active Sensors for Local Planning in Mobile Robotics,crossref,active perception robotics world model,10.1142/9789812811141_0001,https://doi.org/10.1142/9789812811141_0001,Penelope Probert Smith,,other,0,0,0,0,not explicit,not explicit,not explicit
doi:10.7551/mitpress/4527.003.0003,Kinematics,2001,Mechanics of Robotic Manipulation,crossref,robotic manipulation planning latent dynamics,10.7551/mitpress/4527.003.0003,https://doi.org/10.7551/mitpress/4527.003.0003,,,other,0,0,0,0,not explicit,not explicit,not explicit
doi:10.1007/3-540-45653-8_8,Local Conditional High-Level Robot Programs,2001,"Lecture Notes in Computer Science Logic for Programming, Artificial Intelligence, and Reasoning",crossref,embodied intelligence physical reasoning robot,10.1007/3-540-45653-8_8,https://doi.org/10.1007/3-540-45653-8_8,Sebastian Sardia,,other,0,0,0,0,not explicit,not explicit,not explicit
doi:10.1142/9789812811141_0007,Map Building from Range Data Using Mathematical Morphology,2001,World Scientific Series in Robotics and Intelligent Systems Active Sensors for Local Planning in Mobile Robotics,crossref,active perception robotics world model,10.1142/9789812811141_0007,https://doi.org/10.1142/9789812811141_0007,Billur Barshan; Deniz Bakent,,other,0,0,0,0,not explicit,not explicit,not explicit
doi:10.1142/9789812811141_0008,Millimetre Wave Radar for Robotics,2001,World Scientific Series in Robotics and Intelligent Systems Active Sensors for Local Planning in Mobile Robotics,crossref,active perception robotics world model,10.1142/9789812811141_0008,https://doi.org/10.1142/9789812811141_0008,Graham Brooker,,other,0,0,0,0,not explicit,not explicit,not explicit
doi:10.1142/9789812811141_0009,Optoelectronic Range Sensors,2001,World Scientific Series in Robotics and Intelligent Systems Active Sensors for Local Planning in Mobile Robotics,crossref,active perception robotics world model,10.1142/9789812811141_0009,https://doi.org/10.1142/9789812811141_0009,Briseida Deyarina Maytorena Sanchez,,other,0,0,0,0,not explicit,not explicit,not explicit
doi:10.1142/9789812811141_0003,Perception at Millimetre Wavelengths,2001,World Scientific Series in Robotics and Intelligent Systems Active Sensors for Local Planning in Mobile Robotics,crossref,active perception robotics world model,10.1142/9789812811141_0003,https://doi.org/10.1142/9789812811141_0003,Penelope Probert Smith,,other,0,0,0,0,not explicit,not explicit,not explicit
doi:10.7551/mitpress/4527.003.0001,Preface,2001,Mechanics of Robotic Manipulation,crossref,robotic manipulation planning latent dynamics,10.7551/mitpress/4527.003.0001,https://doi.org/10.7551/mitpress/4527.003.0001,,,other,0,0,0,0,not explicit,not explicit,not explicit
doi:10.7551/mitpress/4527.003.0013,References,2001,Mechanics of Robotic Manipulation,crossref,robotic manipulation planning latent dynamics,10.7551/mitpress/4527.003.0013,https://doi.org/10.7551/mitpress/4527.003.0013,,,other,0,0,0,0,not explicit,not explicit,not explicit
doi:10.1142/9789812811141_0006,Sonar Systems: A Biological Perspective,2001,World Scientific Series in Robotics and Intelligent Systems Active Sensors for Local Planning in Mobile Robotics,crossref,active perception robotics world model,10.1142/9789812811141_0006,https://doi.org/10.1142/9789812811141_0006,Herbert Peremans,,other,0,0,0,0,not explicit,not explicit,not explicit
doi:10.1142/9789812811141_0013,Strategies for Active Sensor Management,2001,World Scientific Series in Robotics and Intelligent Systems Active Sensors for Local Planning in Mobile Robotics,crossref,active perception robotics world model,10.1142/9789812811141_0013,https://doi.org/10.1142/9789812811141_0013,Stephen Reece,,other,0,0,0,0,not explicit,not explicit,not explicit
doi:10.7551/mitpress/4527.003.0015,Subject Index,2001,Mechanics of Robotic Manipulation,crossref,robotic manipulation planning latent dynamics,10.7551/mitpress/4527.003.0015,https://doi.org/10.7551/mitpress/4527.003.0015,,,other,0,0,0,0,not explicit,not explicit,not explicit
doi:10.1142/9789812811141_0002,The Mapping and Localisation Problem,2001,World Scientific Series in Robotics and Intelligent Systems Active Sensors for Local Planning in Mobile Robotics,crossref,active perception robotics world model,10.1142/9789812811141_0002,https://doi.org/10.1142/9789812811141_0002,Andrew J. Davison,,other,0,0,0,0,not explicit,not explicit,not explicit
doi:10.1163/156855300741979,An active contour model with shape regulation scheme,2000,Advanced Robotics,crossref,active perception robotics world model,10.1163/156855300741979,https://doi.org/10.1163/156855300741979,Jae Seon Kim; Kyoung Chul Koh; Hyung Suck Cho,,other,0,0,0,0,not explicit,not explicit,not explicit
doi:10.1016/s0921-8890(99)00050-0,Integrating active perception with an autonomous robot architecture,1999,Robotics and Autonomous Systems,crossref,active perception robotics world model,10.1016/s0921-8890(99)00050-0,https://doi.org/10.1016/s0921-8890(99)00050-0,Glenn Wasson; David Kortenkamp; Eric Huber,,other,0,0,0,0,not explicit,not explicit,not explicit
doi:10.1080/095372898233678,A two-phase robot selection procedure,1998,Production Planning &amp; Control,crossref,offline robot learning planning control,10.1080/095372898233678,https://doi.org/10.1080/095372898233678,E. Ertugrul Karsak,,other,0,0,0,0,not explicit,not explicit,not explicit
doi:10.1049/cp:19980480,Improved learning for a simple mobile robot,1998,UKACC International Conference on Control (CONTROL '98),crossref,robot representation learning control,10.1049/cp:19980480,https://doi.org/10.1049/cp:19980480,R.J. Mitchell,,other,0,0,0,0,not explicit,not explicit,not explicit
doi:10.1049/cp:19980479,Increasing mobile robot learning rates through sharing of experiences,1998,UKACC International Conference on Control (CONTROL '98),crossref,robot representation learning control,10.1049/cp:19980479,https://doi.org/10.1049/cp:19980479,D.A. Keating,,other,0,0,0,0,not explicit,not explicit,not explicit
doi:10.1007/978-1-4613-0471-5_8,Learning Concepts from Sensor Data of a Mobile Robot,1996,The Kluwer International Series in Engineering and Computer Science Recent Advances in Robot Learning,crossref,robot representation learning control,10.1007/978-1-4613-0471-5_8,https://doi.org/10.1007/978-1-4613-0471-5_8,Volker Klingspor; Katharina J. Morik; Anke D. Rieger,,other,0,0,0,0,not explicit,not explicit,not explicit
doi:10.1016/0952-1976(96)00047-4,Real-time self-reaction of a mobile robot in unstructured environments using fuzzy reasoning,1996,Engineering Applications of Artificial Intelligence,crossref,embodied intelligence physical reasoning robot,10.1016/0952-1976(96)00047-4,https://doi.org/10.1016/0952-1976(96)00047-4,W.L. Xu; S.K. Tso,,other,0,0,0,0,not explicit,not explicit,not explicit
doi:10.1142/9789812797780_0010,BEHAVIOR-BASED ACTIVE VISION,1995,"Series in Machine Perception and Artificial Intelligence Applications of AI, Machine Vision and Robotics",crossref,active perception robotics world model,10.1142/9789812797780_0010,https://doi.org/10.1142/9789812797780_0010,CLAUDIO S. PINHANEZ,,other,0,0,0,0,perception quality,not explicit,not explicit
doi:10.1007/978-3-642-58069-7_1,Active Perception and Exploratory Robotics,1993,Robots and Biological Systems: Towards a New Bionics?,crossref,active perception robotics world model,10.1007/978-3-642-58069-7_1,https://doi.org/10.1007/978-3-642-58069-7_1,Ruzena Bajcsy,,other,0,0,0,0,not explicit,not explicit,not explicit
doi:10.1163/156855394x00365,Haptic sensing system with active perception,1993,Advanced Robotics,crossref,active perception robotics world model,10.1163/156855394x00365,https://doi.org/10.1163/156855394x00365,Yutaka Sakaguchi,,other,0,0,0,0,not explicit,not explicit,not explicit
doi:10.1007/978-1-4615-3184-5_1,Introduction to Robot Learning,1993,Robot Learning,crossref,robot abstraction learning,10.1007/978-1-4615-3184-5_1,https://doi.org/10.1007/978-1-4615-3184-5_1,Jonathan H. Connell; Sridhar Mahadevan,,other,0,0,0,0,not explicit,not explicit,not explicit
doi:10.1007/978-3-642-77225-2_8,Active Perception and 3D Object Recognition,1992,Active Perception and Robot Vision,crossref,active perception robotics world model,10.1007/978-3-642-77225-2_8,https://doi.org/10.1007/978-3-642-77225-2_8,Harry Wechsler; Lee Zimmerman,,other,0,0,0,0,not explicit,not explicit,not explicit
doi:10.1142/9789814355964_0011,Experiments In Active Haptic Perception With The Utah-MIT Dextrous Hand,1992,World Scientific Series in Robotics and Intelligent Systems Advanced Tactile Sensing for Robotics,crossref,active perception robotics world model,10.1142/9789814355964_0011,https://doi.org/10.1142/9789814355964_0011,Peter K. Allen; Paul Michelman; Kenneth S. Roberts,,other,0,0,0,0,not explicit,not explicit,not explicit
doi:10.1007/978-3-642-77225-2_6,Gaze Behaviors for Robotics,1992,Active Perception and Robot Vision,crossref,active perception robotics world model,10.1007/978-3-642-77225-2_6,https://doi.org/10.1007/978-3-642-77225-2_6,Christopher Brown,,other,0,0,0,0,not explicit,not explicit,not explicit
doi:10.1109/icar.1991.240479,Active perception of material and shape by a walking robot,1991,Fifth International Conference on Advanced Robotics 'Robots in Unstructured Environments,crossref,active perception robotics world model,10.1109/icar.1991.240479,https://doi.org/10.1109/icar.1991.240479,E. Krotkov,,other,0,0,0,0,not explicit,not explicit,not explicit
doi:10.1016/b978-1-4832-1447-4.50043-2,INTELLIGENCE IN SCIENTIFIC COMPUTING,1990,Readings in Qualitative Reasoning About Physical Systems,crossref,embodied intelligence physical reasoning robot,10.1016/b978-1-4832-1447-4.50043-2,https://doi.org/10.1016/b978-1-4832-1447-4.50043-2,,,other,0,0,0,0,not explicit,not explicit,not explicit
doi:10.1016/b978-0-08-035742-3.50007-1,MACHINE LEARNING STRATEGIES FOR KNOWLEDGE ACQUISITION IN AUTONOMOUS ROBOT SYSTEMS,1989,Robot Control 1988 (Syroco '88),crossref,robot representation learning control,10.1016/b978-0-08-035742-3.50007-1,https://doi.org/10.1016/b978-0-08-035742-3.50007-1,R. Dillmann,,other,0,0,0,0,not explicit,not explicit,not explicit
doi:10.1007/11540151_9,A Active Stereo Head Calibration,,Springer Tracts in Advanced Robotics Visual Perception and Robotic Manipulation,crossref,active perception robotics world model,10.1007/11540151_9,https://doi.org/10.1007/11540151_9,Geoffrey Taylor; Lindsay Kleeman,,other,0,0,0,0,not explicit,not explicit,not explicit
doi:10.1109/lra.2025.3605092/mm1,A Multimodal Dual-Segment Soft Robot With Ground-to-Ceiling Transition_supp1-3605092.mp4,,,crossref,multimodal robot world model,10.1109/lra.2025.3605092/mm1,https://doi.org/10.1109/lra.2025.3605092/mm1,Feifei Chen,,other,0,0,0,0,not explicit,not explicit,not explicit
doi:10.1109/tmech.2024.3490795/mm3,A Multimodal Metameric Earthworm-Like Robot for Locomotion in Multiterrain Environments_supp1-3490795.pdf,,,crossref,multimodal robot world model,10.1109/tmech.2024.3490795/mm3,https://doi.org/10.1109/tmech.2024.3490795/mm3,Hongbin Fang,,other,0,0,0,0,not explicit,not explicit,not explicit
doi:10.1109/tmech.2024.3490795/mm4,A Multimodal Metameric Earthworm-Like Robot for Locomotion in Multiterrain Environments_supp2-3490795.mp4,,,crossref,multimodal robot world model,10.1109/tmech.2024.3490795/mm4,https://doi.org/10.1109/tmech.2024.3490795/mm4,Hongbin Fang,,other,0,0,0,0,not explicit,not explicit,not explicit
doi:10.1109/tmech.2024.3490795/mm9,A Multimodal Metameric Earthworm-Like Robot for Locomotion in Multiterrain Environments_supp3-3490795.mp4,,,crossref,multimodal robot world model,10.1109/tmech.2024.3490795/mm9,https://doi.org/10.1109/tmech.2024.3490795/mm9,Hongbin Fang,,other,0,0,0,0,not explicit,not explicit,not explicit
doi:10.1109/tmech.2024.3490795/mm1,A Multimodal Metameric Earthworm-Like Robot for Locomotion in Multiterrain Environments_supp4-3490795.mp4,,,crossref,multimodal robot world model,10.1109/tmech.2024.3490795/mm1,https://doi.org/10.1109/tmech.2024.3490795/mm1,Hongbin Fang,,other,0,0,0,0,not explicit,not explicit,not explicit
doi:10.1109/tmech.2024.3490795/mm2,A Multimodal Metameric Earthworm-Like Robot for Locomotion in Multiterrain Environments_supp5-3490795.mp4,,,crossref,multimodal robot world model,10.1109/tmech.2024.3490795/mm2,https://doi.org/10.1109/tmech.2024.3490795/mm2,Hongbin Fang,,other,0,0,0,0,not explicit,not explicit,not explicit
doi:10.1109/tmech.2024.3490795/mm5,A Multimodal Metameric Earthworm-Like Robot for Locomotion in Multiterrain Environments_supp6-3490795.mp4,,,crossref,multimodal robot world model,10.1109/tmech.2024.3490795/mm5,https://doi.org/10.1109/tmech.2024.3490795/mm5,Hongbin Fang,,other,0,0,0,0,not explicit,not explicit,not explicit
doi:10.1109/tmech.2024.3490795/mm6,A Multimodal Metameric Earthworm-Like Robot for Locomotion in Multiterrain Environments_supp7-3490795.mp4,,,crossref,multimodal robot world model,10.1109/tmech.2024.3490795/mm6,https://doi.org/10.1109/tmech.2024.3490795/mm6,Hongbin Fang,,other,0,0,0,0,not explicit,not explicit,not explicit
doi:10.1109/tmech.2024.3490795/mm7,A Multimodal Metameric Earthworm-Like Robot for Locomotion in Multiterrain Environments_supp8-3490795.mp4,,,crossref,multimodal robot world model,10.1109/tmech.2024.3490795/mm7,https://doi.org/10.1109/tmech.2024.3490795/mm7,Hongbin Fang,,other,0,0,0,0,not explicit,not explicit,not explicit
doi:10.1109/tmech.2024.3490795/mm8,A Multimodal Metameric Earthworm-Like Robot for Locomotion in Multiterrain Environments_supp9-3490795.mp4,,,crossref,multimodal robot world model,10.1109/tmech.2024.3490795/mm8,https://doi.org/10.1109/tmech.2024.3490795/mm8,Hongbin Fang,,other,0,0,0,0,not explicit,not explicit,not explicit
doi:10.1109/tie.2024.3493204/mm1,A Novel Inflated Tube Robot With External Multimodal Shaping Joint Mechanism_supp1-3493204.mp4,,,crossref,multimodal robot world model,10.1109/tie.2024.3493204/mm1,https://doi.org/10.1109/tie.2024.3493204/mm1,Haitao Yu,,other,0,0,0,0,not explicit,not explicit,not explicit
doi:10.1007/978-3-540-72690-6_1,A Robotic Future,,Studies in Computational Intelligence Multiple Abstraction Hierachies for Mobile Robot Operation in Large Environments,crossref,robot abstraction learning,10.1007/978-3-540-72690-6_1,https://doi.org/10.1007/978-3-540-72690-6_1,,,other,0,0,0,0,not explicit,not explicit,not explicit
doi:10.1109/robot.1987.1088001,Active model matching in range images,,Proceedings. 1987 IEEE International Conference on Robotics and Automation,crossref,active perception robotics world model,10.1109/robot.1987.1088001,https://doi.org/10.1109/robot.1987.1088001,P. Hemler; G. Bilbro; W. Snyder,,other,0,0,0,0,perception quality,not explicit,not explicit
doi:10.1109/robot.2001.932680,Actor-Q based active perception learning system,,Proceedings 2001 ICRA. IEEE International Conference on Robotics and Automation (Cat. No.01CH37164),crossref,active perception robotics world model,10.1109/robot.2001.932680,https://doi.org/10.1109/robot.2001.932680,K. Shibata; T. Nishino; Y. Okabe,,other,0,0,0,0,not explicit,not explicit,not explicit
doi:10.1109/robot.2002.1014226,An world-independent approach for the calibration of mobile robotics active stereo heads,,Proceedings 2002 IEEE International Conference on Robotics and Automation (Cat. No.02CH37292),crossref,active perception robotics world model,10.1109/robot.2002.1014226,https://doi.org/10.1109/robot.2002.1014226,G.N. DeSouza; A.H. Jones; A.C. Kak,,other,0,0,0,0,not explicit,not explicit,not explicit
doi:10.1007/978-3-540-33453-8_22,Applying a New Model for Machine Perception and Reasoning in Unstructured Environments,,Springer Tracts in Advanced Robotics Field and Service Robotics,crossref,active perception robotics world model,10.1007/978-3-540-33453-8_22,https://doi.org/10.1007/978-3-540-33453-8_22,Richard Grover; Steve Scheding; Ross Hennessy; Suresh Kumar; Hugh Durrant-Whyte,,other,0,0,0,0,not explicit,not explicit,not explicit
doi:10.1007/11736592_22,Applying a New Model for Machine Perception and Reasoning in Unstructured Environments,,Springer Tracts in Advanced Robotics Field and Service Robotics,crossref,active perception robotics world model,10.1007/11736592_22,https://doi.org/10.1007/11736592_22,Richard Grover; Steve Scheding; Ross Hennessy; Suresh Kumar; Hugh Durrant-Whyte,,other,0,0,0,0,not explicit,not explicit,not explicit
doi:10.1021/acsami.3c02703.s002,Biodegradable Magnetic Hydrogel Robot with Multimodal Locomotion for Targeted Cargo Delivery,,,crossref,multimodal robot world model,10.1021/acsami.3c02703.s002,https://doi.org/10.1021/acsami.3c02703.s002,,,other,0,0,0,0,not explicit,not explicit,not explicit
doi:10.1021/acsami.3c02703.s001,Biodegradable Magnetic Hydrogel Robot with Multimodal Locomotion for Targeted Cargo Delivery,,,crossref,multimodal robot world model,10.1021/acsami.3c02703.s001,https://doi.org/10.1021/acsami.3c02703.s001,,,other,0,0,0,0,not explicit,not explicit,not explicit
doi:10.1007/978-1-84882-175-0_10,Calibration of Micro-robot Inverse Kinematics Using Iterative Learning Approach,,Advances in Industrial Control Real-time Iterative Learning Control,crossref,robot representation learning control,10.1007/978-1-84882-175-0_10,https://doi.org/10.1007/978-1-84882-175-0_10,,,other,0,0,0,0,not explicit,not explicit,not explicit
doi:10.1109/icec.1998.699751,Computing robot configurations using a genetic algorithm for multimodal optimization,,1998 IEEE International Conference on Evolutionary Computation Proceedings. IEEE World Congress on Computational Intelligence (Cat. No.98TH8360),crossref,multimodal robot world model,10.1109/icec.1998.699751,https://doi.org/10.1109/icec.1998.699751,G. van de Logt; M. Walter,,other,0,0,0,0,not explicit,not explicit,not explicit
doi:10.1007/978-3-540-70799-8_9,Conclusion,,Lecture Notes in Control and Information Sciences Model Abstraction in Dynamical Systems: Application to Mobile Robot Control,crossref,robot abstraction learning,10.1007/978-3-540-70799-8_9,https://doi.org/10.1007/978-3-540-70799-8_9,Patricia Mellodge; Pushkin Kachroo,,other,0,0,0,0,not explicit,not explicit,not explicit
doi:10.47749/t/unicamp.2025.1501685,DreamerRL,,,crossref,robot world model planning control manipulation,10.47749/t/unicamp.2025.1501685,https://doi.org/10.47749/t/unicamp.2025.1501685,Alana de Santana Correia,,other,0,0,0,0,not explicit,not explicit,not explicit
doi:10.1109/lra.2024.3354620/mm1,Effective Offline Robot Learning with Structured Task Graph_supp1-3354620.mp4,,,crossref,offline robot learning planning control,10.1109/lra.2024.3354620/mm1,https://doi.org/10.1109/lra.2024.3354620/mm1,Feng Wu,,other,0,0,0,0,not explicit,dataset support,not explicit
doi:10.1109/tase.2026.3695438/mm1,FAM-HRI: Foundation-Model Assisted multimodal Human-Robot Interaction Combining Gaze and Speech_supp1-3695438.pdf,,,crossref,multimodal robot world model,10.1109/tase.2026.3695438/mm1,https://doi.org/10.1109/tase.2026.3695438/mm1,yuzhi lai,,other,0,0,0,0,not explicit,not explicit,not explicit
doi:10.1109/tase.2026.3695438/mm2,FAM-HRI: Foundation-Model Assisted multimodal Human-Robot Interaction Combining Gaze and Speech_supp2-3695438.mp4,,,crossref,multimodal robot world model,10.1109/tase.2026.3695438/mm2,https://doi.org/10.1109/tase.2026.3695438/mm2,yuzhi lai,,other,0,0,0,0,not explicit,not explicit,not explicit
doi:10.4324/9781315775845.ch17,Grounded Mathematical Reasoning,,The Routledge Handbook of Embodied Cognition,crossref,embodied intelligence physical reasoning robot,10.4324/9781315775845.ch17,https://doi.org/10.4324/9781315775845.ch17,Mitchell J. Nathan,,other,0,0,0,0,not explicit,not explicit,not explicit
doi:10.1109/trl.11359445,IEEE Transactions on Robot Learning,,,crossref,robot abstraction learning,10.1109/trl.11359445,https://doi.org/10.1109/trl.11359445,,,other,0,0,0,0,not explicit,not explicit,not explicit
doi:10.1007/978-3-540-72690-6_6,Implementation and Experiences on a Real Robot,,Studies in Computational Intelligence Multiple Abstraction Hierachies for Mobile Robot Operation in Large Environments,crossref,robot abstraction learning,10.1007/978-3-540-72690-6_6,https://doi.org/10.1007/978-3-540-72690-6_6,,,other,0,0,0,0,not explicit,not explicit,not explicit
doi:10.14711/thesis-991012698568203412,Industrial robot offline programming system development and its applications,,,crossref,offline robot learning planning control,10.14711/thesis-991012698568203412,https://doi.org/10.14711/thesis-991012698568203412,He Lyu,,other,0,0,0,0,not explicit,dataset support,not explicit
doi:10.1007/978-3-540-70799-8_1,Introduction,,Lecture Notes in Control and Information Sciences Model Abstraction in Dynamical Systems: Application to Mobile Robot Control,crossref,robot abstraction learning,10.1007/978-3-540-70799-8_1,https://doi.org/10.1007/978-3-540-70799-8_1,Patricia Mellodge; Pushkin Kachroo,,other,0,0,0,0,not explicit,not explicit,not explicit
doi:10.1109/lra.2024.3432352/mm1,Learning Multimodal Confidence for Intention Recognition in Human-Robot Interaction_supp1-3432352.mp4,,,crossref,multimodal robot world model,10.1109/lra.2024.3432352/mm1,https://doi.org/10.1109/lra.2024.3432352/mm1,Huijun Li,,other,0,0,0,0,not explicit,not explicit,not explicit
doi:10.1109/tmech.2025.3584186/mm3,Magnetically Driven Soft Robot With Bistable Actuators for Multimodal Locomotion_supp1-3584186.mp4,,,crossref,multimodal robot world model,10.1109/tmech.2025.3584186/mm3,https://doi.org/10.1109/tmech.2025.3584186/mm3,Benliang Zhu,,other,0,0,0,0,not explicit,not explicit,not explicit
doi:10.1109/tmech.2025.3584186/mm1,Magnetically Driven Soft Robot With Bistable Actuators for Multimodal Locomotion_supp2-3584186.mp4,,,crossref,multimodal robot world model,10.1109/tmech.2025.3584186/mm1,https://doi.org/10.1109/tmech.2025.3584186/mm1,Benliang Zhu,,other,0,0,0,0,not explicit,not explicit,not explicit
doi:10.1109/tmech.2025.3584186/mm2,Magnetically Driven Soft Robot With Bistable Actuators for Multimodal Locomotion_supp3-3584186.mp4,,,crossref,multimodal robot world model,10.1109/tmech.2025.3584186/mm2,https://doi.org/10.1109/tmech.2025.3584186/mm2,Benliang Zhu,,other,0,0,0,0,not explicit,not explicit,not explicit
doi:10.1007/978-3-540-70799-8_2,Mathematical Preliminaries,,Lecture Notes in Control and Information Sciences Model Abstraction in Dynamical Systems: Application to Mobile Robot Control,crossref,sim-to-real robot control abstraction,10.1007/978-3-540-70799-8_2,https://doi.org/10.1007/978-3-540-70799-8_2,Patricia Mellodge; Pushkin Kachroo,,other,0,0,0,0,not explicit,not explicit,not explicit
doi:10.1109/tase.2023.3345876/mm1,Max: A Wheeled-Legged Quadruped Robot for Multimodal Agile Locomotion_supp1-3345876.mp4,,,crossref,multimodal robot world model,10.1109/tase.2023.3345876/mm1,https://doi.org/10.1109/tase.2023.3345876/mm1,Yu Zheng,,other,0,0,0,0,not explicit,not explicit,not explicit
doi:10.2307/j.ctt200610s.7,Metaphor and Related Means of Reasoning,,Music and Embodied Cognition,crossref,embodied intelligence physical reasoning robot,10.2307/j.ctt200610s.7,https://doi.org/10.2307/j.ctt200610s.7,,,other,0,0,0,0,not explicit,not explicit,not explicit
doi:10.1007/978-3-540-72690-6_4,Mobile Robot Operation with Multi-Hierarchies,,Studies in Computational Intelligence Multiple Abstraction Hierachies for Mobile Robot Operation in Large Environments,crossref,robot abstraction learning,10.1007/978-3-540-72690-6_4,https://doi.org/10.1007/978-3-540-72690-6_4,,,other,0,0,0,0,not explicit,not explicit,not explicit
doi:10.1007/springerreference_302645,Multi-robot Concurrent Learning,,SpringerReference,crossref,robot abstraction learning,10.1007/springerreference_302645,https://doi.org/10.1007/springerreference_302645,,,other,0,0,0,0,not explicit,not explicit,not explicit
doi:10.47749/t/unicamp.2019.1157277,Multimodal social scenario perception model for initial human-robot interaction,,,crossref,multimodal robot world model,10.47749/t/unicamp.2019.1157277,https://doi.org/10.47749/t/unicamp.2019.1157277,Diego Cardoso Alves,,other,0,0,0,0,not explicit,not explicit,not explicit
doi:10.1021/acs.nanolett.4c00047.s004,Optomagnetic Coordination Helical Robot with Shape Transformation and Multimodal Motion Capabilities,,,crossref,multimodal robot world model,10.1021/acs.nanolett.4c00047.s004,https://doi.org/10.1021/acs.nanolett.4c00047.s004,,,other,0,0,0,0,not explicit,not explicit,not explicit
doi:10.1021/acs.nanolett.4c00047.s005,Optomagnetic Coordination Helical Robot with Shape Transformation and Multimodal Motion Capabilities,,,crossref,multimodal robot world model,10.1021/acs.nanolett.4c00047.s005,https://doi.org/10.1021/acs.nanolett.4c00047.s005,,,other,0,0,0,0,not explicit,not explicit,not explicit
doi:10.1021/acs.nanolett.4c00047.s007,Optomagnetic Coordination Helical Robot with Shape Transformation and Multimodal Motion Capabilities,,,crossref,multimodal robot world model,10.1021/acs.nanolett.4c00047.s007,https://doi.org/10.1021/acs.nanolett.4c00047.s007,,,other,0,0,0,0,not explicit,not explicit,not explicit
doi:10.1021/acs.nanolett.4c00047.s003,Optomagnetic Coordination Helical Robot with Shape Transformation and Multimodal Motion Capabilities,,,crossref,multimodal robot world model,10.1021/acs.nanolett.4c00047.s003,https://doi.org/10.1021/acs.nanolett.4c00047.s003,,,other,0,0,0,0,not explicit,not explicit,not explicit
doi:10.1021/acs.nanolett.4c00047.s002,Optomagnetic Coordination Helical Robot with Shape Transformation and Multimodal Motion Capabilities,,,crossref,multimodal robot world model,10.1021/acs.nanolett.4c00047.s002,https://doi.org/10.1021/acs.nanolett.4c00047.s002,,,other,0,0,0,0,not explicit,not explicit,not explicit
doi:10.1021/acs.nanolett.4c00047.s001,Optomagnetic Coordination Helical Robot with Shape Transformation and Multimodal Motion Capabilities,,,crossref,multimodal robot world model,10.1021/acs.nanolett.4c00047.s001,https://doi.org/10.1021/acs.nanolett.4c00047.s001,,,other,0,0,0,0,not explicit,not explicit,not explicit
doi:10.1021/acs.nanolett.4c00047.s006,Optomagnetic Coordination Helical Robot with Shape Transformation and Multimodal Motion Capabilities,,,crossref,multimodal robot world model,10.1021/acs.nanolett.4c00047.s006,https://doi.org/10.1021/acs.nanolett.4c00047.s006,,,other,0,0,0,0,not explicit,not explicit,not explicit
doi:10.1109/robot.1984.1087194,REPLICA--A reconfigurable partitionable highly parallel computer architecture for active multi-sensory perception of 3-dimensional objects,,Proceedings. 1984 IEEE International Conference on Robotics and Automation,crossref,active perception robotics world model,10.1109/robot.1984.1087194,https://doi.org/10.1109/robot.1984.1087194,Y.-W. Ma; R. Krishnamurti,,other,0,0,0,0,not explicit,not explicit,not explicit
doi:10.2307/j.ctt9qgtvm.9,Research on care:,,Cash and care,crossref,latent state robot policy planning,10.2307/j.ctt9qgtvm.9,https://doi.org/10.2307/j.ctt9qgtvm.9,Kari Wrness,,other,0,0,0,0,not explicit,not explicit,not explicit
doi:10.1007/springerreference_179444,Robot Learning,,SpringerReference,crossref,robot abstraction learning,10.1007/springerreference_179444,https://doi.org/10.1007/springerreference_179444,,,other,0,0,0,0,not explicit,not explicit,not explicit
doi:10.1007/springerreference_302195,Robot Learning,,SpringerReference,crossref,robot abstraction learning,10.1007/springerreference_302195,https://doi.org/10.1007/springerreference_302195,,,other,0,0,0,0,not explicit,not explicit,not explicit
doi:10.1007/springerreference_302487,Robot Learning from Demonstration,,SpringerReference,crossref,robot abstraction learning,10.1007/springerreference_302487,https://doi.org/10.1007/springerreference_302487,,,other,0,0,0,0,not explicit,not explicit,not explicit
doi:10.1007/springerreference_226175,Robot Learning from Feedback,,SpringerReference,crossref,robot abstraction learning,10.1007/springerreference_226175,https://doi.org/10.1007/springerreference_226175,,,other,0,0,0,0,not explicit,not explicit,not explicit
doi:10.1109/lra.2024.3490402/mm1,S3E: A Multi-Robot Multimodal Dataset for Collaborative SLAM_supp1-3490402.mp4,,,crossref,multimodal robot world model,10.1109/lra.2024.3490402/mm1,https://doi.org/10.1109/lra.2024.3490402/mm1,Yuhua Qi,,other,0,0,0,0,not explicit,not explicit,not explicit
doi:10.1109/roman.1996.568647,Task world reality for human and robot system. A multimodal teaching advisor and its implementation,,Proceedings 5th IEEE International Workshop on Robot and Human Communication. RO-MAN'96 TSUKUBA,crossref,multimodal robot world model,10.1109/roman.1996.568647,https://doi.org/10.1109/roman.1996.568647,Y. Yanagihara; T. Kakizaki; K. Arakawa; A. Umeno,,other,0,0,0,0,not explicit,not explicit,not explicit
doi:10.1109/lra.2024.3360013/mm1,Transferability in the automatic off-line design of robot swarms: from sim-to-real to embodiment and design-method transfer across different platforms_supp1-3360013.mp4,,,crossref,sim-to-real robot control abstraction,10.1109/lra.2024.3360013/mm1,https://doi.org/10.1109/lra.2024.3360013/mm1,Mauro Birattari,,other,0,0,0,0,domain shift,not explicit,distribution shift
doi:10.1109/lra.2025.3575648/mm1,VR-Robo: A Real-to-Sim-to-Real Framework for Visual Robot Navigation and Locomotion_supp1-3575648.mp4,,,crossref,sim-to-real robot control abstraction,10.1109/lra.2025.3575648/mm1,https://doi.org/10.1109/lra.2025.3575648/mm1,Shaoting Zhu,,other,0,0,0,0,domain shift,not explicit,distribution shift
